id,class
00000.png,16
00001.png,1
00002.png,38
00003.png,38
00004.png,11
00005.png,38
00006.png,18
00007.png,32
00008.png,25
00009.png,35
00010.png,21
00011.png,4
00012.png,31
00013.png,3
00014.png,2
00015.png,9
00016.png,31
00017.png,31
00018.png,24
00019.png,38
00020.png,0
00021.png,34
00022.png,16
00023.png,0
00024.png,2
00025.png,24
00026.png,13
00027.png,9
00028.png,9
00029.png,25
00030.png,1
00031.png,17
00032.png,34
00033.png,31
00034.png,2
00035.png,17
00036.png,1
00037.png,12
00038.png,16
00039.png,0
00040.png,0
00041.png,21
00042.png,18
00043.png,32
00044.png,24
00045.png,24
00046.png,0
00047.png,9
00048.png,31
00049.png,16
00050.png,28
00051.png,13
00052.png,15
00053.png,9
00054.png,13
00055.png,35
00056.png,0
00057.png,27
00058.png,9
00059.png,16
00060.png,37
00061.png,16
00062.png,0
00063.png,32
00064.png,15
00065.png,9
00066.png,28
00067.png,1
00068.png,2
00069.png,21
00070.png,11
00071.png,27
00072.png,24
00073.png,34
00074.png,1
00075.png,12
00076.png,2
00077.png,16
00078.png,26
00079.png,27
00080.png,21
00081.png,32
00082.png,27
00083.png,3
00084.png,16
00085.png,35
00086.png,1
00087.png,5
00088.png,22
00089.png,13
00090.png,0
00091.png,0
00092.png,0
00093.png,14
00094.png,12
00095.png,32
00096.png,1
00097.png,37
00098.png,16
00099.png,34
00100.png,1
00101.png,9
00102.png,0
00103.png,21
00104.png,34
00105.png,0
00106.png,30
00107.png,21
00108.png,36
00109.png,0
00110.png,0
00111.png,14
00112.png,16
00113.png,9
00114.png,31
00115.png,1
00116.png,24
00117.png,12
00118.png,0
00119.png,14
00120.png,13
00121.png,0
00122.png,2
00123.png,0
00124.png,0
00125.png,0
00126.png,16
00127.png,21
00128.png,1
00129.png,32
00130.png,36
00131.png,16
00132.png,1
00133.png,13
00134.png,11
00135.png,9
00136.png,18
00137.png,3
00138.png,0
00139.png,36
00140.png,42
00141.png,1
00142.png,1
00143.png,18
00144.png,17
00145.png,21
00146.png,1
00147.png,42
00148.png,25
00149.png,21
00150.png,3
00151.png,24
00152.png,21
00153.png,27
00154.png,17
00155.png,1
00156.png,32
00157.png,0
00158.png,1
00159.png,27
00160.png,13
00161.png,16
00162.png,0
00163.png,21
00164.png,18
00165.png,9
00166.png,13
00167.png,14
00168.png,18
00169.png,17
00170.png,13
00171.png,32
00172.png,27
00173.png,25
00174.png,33
00175.png,1
00176.png,16
00177.png,34
00178.png,13
00179.png,0
00180.png,4
00181.png,0
00182.png,34
00183.png,27
00184.png,31
00185.png,27
00186.png,31
00187.png,2
00188.png,16
00189.png,0
00190.png,20
00191.png,18
00192.png,12
00193.png,34
00194.png,31
00195.png,2
00196.png,3
00197.png,2
00198.png,27
00199.png,24
00200.png,17
00201.png,9
00202.png,0
00203.png,1
00204.png,17
00205.png,16
00206.png,1
00207.png,31
00208.png,13
00209.png,15
00210.png,15
00211.png,37
00212.png,24
00213.png,2
00214.png,21
00215.png,13
00216.png,0
00217.png,2
00218.png,0
00219.png,16
00220.png,0
00221.png,0
00222.png,2
00223.png,1
00224.png,14
00225.png,12
00226.png,12
00227.png,1
00228.png,16
00229.png,37
00230.png,25
00231.png,13
00232.png,40
00233.png,18
00234.png,33
00235.png,20
00236.png,12
00237.png,29
00238.png,0
00239.png,18
00240.png,12
00241.png,13
00242.png,31
00243.png,0
00244.png,32
00245.png,1
00246.png,0
00247.png,0
00248.png,32
00249.png,34
00250.png,31
00251.png,14
00252.png,0
00253.png,34
00254.png,34
00255.png,21
00256.png,35
00257.png,13
00258.png,25
00259.png,15
00260.png,35
00261.png,14
00262.png,18
00263.png,28
00264.png,0
00265.png,32
00266.png,1
00267.png,25
00268.png,0
00269.png,18
00270.png,24
00271.png,18
00272.png,34
00273.png,16
00274.png,25
00275.png,18
00276.png,34
00277.png,39
00278.png,31
00279.png,0
00280.png,3
00281.png,37
00282.png,31
00283.png,24
00284.png,1
00285.png,0
00286.png,34
00287.png,29
00288.png,17
00289.png,13
00290.png,1
00291.png,31
00292.png,13
00293.png,35
00294.png,0
00295.png,1
00296.png,36
00297.png,28
00298.png,35
00299.png,27
00300.png,12
00301.png,0
00302.png,0
00303.png,14
00304.png,2
00305.png,16
00306.png,32
00307.png,1
00308.png,5
00309.png,21
00310.png,21
00311.png,22
00312.png,37
00313.png,37
00314.png,0
00315.png,6
00316.png,0
00317.png,1
00318.png,17
00319.png,1
00320.png,16
00321.png,0
00322.png,0
00323.png,20
00324.png,31
00325.png,35
00326.png,0
00327.png,37
00328.png,16
00329.png,2
00330.png,0
00331.png,27
00332.png,32
00333.png,25
00334.png,0
00335.png,6
00336.png,1
00337.png,34
00338.png,3
00339.png,26
00340.png,0
00341.png,18
00342.png,0
00343.png,1
00344.png,38
00345.png,38
00346.png,18
00347.png,5
00348.png,13
00349.png,24
00350.png,17
00351.png,0
00352.png,16
00353.png,14
00354.png,12
00355.png,3
00356.png,35
00357.png,0
00358.png,39
00359.png,16
00360.png,9
00361.png,37
00362.png,13
00363.png,32
00364.png,1
00365.png,11
00366.png,8
00367.png,37
00368.png,20
00369.png,13
00370.png,1
00371.png,18
00372.png,0
00373.png,2
00374.png,21
00375.png,0
00376.png,41
00377.png,13
00378.png,0
00379.png,18
00380.png,21
00381.png,13
00382.png,38
00383.png,0
00384.png,37
00385.png,25
00386.png,34
00387.png,32
00388.png,17
00389.png,0
00390.png,4
00391.png,37
00392.png,27
00393.png,0
00394.png,16
00395.png,0
00396.png,1
00397.png,38
00398.png,16
00399.png,12
00400.png,34
00401.png,36
00402.png,9
00403.png,0
00404.png,38
00405.png,34
00406.png,5
00407.png,27
00408.png,2
00409.png,2
00410.png,25
00411.png,14
00412.png,1
00413.png,26
00414.png,30
00415.png,16
00416.png,16
00417.png,14
00418.png,32
00419.png,1
00420.png,1
00421.png,16
00422.png,19
00423.png,3
00424.png,16
00425.png,13
00426.png,13
00427.png,31
00428.png,37
00429.png,34
00430.png,27
00431.png,13
00432.png,34
00433.png,34
00434.png,32
00435.png,0
00436.png,16
00437.png,0
00438.png,16
00439.png,1
00440.png,22
00441.png,17
00442.png,4
00443.png,28
00444.png,25
00445.png,1
00446.png,25
00447.png,38
00448.png,34
00449.png,16
00450.png,0
00451.png,9
00452.png,2
00453.png,40
00454.png,1
00455.png,34
00456.png,14
00457.png,0
00458.png,39
00459.png,32
00460.png,35
00461.png,24
00462.png,25
00463.png,17
00464.png,1
00465.png,38
00466.png,16
00467.png,13
00468.png,14
00469.png,4
00470.png,0
00471.png,35
00472.png,0
00473.png,1
00474.png,35
00475.png,18
00476.png,35
00477.png,34
00478.png,24
00479.png,13
00480.png,36
00481.png,0
00482.png,35
00483.png,32
00484.png,0
00485.png,16
00486.png,32
00487.png,31
00488.png,9
00489.png,14
00490.png,17
00491.png,26
00492.png,32
00493.png,1
00494.png,32
00495.png,0
00496.png,21
00497.png,0
00498.png,31
00499.png,42
00500.png,22
00501.png,28
00502.png,9
00503.png,0
00504.png,21
00505.png,0
00506.png,32
00507.png,32
00508.png,1
00509.png,0
00510.png,1
00511.png,2
00512.png,27
00513.png,31
00514.png,38
00515.png,34
00516.png,1
00517.png,0
00518.png,1
00519.png,0
00520.png,18
00521.png,27
00522.png,31
00523.png,14
00524.png,31
00525.png,13
00526.png,1
00527.png,2
00528.png,31
00529.png,0
00530.png,13
00531.png,15
00532.png,31
00533.png,1
00534.png,32
00535.png,21
00536.png,36
00537.png,32
00538.png,3
00539.png,35
00540.png,3
00541.png,32
00542.png,1
00543.png,12
00544.png,0
00545.png,0
00546.png,2
00547.png,1
00548.png,12
00549.png,12
00550.png,23
00551.png,1
00552.png,9
00553.png,13
00554.png,37
00555.png,0
00556.png,13
00557.png,0
00558.png,13
00559.png,18
00560.png,17
00561.png,1
00562.png,9
00563.png,18
00564.png,12
00565.png,28
00566.png,5
00567.png,15
00568.png,0
00569.png,21
00570.png,32
00571.png,2
00572.png,42
00573.png,4
00574.png,13
00575.png,37
00576.png,2
00577.png,2
00578.png,20
00579.png,0
00580.png,17
00581.png,1
00582.png,1
00583.png,2
00584.png,35
00585.png,16
00586.png,0
00587.png,31
00588.png,1
00589.png,1
00590.png,35
00591.png,13
00592.png,16
00593.png,17
00594.png,25
00595.png,1
00596.png,1
00597.png,30
00598.png,0
00599.png,24
00600.png,14
00601.png,18
00602.png,0
00603.png,32
00604.png,1
00605.png,9
00606.png,3
00607.png,34
00608.png,28
00609.png,16
00610.png,24
00611.png,42
00612.png,1
00613.png,23
00614.png,11
00615.png,16
00616.png,25
00617.png,1
00618.png,9
00619.png,39
00620.png,21
00621.png,14
00622.png,0
00623.png,12
00624.png,3
00625.png,13
00626.png,24
00627.png,0
00628.png,0
00629.png,17
00630.png,1
00631.png,35
00632.png,27
00633.png,0
00634.png,0
00635.png,8
00636.png,16
00637.png,26
00638.png,17
00639.png,16
00640.png,0
00641.png,5
00642.png,17
00643.png,11
00644.png,0
00645.png,13
00646.png,12
00647.png,1
00648.png,0
00649.png,1
00650.png,32
00651.png,17
00652.png,13
00653.png,4
00654.png,12
00655.png,21
00656.png,18
00657.png,13
00658.png,13
00659.png,0
00660.png,37
00661.png,42
00662.png,1
00663.png,0
00664.png,13
00665.png,9
00666.png,14
00667.png,13
00668.png,21
00669.png,0
00670.png,15
00671.png,9
00672.png,37
00673.png,35
00674.png,26
00675.png,0
00676.png,31
00677.png,18
00678.png,26
00679.png,1
00680.png,13
00681.png,14
00682.png,37
00683.png,32
00684.png,35
00685.png,35
00686.png,14
00687.png,27
00688.png,17
00689.png,34
00690.png,1
00691.png,0
00692.png,1
00693.png,13
00694.png,29
00695.png,0
00696.png,0
00697.png,1
00698.png,1
00699.png,0
00700.png,1
00701.png,0
00702.png,39
00703.png,12
00704.png,4
00705.png,16
00706.png,12
00707.png,12
00708.png,18
00709.png,16
00710.png,0
00711.png,36
00712.png,25
00713.png,39
00714.png,0
00715.png,6
00716.png,1
00717.png,34
00718.png,1
00719.png,1
00720.png,16
00721.png,13
00722.png,5
00723.png,31
00724.png,32
00725.png,13
00726.png,14
00727.png,11
00728.png,26
00729.png,35
00730.png,25
00731.png,1
00732.png,14
00733.png,1
00734.png,16
00735.png,34
00736.png,39
00737.png,34
00738.png,0
00739.png,0
00740.png,0
00741.png,0
00742.png,35
00743.png,17
00744.png,0
00745.png,32
00746.png,2
00747.png,0
00748.png,0
00749.png,28
00750.png,0
00751.png,24
00752.png,9
00753.png,28
00754.png,22
00755.png,32
00756.png,0
00757.png,32
00758.png,2
00759.png,23
00760.png,1
00761.png,13
00762.png,0
00763.png,1
00764.png,21
00765.png,0
00766.png,1
00767.png,2
00768.png,0
00769.png,32
00770.png,9
00771.png,4
00772.png,13
00773.png,21
00774.png,1
00775.png,0
00776.png,15
00777.png,15
00778.png,0
00779.png,33
00780.png,2
00781.png,32
00782.png,12
00783.png,32
00784.png,8
00785.png,9
00786.png,0
00787.png,1
00788.png,2
00789.png,32
00790.png,0
00791.png,2
00792.png,0
00793.png,0
00794.png,0
00795.png,16
00796.png,15
00797.png,15
00798.png,0
00799.png,15
00800.png,38
00801.png,25
00802.png,1
00803.png,1
00804.png,32
00805.png,0
00806.png,31
00807.png,0
00808.png,17
00809.png,0
00810.png,27
00811.png,31
00812.png,4
00813.png,13
00814.png,17
00815.png,1
00816.png,26
00817.png,16
00818.png,1
00819.png,0
00820.png,14
00821.png,14
00822.png,1
00823.png,0
00824.png,25
00825.png,0
00826.png,15
00827.png,0
00828.png,32
00829.png,25
00830.png,37
00831.png,4
00832.png,1
00833.png,18
00834.png,21
00835.png,11
00836.png,9
00837.png,16
00838.png,15
00839.png,11
00840.png,12
00841.png,0
00842.png,13
00843.png,13
00844.png,24
00845.png,0
00846.png,1
00847.png,38
00848.png,12
00849.png,21
00850.png,1
00851.png,2
00852.png,1
00853.png,29
00854.png,18
00855.png,0
00856.png,1
00857.png,24
00858.png,0
00859.png,28
00860.png,32
00861.png,6
00862.png,0
00863.png,0
00864.png,1
00865.png,34
00866.png,1
00867.png,16
00868.png,25
00869.png,16
00870.png,41
00871.png,32
00872.png,16
00873.png,24
00874.png,0
00875.png,0
00876.png,2
00877.png,1
00878.png,2
00879.png,31
00880.png,1
00881.png,1
00882.png,28
00883.png,28
00884.png,35
00885.png,24
00886.png,35
00887.png,1
00888.png,12
00889.png,1
00890.png,13
00891.png,20
00892.png,33
00893.png,17
00894.png,37
00895.png,1
00896.png,15
00897.png,31
00898.png,40
00899.png,21
00900.png,11
00901.png,24
00902.png,38
00903.png,0
00904.png,25
00905.png,4
00906.png,13
00907.png,21
00908.png,37
00909.png,34
00910.png,2
00911.png,13
00912.png,23
00913.png,13
00914.png,18
00915.png,13
00916.png,13
00917.png,38
00918.png,20
00919.png,16
00920.png,12
00921.png,27
00922.png,0
00923.png,0
00924.png,21
00925.png,0
00926.png,9
00927.png,0
00928.png,0
00929.png,17
00930.png,38
00931.png,0
00932.png,1
00933.png,37
00934.png,2
00935.png,25
00936.png,31
00937.png,0
00938.png,32
00939.png,32
00940.png,35
00941.png,23
00942.png,37
00943.png,0
00944.png,38
00945.png,16
00946.png,13
00947.png,1
00948.png,34
00949.png,22
00950.png,26
00951.png,31
00952.png,15
00953.png,13
00954.png,31
00955.png,1
00956.png,32
00957.png,36
00958.png,32
00959.png,31
00960.png,27
00961.png,15
00962.png,12
00963.png,14
00964.png,16
00965.png,1
00966.png,32
00967.png,0
00968.png,8
00969.png,13
00970.png,32
00971.png,0
00972.png,13
00973.png,4
00974.png,16
00975.png,16
00976.png,23
00977.png,16
00978.png,39
00979.png,0
00980.png,13
00981.png,0
00982.png,0
00983.png,1
00984.png,31
00985.png,0
00986.png,0
00987.png,31
00988.png,0
00989.png,39
00990.png,0
00991.png,28
00992.png,32
00993.png,38
00994.png,35
00995.png,2
00996.png,31
00997.png,38
00998.png,9
00999.png,16
01000.png,17
01001.png,2
01002.png,12
01003.png,12
01004.png,9
01005.png,16
01006.png,39
01007.png,1
01008.png,18
01009.png,12
01010.png,0
01011.png,20
01012.png,1
01013.png,9
01014.png,12
01015.png,35
01016.png,16
01017.png,0
01018.png,37
01019.png,0
01020.png,14
01021.png,1
01022.png,28
01023.png,35
01024.png,34
01025.png,21
01026.png,18
01027.png,1
01028.png,12
01029.png,1
01030.png,18
01031.png,0
01032.png,11
01033.png,41
01034.png,3
01035.png,0
01036.png,5
01037.png,0
01038.png,37
01039.png,20
01040.png,32
01041.png,16
01042.png,12
01043.png,3
01044.png,32
01045.png,25
01046.png,1
01047.png,11
01048.png,17
01049.png,35
01050.png,0
01051.png,18
01052.png,0
01053.png,34
01054.png,40
01055.png,25
01056.png,27
01057.png,33
01058.png,15
01059.png,13
01060.png,0
01061.png,32
01062.png,13
01063.png,13
01064.png,20
01065.png,32
01066.png,31
01067.png,32
01068.png,4
01069.png,42
01070.png,0
01071.png,0
01072.png,0
01073.png,32
01074.png,14
01075.png,32
01076.png,0
01077.png,5
01078.png,18
01079.png,19
01080.png,0
01081.png,1
01082.png,13
01083.png,16
01084.png,0
01085.png,0
01086.png,31
01087.png,0
01088.png,2
01089.png,4
01090.png,16
01091.png,34
01092.png,0
01093.png,18
01094.png,31
01095.png,37
01096.png,31
01097.png,9
01098.png,31
01099.png,0
01100.png,36
01101.png,31
01102.png,2
01103.png,11
01104.png,31
01105.png,2
01106.png,1
01107.png,3
01108.png,32
01109.png,32
01110.png,35
01111.png,0
01112.png,21
01113.png,16
01114.png,12
01115.png,33
01116.png,16
01117.png,38
01118.png,1
01119.png,32
01120.png,31
01121.png,42
01122.png,32
01123.png,40
01124.png,13
01125.png,4
01126.png,12
01127.png,9
01128.png,13
01129.png,1
01130.png,13
01131.png,1
01132.png,34
01133.png,0
01134.png,1
01135.png,1
01136.png,14
01137.png,18
01138.png,32
01139.png,35
01140.png,16
01141.png,36
01142.png,1
01143.png,15
01144.png,12
01145.png,14
01146.png,9
01147.png,0
01148.png,2
01149.png,31
01150.png,32
01151.png,0
01152.png,25
01153.png,0
01154.png,0
01155.png,33
01156.png,0
01157.png,32
01158.png,9
01159.png,1
01160.png,32
01161.png,0
01162.png,13
01163.png,17
01164.png,0
01165.png,4
01166.png,26
01167.png,38
01168.png,0
01169.png,31
01170.png,26
01171.png,42
01172.png,34
01173.png,34
01174.png,34
01175.png,39
01176.png,1
01177.png,18
01178.png,1
01179.png,16
01180.png,31
01181.png,17
01182.png,31
01183.png,24
01184.png,35
01185.png,12
01186.png,22
01187.png,1
01188.png,0
01189.png,32
01190.png,16
01191.png,0
01192.png,0
01193.png,9
01194.png,16
01195.png,0
01196.png,14
01197.png,9
01198.png,0
01199.png,14
01200.png,0
01201.png,16
01202.png,25
01203.png,0
01204.png,27
01205.png,29
01206.png,34
01207.png,16
01208.png,30
01209.png,28
01210.png,31
01211.png,12
01212.png,32
01213.png,12
01214.png,29
01215.png,32
01216.png,13
01217.png,9
01218.png,9
01219.png,27
01220.png,13
01221.png,17
01222.png,29
01223.png,14
01224.png,17
01225.png,26
01226.png,1
01227.png,13
01228.png,20
01229.png,16
01230.png,0
01231.png,2
01232.png,1
01233.png,0
01234.png,1
01235.png,34
01236.png,31
01237.png,4
01238.png,16
01239.png,14
01240.png,12
01241.png,31
01242.png,37
01243.png,35
01244.png,12
01245.png,18
01246.png,27
01247.png,0
01248.png,1
01249.png,12
01250.png,16
01251.png,1
01252.png,0
01253.png,17
01254.png,37
01255.png,12
01256.png,31
01257.png,27
01258.png,32
01259.png,0
01260.png,1
01261.png,16
01262.png,16
01263.png,1
01264.png,16
01265.png,38
01266.png,16
01267.png,18
01268.png,1
01269.png,14
01270.png,0
01271.png,32
01272.png,0
01273.png,0
01274.png,32
01275.png,0
01276.png,27
01277.png,14
01278.png,2
01279.png,0
01280.png,0
01281.png,0
01282.png,14
01283.png,36
01284.png,26
01285.png,13
01286.png,11
01287.png,9
01288.png,1
01289.png,34
01290.png,0
01291.png,2
01292.png,14
01293.png,1
01294.png,0
01295.png,17
01296.png,27
01297.png,33
01298.png,21
01299.png,4
01300.png,34
01301.png,18
01302.png,14
01303.png,0
01304.png,34
01305.png,16
01306.png,1
01307.png,31
01308.png,23
01309.png,32
01310.png,0
01311.png,16
01312.png,0
01313.png,0
01314.png,34
01315.png,32
01316.png,1
01317.png,24
01318.png,13
01319.png,35
01320.png,37
01321.png,0
01322.png,15
01323.png,2
01324.png,14
01325.png,26
01326.png,32
01327.png,26
01328.png,13
01329.png,17
01330.png,16
01331.png,0
01332.png,0
01333.png,16
01334.png,0
01335.png,2
01336.png,34
01337.png,1
01338.png,32
01339.png,31
01340.png,13
01341.png,9
01342.png,13
01343.png,12
01344.png,38
01345.png,1
01346.png,35
01347.png,40
01348.png,8
01349.png,2
01350.png,2
01351.png,12
01352.png,27
01353.png,4
01354.png,2
01355.png,12
01356.png,24
01357.png,12
01358.png,2
01359.png,2
01360.png,26
01361.png,1
01362.png,16
01363.png,28
01364.png,0
01365.png,0
01366.png,12
01367.png,0
01368.png,3
01369.png,0
01370.png,36
01371.png,21
01372.png,2
01373.png,42
01374.png,16
01375.png,18
01376.png,0
01377.png,3
01378.png,34
01379.png,31
01380.png,9
01381.png,16
01382.png,13
01383.png,38
01384.png,3
01385.png,0
01386.png,4
01387.png,13
01388.png,12
01389.png,18
01390.png,3
01391.png,37
01392.png,27
01393.png,3
01394.png,1
01395.png,32
01396.png,13
01397.png,35
01398.png,9
01399.png,12
01400.png,36
01401.png,13
01402.png,29
01403.png,0
01404.png,34
01405.png,16
01406.png,13
01407.png,17
01408.png,12
01409.png,1
01410.png,15
01411.png,5
01412.png,18
01413.png,34
01414.png,38
01415.png,12
01416.png,0
01417.png,1
01418.png,0
01419.png,12
01420.png,26
01421.png,16
01422.png,32
01423.png,14
01424.png,12
01425.png,14
01426.png,0
01427.png,1
01428.png,17
01429.png,5
01430.png,13
01431.png,25
01432.png,17
01433.png,0
01434.png,31
01435.png,18
01436.png,25
01437.png,38
01438.png,9
01439.png,16
01440.png,0
01441.png,25
01442.png,18
01443.png,0
01444.png,11
01445.png,31
01446.png,12
01447.png,1
01448.png,0
01449.png,32
01450.png,35
01451.png,27
01452.png,3
01453.png,0
01454.png,2
01455.png,18
01456.png,37
01457.png,3
01458.png,38
01459.png,13
01460.png,10
01461.png,1
01462.png,41
01463.png,34
01464.png,31
01465.png,27
01466.png,1
01467.png,0
01468.png,8
01469.png,31
01470.png,15
01471.png,0
01472.png,0
01473.png,16
01474.png,13
01475.png,28
01476.png,0
01477.png,35
01478.png,4
01479.png,31
01480.png,25
01481.png,13
01482.png,0
01483.png,2
01484.png,0
01485.png,32
01486.png,0
01487.png,32
01488.png,12
01489.png,32
01490.png,12
01491.png,0
01492.png,4
01493.png,1
01494.png,1
01495.png,34
01496.png,37
01497.png,1
01498.png,0
01499.png,16
01500.png,2
01501.png,5
01502.png,16
01503.png,16
01504.png,0
01505.png,13
01506.png,2
01507.png,1
01508.png,12
01509.png,17
01510.png,0
01511.png,16
01512.png,24
01513.png,13
01514.png,21
01515.png,0
01516.png,0
01517.png,32
01518.png,16
01519.png,0
01520.png,0
01521.png,0
01522.png,17
01523.png,13
01524.png,30
01525.png,18
01526.png,15
01527.png,0
01528.png,12
01529.png,38
01530.png,13
01531.png,1
01532.png,11
01533.png,14
01534.png,16
01535.png,1
01536.png,32
01537.png,39
01538.png,16
01539.png,25
01540.png,10
01541.png,27
01542.png,1
01543.png,9
01544.png,31
01545.png,38
01546.png,0
01547.png,1
01548.png,27
01549.png,25
01550.png,13
01551.png,9
01552.png,0
01553.png,0
01554.png,38
01555.png,2
01556.png,0
01557.png,24
01558.png,1
01559.png,31
01560.png,32
01561.png,0
01562.png,38
01563.png,34
01564.png,22
01565.png,1
01566.png,25
01567.png,10
01568.png,2
01569.png,2
01570.png,17
01571.png,2
01572.png,11
01573.png,1
01574.png,16
01575.png,38
01576.png,38
01577.png,28
01578.png,1
01579.png,31
01580.png,32
01581.png,13
01582.png,21
01583.png,19
01584.png,2
01585.png,32
01586.png,17
01587.png,37
01588.png,14
01589.png,13
01590.png,16
01591.png,38
01592.png,17
01593.png,16
01594.png,11
01595.png,0
01596.png,15
01597.png,26
01598.png,1
01599.png,0
01600.png,37
01601.png,16
01602.png,2
01603.png,27
01604.png,16
01605.png,0
01606.png,18
01607.png,1
01608.png,1
01609.png,13
01610.png,16
01611.png,23
01612.png,32
01613.png,16
01614.png,32
01615.png,1
01616.png,16
01617.png,32
01618.png,32
01619.png,0
01620.png,4
01621.png,4
01622.png,38
01623.png,12
01624.png,4
01625.png,27
01626.png,34
01627.png,38
01628.png,23
01629.png,9
01630.png,31
01631.png,16
01632.png,25
01633.png,12
01634.png,31
01635.png,1
01636.png,16
01637.png,0
01638.png,28
01639.png,0
01640.png,15
01641.png,13
01642.png,35
01643.png,21
01644.png,16
01645.png,1
01646.png,34
01647.png,16
01648.png,16
01649.png,1
01650.png,35
01651.png,17
01652.png,13
01653.png,9
01654.png,38
01655.png,13
01656.png,4
01657.png,27
01658.png,12
01659.png,14
01660.png,3
01661.png,18
01662.png,32
01663.png,31
01664.png,0
01665.png,24
01666.png,16
01667.png,32
01668.png,12
01669.png,37
01670.png,17
01671.png,10
01672.png,16
01673.png,1
01674.png,15
01675.png,22
01676.png,0
01677.png,1
01678.png,38
01679.png,13
01680.png,13
01681.png,25
01682.png,14
01683.png,21
01684.png,31
01685.png,39
01686.png,5
01687.png,37
01688.png,1
01689.png,25
01690.png,8
01691.png,34
01692.png,9
01693.png,17
01694.png,9
01695.png,26
01696.png,17
01697.png,21
01698.png,32
01699.png,24
01700.png,32
01701.png,1
01702.png,32
01703.png,25
01704.png,16
01705.png,35
01706.png,18
01707.png,16
01708.png,1
01709.png,18
01710.png,1
01711.png,0
01712.png,1
01713.png,28
01714.png,32
01715.png,16
01716.png,16
01717.png,16
01718.png,21
01719.png,16
01720.png,9
01721.png,13
01722.png,13
01723.png,15
01724.png,12
01725.png,38
01726.png,9
01727.png,34
01728.png,21
01729.png,1
01730.png,0
01731.png,35
01732.png,18
01733.png,1
01734.png,4
01735.png,12
01736.png,3
01737.png,15
01738.png,17
01739.png,16
01740.png,13
01741.png,36
01742.png,27
01743.png,0
01744.png,16
01745.png,0
01746.png,32
01747.png,32
01748.png,0
01749.png,38
01750.png,27
01751.png,31
01752.png,31
01753.png,18
01754.png,34
01755.png,0
01756.png,9
01757.png,8
01758.png,36
01759.png,19
01760.png,11
01761.png,36
01762.png,32
01763.png,42
01764.png,25
01765.png,34
01766.png,14
01767.png,0
01768.png,0
01769.png,18
01770.png,1
01771.png,1
01772.png,39
01773.png,3
01774.png,3
01775.png,12
01776.png,31
01777.png,1
01778.png,35
01779.png,32
01780.png,40
01781.png,32
01782.png,15
01783.png,0
01784.png,37
01785.png,27
01786.png,31
01787.png,1
01788.png,0
01789.png,16
01790.png,0
01791.png,23
01792.png,38
01793.png,16
01794.png,27
01795.png,12
01796.png,14
01797.png,31
01798.png,1
01799.png,9
01800.png,13
01801.png,31
01802.png,24
01803.png,4
01804.png,11
01805.png,21
01806.png,38
01807.png,16
01808.png,9
01809.png,37
01810.png,12
01811.png,1
01812.png,21
01813.png,9
01814.png,36
01815.png,0
01816.png,0
01817.png,27
01818.png,13
01819.png,32
01820.png,5
01821.png,24
01822.png,13
01823.png,35
01824.png,21
01825.png,0
01826.png,14
01827.png,28
01828.png,35
01829.png,38
01830.png,16
01831.png,1
01832.png,2
01833.png,16
01834.png,0
01835.png,1
01836.png,15
01837.png,0
01838.png,17
01839.png,35
01840.png,27
01841.png,36
01842.png,1
01843.png,18
01844.png,1
01845.png,11
01846.png,32
01847.png,32
01848.png,14
01849.png,13
01850.png,35
01851.png,21
01852.png,13
01853.png,0
01854.png,23
01855.png,2
01856.png,24
01857.png,12
01858.png,16
01859.png,40
01860.png,0
01861.png,21
01862.png,1
01863.png,1
01864.png,13
01865.png,31
01866.png,0
01867.png,36
01868.png,24
01869.png,25
01870.png,9
01871.png,38
01872.png,16
01873.png,32
01874.png,14
01875.png,38
01876.png,38
01877.png,0
01878.png,4
01879.png,21
01880.png,1
01881.png,15
01882.png,32
01883.png,2
01884.png,2
01885.png,0
01886.png,18
01887.png,0
01888.png,16
01889.png,32
01890.png,13
01891.png,16
01892.png,0
01893.png,0
01894.png,0
01895.png,17
01896.png,28
01897.png,9
01898.png,19
01899.png,32
01900.png,16
01901.png,9
01902.png,31
01903.png,1
01904.png,34
01905.png,38
01906.png,2
01907.png,29
01908.png,34
01909.png,2
01910.png,31
01911.png,27
01912.png,9
01913.png,38
01914.png,34
01915.png,38
01916.png,26
01917.png,16
01918.png,27
01919.png,35
01920.png,0
01921.png,22
01922.png,1
01923.png,13
01924.png,2
01925.png,11
01926.png,34
01927.png,31
01928.png,25
01929.png,2
01930.png,13
01931.png,0
01932.png,1
01933.png,12
01934.png,0
01935.png,32
01936.png,3
01937.png,31
01938.png,1
01939.png,2
01940.png,1
01941.png,15
01942.png,0
01943.png,20
01944.png,11
01945.png,0
01946.png,25
01947.png,27
01948.png,17
01949.png,9
01950.png,15
01951.png,25
01952.png,2
01953.png,0
01954.png,0
01955.png,0
01956.png,1
01957.png,3
01958.png,1
01959.png,11
01960.png,1
01961.png,31
01962.png,17
01963.png,27
01964.png,34
01965.png,12
01966.png,5
01967.png,0
01968.png,0
01969.png,35
01970.png,16
01971.png,9
01972.png,2
01973.png,1
01974.png,34
01975.png,12
01976.png,21
01977.png,12
01978.png,1
01979.png,1
01980.png,0
01981.png,17
01982.png,0
01983.png,5
01984.png,9
01985.png,28
01986.png,0
01987.png,25
01988.png,1
01989.png,38
01990.png,8
01991.png,0
01992.png,22
01993.png,25
01994.png,28
01995.png,13
01996.png,3
01997.png,12
01998.png,0
01999.png,1
02000.png,34
02001.png,38
02002.png,0
02003.png,20
02004.png,16
02005.png,26
02006.png,17
02007.png,0
02008.png,3
02009.png,35
02010.png,37
02011.png,12
02012.png,38
02013.png,32
02014.png,11
02015.png,32
02016.png,1
02017.png,5
02018.png,0
02019.png,17
02020.png,1
02021.png,27
02022.png,1
02023.png,0
02024.png,1
02025.png,1
02026.png,1
02027.png,38
02028.png,0
02029.png,28
02030.png,9
02031.png,2
02032.png,37
02033.png,13
02034.png,14
02035.png,32
02036.png,26
02037.png,35
02038.png,18
02039.png,12
02040.png,32
02041.png,0
02042.png,4
02043.png,1
02044.png,0
02045.png,0
02046.png,37
02047.png,4
02048.png,2
02049.png,13
02050.png,39
02051.png,2
02052.png,27
02053.png,0
02054.png,18
02055.png,2
02056.png,32
02057.png,38
02058.png,12
02059.png,9
02060.png,14
02061.png,32
02062.png,0
02063.png,2
02064.png,2
02065.png,31
02066.png,11
02067.png,20
02068.png,15
02069.png,18
02070.png,11
02071.png,12
02072.png,21
02073.png,0
02074.png,16
02075.png,18
02076.png,40
02077.png,4
02078.png,32
02079.png,17
02080.png,2
02081.png,9
02082.png,15
02083.png,13
02084.png,1
02085.png,31
02086.png,28
02087.png,31
02088.png,1
02089.png,13
02090.png,31
02091.png,18
02092.png,9
02093.png,11
02094.png,28
02095.png,37
02096.png,27
02097.png,12
02098.png,31
02099.png,1
02100.png,29
02101.png,31
02102.png,3
02103.png,1
02104.png,1
02105.png,32
02106.png,0
02107.png,0
02108.png,37
02109.png,21
02110.png,0
02111.png,17
02112.png,18
02113.png,0
02114.png,0
02115.png,13
02116.png,27
02117.png,16
02118.png,9
02119.png,1
02120.png,40
02121.png,18
02122.png,11
02123.png,13
02124.png,11
02125.png,13
02126.png,16
02127.png,16
02128.png,16
02129.png,13
02130.png,16
02131.png,0
02132.png,0
02133.png,16
02134.png,13
02135.png,37
02136.png,13
02137.png,16
02138.png,37
02139.png,16
02140.png,38
02141.png,17
02142.png,12
02143.png,11
02144.png,0
02145.png,0
02146.png,13
02147.png,31
02148.png,12
02149.png,36
02150.png,11
02151.png,37
02152.png,31
02153.png,16
02154.png,0
02155.png,0
02156.png,1
02157.png,25
02158.png,0
02159.png,34
02160.png,0
02161.png,2
02162.png,16
02163.png,0
02164.png,1
02165.png,1
02166.png,13
02167.png,16
02168.png,13
02169.png,0
02170.png,18
02171.png,1
02172.png,31
02173.png,32
02174.png,9
02175.png,2
02176.png,14
02177.png,14
02178.png,1
02179.png,32
02180.png,1
02181.png,27
02182.png,0
02183.png,17
02184.png,40
02185.png,38
02186.png,14
02187.png,16
02188.png,6
02189.png,5
02190.png,0
02191.png,0
02192.png,0
02193.png,18
02194.png,1
02195.png,13
02196.png,0
02197.png,28
02198.png,12
02199.png,0
02200.png,4
02201.png,38
02202.png,37
02203.png,16
02204.png,33
02205.png,12
02206.png,14
02207.png,38
02208.png,2
02209.png,23
02210.png,1
02211.png,24
02212.png,3
02213.png,1
02214.png,4
02215.png,0
02216.png,21
02217.png,35
02218.png,32
02219.png,21
02220.png,1
02221.png,12
02222.png,5
02223.png,26
02224.png,35
02225.png,17
02226.png,0
02227.png,1
02228.png,27
02229.png,17
02230.png,14
02231.png,0
02232.png,15
02233.png,1
02234.png,1
02235.png,0
02236.png,32
02237.png,14
02238.png,1
02239.png,35
02240.png,0
02241.png,13
02242.png,11
02243.png,16
02244.png,1
02245.png,35
02246.png,1
02247.png,13
02248.png,37
02249.png,32
02250.png,1
02251.png,0
02252.png,24
02253.png,11
02254.png,2
02255.png,12
02256.png,0
02257.png,12
02258.png,32
02259.png,9
02260.png,0
02261.png,13
02262.png,32
02263.png,28
02264.png,13
02265.png,27
02266.png,2
02267.png,12
02268.png,13
02269.png,2
02270.png,12
02271.png,13
02272.png,0
02273.png,16
02274.png,31
02275.png,32
02276.png,27
02277.png,9
02278.png,1
02279.png,0
02280.png,32
02281.png,2
02282.png,13
02283.png,9
02284.png,0
02285.png,38
02286.png,16
02287.png,17
02288.png,21
02289.png,13
02290.png,1
02291.png,1
02292.png,0
02293.png,0
02294.png,32
02295.png,1
02296.png,13
02297.png,1
02298.png,8
02299.png,36
02300.png,6
02301.png,0
02302.png,32
02303.png,17
02304.png,17
02305.png,1
02306.png,0
02307.png,0
02308.png,34
02309.png,1
02310.png,0
02311.png,32
02312.png,2
02313.png,1
02314.png,0
02315.png,13
02316.png,31
02317.png,25
02318.png,1
02319.png,7
02320.png,2
02321.png,1
02322.png,0
02323.png,0
02324.png,0
02325.png,15
02326.png,19
02327.png,2
02328.png,0
02329.png,14
02330.png,18
02331.png,38
02332.png,32
02333.png,34
02334.png,17
02335.png,0
02336.png,2
02337.png,38
02338.png,0
02339.png,16
02340.png,3
02341.png,13
02342.png,28
02343.png,0
02344.png,21
02345.png,32
02346.png,0
02347.png,23
02348.png,1
02349.png,13
02350.png,35
02351.png,35
02352.png,2
02353.png,0
02354.png,16
02355.png,18
02356.png,0
02357.png,11
02358.png,39
02359.png,16
02360.png,29
02361.png,24
02362.png,0
02363.png,29
02364.png,12
02365.png,2
02366.png,0
02367.png,0
02368.png,2
02369.png,13
02370.png,19
02371.png,2
02372.png,0
02373.png,27
02374.png,1
02375.png,36
02376.png,3
02377.png,17
02378.png,21
02379.png,12
02380.png,26
02381.png,24
02382.png,0
02383.png,5
02384.png,22
02385.png,16
02386.png,1
02387.png,25
02388.png,20
02389.png,0
02390.png,18
02391.png,1
02392.png,21
02393.png,17
02394.png,0
02395.png,1
02396.png,24
02397.png,0
02398.png,1
02399.png,0
02400.png,24
02401.png,32
02402.png,1
02403.png,23
02404.png,38
02405.png,1
02406.png,34
02407.png,22
02408.png,1
02409.png,0
02410.png,39
02411.png,9
02412.png,32
02413.png,1
02414.png,25
02415.png,24
02416.png,40
02417.png,13
02418.png,0
02419.png,31
02420.png,12
02421.png,1
02422.png,31
02423.png,31
02424.png,0
02425.png,18
02426.png,16
02427.png,40
02428.png,1
02429.png,1
02430.png,0
02431.png,12
02432.png,21
02433.png,25
02434.png,2
02435.png,21
02436.png,13
02437.png,16
02438.png,14
02439.png,3
02440.png,21
02441.png,1
02442.png,18
02443.png,17
02444.png,36
02445.png,1
02446.png,26
02447.png,4
02448.png,19
02449.png,16
02450.png,18
02451.png,35
02452.png,40
02453.png,25
02454.png,2
02455.png,16
02456.png,13
02457.png,2
02458.png,13
02459.png,18
02460.png,25
02461.png,38
02462.png,10
02463.png,1
02464.png,9
02465.png,12
02466.png,1
02467.png,1
02468.png,1
02469.png,16
02470.png,16
02471.png,24
02472.png,0
02473.png,32
02474.png,16
02475.png,37
02476.png,31
02477.png,32
02478.png,32
02479.png,31
02480.png,32
02481.png,27
02482.png,18
02483.png,32
02484.png,31
02485.png,36
02486.png,3
02487.png,40
02488.png,13
02489.png,25
02490.png,0
02491.png,9
02492.png,22
02493.png,0
02494.png,0
02495.png,13
02496.png,1
02497.png,0
02498.png,39
02499.png,12
02500.png,32
02501.png,41
02502.png,21
02503.png,32
02504.png,35
02505.png,31
02506.png,3
02507.png,0
02508.png,0
02509.png,0
02510.png,0
02511.png,31
02512.png,2
02513.png,9
02514.png,0
02515.png,18
02516.png,12
02517.png,27
02518.png,14
02519.png,0
02520.png,32
02521.png,15
02522.png,2
02523.png,13
02524.png,3
02525.png,13
02526.png,0
02527.png,1
02528.png,27
02529.png,0
02530.png,26
02531.png,21
02532.png,10
02533.png,1
02534.png,0
02535.png,34
02536.png,9
02537.png,0
02538.png,0
02539.png,25
02540.png,25
02541.png,12
02542.png,16
02543.png,13
02544.png,39
02545.png,14
02546.png,5
02547.png,32
02548.png,9
02549.png,12
02550.png,1
02551.png,9
02552.png,16
02553.png,0
02554.png,0
02555.png,31
02556.png,4
02557.png,0
02558.png,1
02559.png,31
02560.png,0
02561.png,1
02562.png,37
02563.png,11
02564.png,3
02565.png,1
02566.png,0
02567.png,16
02568.png,27
02569.png,14
02570.png,26
02571.png,28
02572.png,0
02573.png,18
02574.png,1
02575.png,18
02576.png,25
02577.png,23
02578.png,22
02579.png,12
02580.png,1
02581.png,14
02582.png,34
02583.png,36
02584.png,19
02585.png,1
02586.png,12
02587.png,9
02588.png,17
02589.png,27
02590.png,13
02591.png,14
02592.png,0
02593.png,1
02594.png,0
02595.png,1
02596.png,17
02597.png,28
02598.png,17
02599.png,21
02600.png,21
02601.png,14
02602.png,35
02603.png,4
02604.png,0
02605.png,0
02606.png,24
02607.png,38
02608.png,33
02609.png,36
02610.png,24
02611.png,24
02612.png,21
02613.png,9
02614.png,16
02615.png,18
02616.png,1
02617.png,2
02618.png,34
02619.png,1
02620.png,25
02621.png,27
02622.png,35
02623.png,2
02624.png,13
02625.png,2
02626.png,16
02627.png,0
02628.png,34
02629.png,15
02630.png,32
02631.png,13
02632.png,2
02633.png,23
02634.png,35
02635.png,2
02636.png,13
02637.png,2
02638.png,24
02639.png,13
02640.png,12
02641.png,31
02642.png,27
02643.png,34
02644.png,10
02645.png,2
02646.png,2
02647.png,31
02648.png,23
02649.png,18
02650.png,37
02651.png,32
02652.png,27
02653.png,0
02654.png,13
02655.png,21
02656.png,27
02657.png,25
02658.png,12
02659.png,12
02660.png,28
02661.png,15
02662.png,13
02663.png,1
02664.png,25
02665.png,4
02666.png,13
02667.png,1
02668.png,16
02669.png,18
02670.png,32
02671.png,9
02672.png,16
02673.png,16
02674.png,12
02675.png,15
02676.png,27
02677.png,32
02678.png,42
02679.png,0
02680.png,1
02681.png,0
02682.png,21
02683.png,13
02684.png,36
02685.png,38
02686.png,0
02687.png,1
02688.png,16
02689.png,0
02690.png,35
02691.png,0
02692.png,38
02693.png,0
02694.png,1
02695.png,13
02696.png,31
02697.png,38
02698.png,0
02699.png,0
02700.png,2
02701.png,35
02702.png,36
02703.png,38
02704.png,38
02705.png,0
02706.png,34
02707.png,18
02708.png,11
02709.png,27
02710.png,27
02711.png,9
02712.png,0
02713.png,2
02714.png,0
02715.png,16
02716.png,1
02717.png,22
02718.png,16
02719.png,0
02720.png,17
02721.png,0
02722.png,12
02723.png,9
02724.png,18
02725.png,35
02726.png,9
02727.png,0
02728.png,15
02729.png,12
02730.png,0
02731.png,27
02732.png,16
02733.png,12
02734.png,1
02735.png,13
02736.png,0
02737.png,1
02738.png,28
02739.png,0
02740.png,21
02741.png,0
02742.png,1
02743.png,16
02744.png,1
02745.png,38
02746.png,12
02747.png,1
02748.png,25
02749.png,13
02750.png,9
02751.png,21
02752.png,0
02753.png,32
02754.png,40
02755.png,1
02756.png,1
02757.png,24
02758.png,2
02759.png,36
02760.png,21
02761.png,5
02762.png,38
02763.png,16
02764.png,0
02765.png,31
02766.png,24
02767.png,32
02768.png,27
02769.png,17
02770.png,12
02771.png,18
02772.png,0
02773.png,0
02774.png,14
02775.png,27
02776.png,27
02777.png,18
02778.png,4
02779.png,4
02780.png,0
02781.png,27
02782.png,18
02783.png,0
02784.png,37
02785.png,1
02786.png,13
02787.png,31
02788.png,16
02789.png,31
02790.png,31
02791.png,40
02792.png,0
02793.png,0
02794.png,34
02795.png,16
02796.png,9
02797.png,16
02798.png,32
02799.png,0
02800.png,0
02801.png,12
02802.png,28
02803.png,0
02804.png,39
02805.png,42
02806.png,16
02807.png,13
02808.png,38
02809.png,38
02810.png,21
02811.png,1
02812.png,32
02813.png,4
02814.png,32
02815.png,1
02816.png,2
02817.png,21
02818.png,32
02819.png,38
02820.png,32
02821.png,16
02822.png,35
02823.png,12
02824.png,38
02825.png,17
02826.png,0
02827.png,2
02828.png,1
02829.png,35
02830.png,32
02831.png,35
02832.png,34
02833.png,32
02834.png,32
02835.png,1
02836.png,0
02837.png,31
02838.png,32
02839.png,24
02840.png,12
02841.png,38
02842.png,29
02843.png,1
02844.png,0
02845.png,16
02846.png,31
02847.png,25
02848.png,1
02849.png,0
02850.png,27
02851.png,16
02852.png,31
02853.png,0
02854.png,18
02855.png,18
02856.png,13
02857.png,18
02858.png,13
02859.png,34
02860.png,0
02861.png,0
02862.png,1
02863.png,31
02864.png,31
02865.png,4
02866.png,12
02867.png,2
02868.png,40
02869.png,0
02870.png,12
02871.png,31
02872.png,14
02873.png,34
02874.png,0
02875.png,17
02876.png,9
02877.png,16
02878.png,13
02879.png,5
02880.png,32
02881.png,0
02882.png,0
02883.png,0
02884.png,0
02885.png,25
02886.png,16
02887.png,1
02888.png,0
02889.png,16
02890.png,9
02891.png,37
02892.png,8
02893.png,22
02894.png,40
02895.png,0
02896.png,32
02897.png,9
02898.png,15
02899.png,12
02900.png,13
02901.png,34
02902.png,0
02903.png,0
02904.png,1
02905.png,25
02906.png,37
02907.png,14
02908.png,15
02909.png,14
02910.png,15
02911.png,12
02912.png,26
02913.png,18
02914.png,9
02915.png,17
02916.png,0
02917.png,4
02918.png,18
02919.png,1
02920.png,35
02921.png,20
02922.png,0
02923.png,9
02924.png,2
02925.png,13
02926.png,16
02927.png,16
02928.png,1
02929.png,16
02930.png,0
02931.png,0
02932.png,13
02933.png,16
02934.png,13
02935.png,2
02936.png,18
02937.png,13
02938.png,0
02939.png,1
02940.png,0
02941.png,16
02942.png,17
02943.png,18
02944.png,39
02945.png,15
02946.png,2
02947.png,16
02948.png,15
02949.png,14
02950.png,0
02951.png,0
02952.png,34
02953.png,36
02954.png,20
02955.png,2
02956.png,31
02957.png,24
02958.png,16
02959.png,0
02960.png,14
02961.png,0
02962.png,31
02963.png,17
02964.png,9
02965.png,1
02966.png,27
02967.png,0
02968.png,16
02969.png,17
02970.png,18
02971.png,12
02972.png,27
02973.png,25
02974.png,18
02975.png,1
02976.png,0
02977.png,39
02978.png,40
02979.png,25
02980.png,42
02981.png,1
02982.png,12
02983.png,16
02984.png,17
02985.png,0
02986.png,31
02987.png,4
02988.png,36
02989.png,31
02990.png,0
02991.png,1
02992.png,14
02993.png,21
02994.png,17
02995.png,31
02996.png,18
02997.png,12
02998.png,41
02999.png,0
03000.png,31
03001.png,36
03002.png,0
03003.png,15
03004.png,11
03005.png,32
03006.png,34
03007.png,34
03008.png,31
03009.png,0
03010.png,16
03011.png,0
03012.png,24
03013.png,0
03014.png,18
03015.png,29
03016.png,0
03017.png,27
03018.png,25
03019.png,39
03020.png,12
03021.png,32
03022.png,24
03023.png,35
03024.png,1
03025.png,28
03026.png,0
03027.png,3
03028.png,32
03029.png,17
03030.png,18
03031.png,2
03032.png,15
03033.png,36
03034.png,9
03035.png,25
03036.png,0
03037.png,2
03038.png,2
03039.png,21
03040.png,13
03041.png,13
03042.png,0
03043.png,28
03044.png,16
03045.png,37
03046.png,27
03047.png,2
03048.png,26
03049.png,21
03050.png,11
03051.png,0
03052.png,18
03053.png,37
03054.png,34
03055.png,31
03056.png,21
03057.png,32
03058.png,31
03059.png,31
03060.png,1
03061.png,38
03062.png,31
03063.png,24
03064.png,12
03065.png,17
03066.png,12
03067.png,32
03068.png,9
03069.png,13
03070.png,12
03071.png,0
03072.png,0
03073.png,9
03074.png,0
03075.png,13
03076.png,34
03077.png,0
03078.png,1
03079.png,17
03080.png,9
03081.png,13
03082.png,34
03083.png,2
03084.png,13
03085.png,1
03086.png,0
03087.png,0
03088.png,38
03089.png,1
03090.png,4
03091.png,1
03092.png,33
03093.png,2
03094.png,14
03095.png,35
03096.png,0
03097.png,13
03098.png,0
03099.png,16
03100.png,35
03101.png,18
03102.png,27
03103.png,3
03104.png,0
03105.png,32
03106.png,31
03107.png,31
03108.png,38
03109.png,32
03110.png,0
03111.png,28
03112.png,31
03113.png,21
03114.png,31
03115.png,12
03116.png,17
03117.png,37
03118.png,0
03119.png,34
03120.png,5
03121.png,1
03122.png,18
03123.png,0
03124.png,9
03125.png,8
03126.png,34
03127.png,14
03128.png,16
03129.png,32
03130.png,16
03131.png,14
03132.png,0
03133.png,18
03134.png,14
03135.png,2
03136.png,0
03137.png,27
03138.png,0
03139.png,16
03140.png,1
03141.png,40
03142.png,28
03143.png,31
03144.png,0
03145.png,16
03146.png,0
03147.png,0
03148.png,35
03149.png,0
03150.png,22
03151.png,2
03152.png,0
03153.png,2
03154.png,14
03155.png,4
03156.png,1
03157.png,28
03158.png,9
03159.png,2
03160.png,23
03161.png,20
03162.png,38
03163.png,40
03164.png,12
03165.png,17
03166.png,16
03167.png,12
03168.png,0
03169.png,0
03170.png,10
03171.png,1
03172.png,31
03173.png,37
03174.png,37
03175.png,0
03176.png,17
03177.png,26
03178.png,34
03179.png,0
03180.png,0
03181.png,16
03182.png,8
03183.png,17
03184.png,1
03185.png,12
03186.png,13
03187.png,31
03188.png,36
03189.png,2
03190.png,0
03191.png,12
03192.png,0
03193.png,1
03194.png,24
03195.png,28
03196.png,27
03197.png,2
03198.png,1
03199.png,0
03200.png,1
03201.png,16
03202.png,1
03203.png,13
03204.png,13
03205.png,13
03206.png,4
03207.png,25
03208.png,1
03209.png,0
03210.png,32
03211.png,1
03212.png,0
03213.png,12
03214.png,0
03215.png,0
03216.png,11
03217.png,24
03218.png,38
03219.png,0
03220.png,21
03221.png,26
03222.png,6
03223.png,4
03224.png,25
03225.png,23
03226.png,0
03227.png,35
03228.png,4
03229.png,15
03230.png,31
03231.png,21
03232.png,21
03233.png,25
03234.png,18
03235.png,24
03236.png,42
03237.png,1
03238.png,31
03239.png,0
03240.png,0
03241.png,15
03242.png,3
03243.png,31
03244.png,12
03245.png,1
03246.png,31
03247.png,1
03248.png,1
03249.png,21
03250.png,25
03251.png,13
03252.png,13
03253.png,15
03254.png,35
03255.png,27
03256.png,11
03257.png,16
03258.png,37
03259.png,1
03260.png,15
03261.png,12
03262.png,0
03263.png,1
03264.png,34
03265.png,16
03266.png,1
03267.png,10
03268.png,12
03269.png,9
03270.png,11
03271.png,11
03272.png,37
03273.png,21
03274.png,34
03275.png,0
03276.png,0
03277.png,0
03278.png,18
03279.png,17
03280.png,35
03281.png,0
03282.png,0
03283.png,12
03284.png,12
03285.png,12
03286.png,14
03287.png,15
03288.png,31
03289.png,1
03290.png,24
03291.png,0
03292.png,1
03293.png,1
03294.png,31
03295.png,13
03296.png,0
03297.png,13
03298.png,27
03299.png,2
03300.png,27
03301.png,0
03302.png,0
03303.png,32
03304.png,2
03305.png,4
03306.png,34
03307.png,14
03308.png,4
03309.png,0
03310.png,18
03311.png,15
03312.png,0
03313.png,33
03314.png,16
03315.png,9
03316.png,0
03317.png,17
03318.png,13
03319.png,24
03320.png,27
03321.png,1
03322.png,15
03323.png,2
03324.png,35
03325.png,14
03326.png,9
03327.png,13
03328.png,9
03329.png,27
03330.png,0
03331.png,1
03332.png,16
03333.png,31
03334.png,1
03335.png,2
03336.png,0
03337.png,11
03338.png,18
03339.png,37
03340.png,0
03341.png,32
03342.png,1
03343.png,15
03344.png,12
03345.png,0
03346.png,3
03347.png,35
03348.png,2
03349.png,11
03350.png,1
03351.png,0
03352.png,9
03353.png,37
03354.png,12
03355.png,16
03356.png,0
03357.png,40
03358.png,22
03359.png,16
03360.png,41
03361.png,31
03362.png,25
03363.png,12
03364.png,3
03365.png,16
03366.png,2
03367.png,29
03368.png,13
03369.png,22
03370.png,32
03371.png,12
03372.png,9
03373.png,20
03374.png,15
03375.png,13
03376.png,1
03377.png,12
03378.png,34
03379.png,25
03380.png,15
03381.png,16
03382.png,1
03383.png,11
03384.png,0
03385.png,36
03386.png,32
03387.png,21
03388.png,31
03389.png,2
03390.png,0
03391.png,31
03392.png,0
03393.png,3
03394.png,24
03395.png,13
03396.png,13
03397.png,16
03398.png,5
03399.png,1
03400.png,0
03401.png,16
03402.png,15
03403.png,14
03404.png,9
03405.png,19
03406.png,1
03407.png,0
03408.png,1
03409.png,13
03410.png,21
03411.png,1
03412.png,14
03413.png,32
03414.png,10
03415.png,0
03416.png,18
03417.png,13
03418.png,34
03419.png,4
03420.png,0
03421.png,21
03422.png,40
03423.png,0
03424.png,12
03425.png,15
03426.png,16
03427.png,0
03428.png,13
03429.png,35
03430.png,12
03431.png,1
03432.png,1
03433.png,31
03434.png,0
03435.png,0
03436.png,9
03437.png,18
03438.png,4
03439.png,2
03440.png,18
03441.png,0
03442.png,1
03443.png,12
03444.png,3
03445.png,0
03446.png,0
03447.png,0
03448.png,15
03449.png,14
03450.png,9
03451.png,2
03452.png,1
03453.png,3
03454.png,3
03455.png,2
03456.png,37
03457.png,31
03458.png,0
03459.png,37
03460.png,12
03461.png,0
03462.png,35
03463.png,12
03464.png,0
03465.png,32
03466.png,11
03467.png,38
03468.png,1
03469.png,34
03470.png,0
03471.png,11
03472.png,16
03473.png,41
03474.png,0
03475.png,1
03476.png,16
03477.png,12
03478.png,27
03479.png,15
03480.png,25
03481.png,31
03482.png,17
03483.png,1
03484.png,0
03485.png,31
03486.png,15
03487.png,25
03488.png,35
03489.png,12
03490.png,28
03491.png,1
03492.png,18
03493.png,24
03494.png,27
03495.png,18
03496.png,0
03497.png,2
03498.png,1
03499.png,0
03500.png,1
03501.png,32
03502.png,0
03503.png,16
03504.png,12
03505.png,13
03506.png,16
03507.png,32
03508.png,14
03509.png,38
03510.png,0
03511.png,34
03512.png,18
03513.png,37
03514.png,12
03515.png,4
03516.png,0
03517.png,37
03518.png,0
03519.png,0
03520.png,0
03521.png,18
03522.png,1
03523.png,41
03524.png,1
03525.png,2
03526.png,1
03527.png,9
03528.png,38
03529.png,18
03530.png,0
03531.png,1
03532.png,17
03533.png,12
03534.png,0
03535.png,37
03536.png,13
03537.png,16
03538.png,9
03539.png,17
03540.png,16
03541.png,1
03542.png,11
03543.png,3
03544.png,0
03545.png,13
03546.png,14
03547.png,11
03548.png,32
03549.png,16
03550.png,14
03551.png,18
03552.png,32
03553.png,32
03554.png,0
03555.png,1
03556.png,1
03557.png,32
03558.png,22
03559.png,1
03560.png,14
03561.png,32
03562.png,0
03563.png,35
03564.png,25
03565.png,9
03566.png,2
03567.png,29
03568.png,13
03569.png,13
03570.png,13
03571.png,11
03572.png,38
03573.png,16
03574.png,32
03575.png,0
03576.png,1
03577.png,0
03578.png,0
03579.png,37
03580.png,18
03581.png,32
03582.png,38
03583.png,17
03584.png,38
03585.png,16
03586.png,18
03587.png,11
03588.png,31
03589.png,16
03590.png,32
03591.png,32
03592.png,35
03593.png,42
03594.png,14
03595.png,1
03596.png,36
03597.png,21
03598.png,31
03599.png,32
03600.png,0
03601.png,14
03602.png,0
03603.png,0
03604.png,0
03605.png,21
03606.png,12
03607.png,0
03608.png,16
03609.png,37
03610.png,32
03611.png,0
03612.png,34
03613.png,0
03614.png,35
03615.png,0
03616.png,37
03617.png,21
03618.png,16
03619.png,0
03620.png,16
03621.png,31
03622.png,0
03623.png,1
03624.png,11
03625.png,25
03626.png,20
03627.png,1
03628.png,2
03629.png,1
03630.png,15
03631.png,10
03632.png,0
03633.png,0
03634.png,1
03635.png,32
03636.png,16
03637.png,16
03638.png,16
03639.png,38
03640.png,17
03641.png,16
03642.png,16
03643.png,18
03644.png,14
03645.png,1
03646.png,0
03647.png,14
03648.png,12
03649.png,16
03650.png,0
03651.png,14
03652.png,17
03653.png,32
03654.png,1
03655.png,1
03656.png,24
03657.png,31
03658.png,16
03659.png,13
03660.png,0
03661.png,0
03662.png,18
03663.png,31
03664.png,14
03665.png,26
03666.png,31
03667.png,14
03668.png,14
03669.png,9
03670.png,36
03671.png,0
03672.png,36
03673.png,1
03674.png,14
03675.png,18
03676.png,1
03677.png,0
03678.png,16
03679.png,17
03680.png,2
03681.png,25
03682.png,13
03683.png,0
03684.png,39
03685.png,2
03686.png,25
03687.png,16
03688.png,0
03689.png,0
03690.png,18
03691.png,0
03692.png,12
03693.png,0
03694.png,1
03695.png,42
03696.png,0
03697.png,12
03698.png,12
03699.png,9
03700.png,37
03701.png,31
03702.png,22
03703.png,1
03704.png,31
03705.png,32
03706.png,35
03707.png,1
03708.png,14
03709.png,0
03710.png,17
03711.png,0
03712.png,17
03713.png,11
03714.png,21
03715.png,36
03716.png,0
03717.png,0
03718.png,34
03719.png,21
03720.png,42
03721.png,20
03722.png,21
03723.png,35
03724.png,36
03725.png,30
03726.png,32
03727.png,27
03728.png,18
03729.png,9
03730.png,27
03731.png,13
03732.png,1
03733.png,21
03734.png,14
03735.png,35
03736.png,42
03737.png,22
03738.png,31
03739.png,28
03740.png,31
03741.png,31
03742.png,11
03743.png,31
03744.png,32
03745.png,28
03746.png,27
03747.png,12
03748.png,12
03749.png,31
03750.png,35
03751.png,34
03752.png,31
03753.png,29
03754.png,16
03755.png,0
03756.png,13
03757.png,31
03758.png,1
03759.png,0
03760.png,9
03761.png,6
03762.png,27
03763.png,13
03764.png,38
03765.png,4
03766.png,13
03767.png,13
03768.png,4
03769.png,2
03770.png,18
03771.png,4
03772.png,0
03773.png,0
03774.png,31
03775.png,27
03776.png,0
03777.png,11
03778.png,21
03779.png,0
03780.png,18
03781.png,18
03782.png,21
03783.png,31
03784.png,2
03785.png,1
03786.png,21
03787.png,13
03788.png,16
03789.png,37
03790.png,15
03791.png,32
03792.png,31
03793.png,32
03794.png,9
03795.png,27
03796.png,2
03797.png,0
03798.png,13
03799.png,31
03800.png,18
03801.png,0
03802.png,1
03803.png,13
03804.png,31
03805.png,16
03806.png,30
03807.png,9
03808.png,16
03809.png,14
03810.png,1
03811.png,27
03812.png,1
03813.png,9
03814.png,13
03815.png,21
03816.png,18
03817.png,18
03818.png,1
03819.png,20
03820.png,27
03821.png,29
03822.png,32
03823.png,17
03824.png,32
03825.png,14
03826.png,35
03827.png,12
03828.png,0
03829.png,34
03830.png,0
03831.png,0
03832.png,42
03833.png,3
03834.png,2
03835.png,31
03836.png,0
03837.png,6
03838.png,1
03839.png,0
03840.png,31
03841.png,31
03842.png,12
03843.png,2
03844.png,20
03845.png,35
03846.png,15
03847.png,25
03848.png,0
03849.png,40
03850.png,1
03851.png,24
03852.png,9
03853.png,34
03854.png,2
03855.png,38
03856.png,16
03857.png,10
03858.png,37
03859.png,16
03860.png,18
03861.png,23
03862.png,16
03863.png,0
03864.png,39
03865.png,12
03866.png,16
03867.png,41
03868.png,21
03869.png,37
03870.png,15
03871.png,33
03872.png,25
03873.png,27
03874.png,16
03875.png,13
03876.png,11
03877.png,0
03878.png,1
03879.png,16
03880.png,24
03881.png,17
03882.png,12
03883.png,4
03884.png,12
03885.png,31
03886.png,1
03887.png,32
03888.png,20
03889.png,18
03890.png,13
03891.png,14
03892.png,16
03893.png,1
03894.png,31
03895.png,1
03896.png,31
03897.png,0
03898.png,15
03899.png,4
03900.png,1
03901.png,27
03902.png,13
03903.png,12
03904.png,18
03905.png,41
03906.png,38
03907.png,14
03908.png,4
03909.png,37
03910.png,38
03911.png,0
03912.png,24
03913.png,35
03914.png,16
03915.png,0
03916.png,2
03917.png,31
03918.png,16
03919.png,32
03920.png,12
03921.png,12
03922.png,0
03923.png,1
03924.png,16
03925.png,0
03926.png,20
03927.png,31
03928.png,5
03929.png,0
03930.png,0
03931.png,9
03932.png,37
03933.png,13
03934.png,3
03935.png,36
03936.png,12
03937.png,2
03938.png,32
03939.png,0
03940.png,18
03941.png,2
03942.png,1
03943.png,13
03944.png,3
03945.png,12
03946.png,25
03947.png,1
03948.png,25
03949.png,32
03950.png,0
03951.png,17
03952.png,0
03953.png,2
03954.png,38
03955.png,32
03956.png,31
03957.png,0
03958.png,22
03959.png,0
03960.png,28
03961.png,15
03962.png,0
03963.png,1
03964.png,40
03965.png,24
03966.png,16
03967.png,1
03968.png,1
03969.png,13
03970.png,0
03971.png,34
03972.png,17
03973.png,37
03974.png,32
03975.png,40
03976.png,40
03977.png,0
03978.png,31
03979.png,37
03980.png,31
03981.png,18
03982.png,13
03983.png,27
03984.png,0
03985.png,2
03986.png,32
03987.png,31
03988.png,16
03989.png,16
03990.png,12
03991.png,41
03992.png,9
03993.png,39
03994.png,37
03995.png,13
03996.png,5
03997.png,13
03998.png,0
03999.png,0
04000.png,27
04001.png,34
04002.png,32
04003.png,0
04004.png,1
04005.png,18
04006.png,31
04007.png,1
04008.png,0
04009.png,0
04010.png,0
04011.png,21
04012.png,0
04013.png,15
04014.png,13
04015.png,24
04016.png,1
04017.png,0
04018.png,0
04019.png,32
04020.png,24
04021.png,21
04022.png,35
04023.png,0
04024.png,16
04025.png,38
04026.png,31
04027.png,12
04028.png,16
04029.png,16
04030.png,32
04031.png,0
04032.png,31
04033.png,0
04034.png,13
04035.png,0
04036.png,15
04037.png,1
04038.png,18
04039.png,1
04040.png,34
04041.png,9
04042.png,17
04043.png,26
04044.png,18
04045.png,24
04046.png,12
04047.png,17
04048.png,27
04049.png,35
04050.png,23
04051.png,5
04052.png,31
04053.png,1
04054.png,15
04055.png,31
04056.png,16
04057.png,28
04058.png,27
04059.png,32
04060.png,0
04061.png,9
04062.png,21
04063.png,2
04064.png,17
04065.png,27
04066.png,38
04067.png,0
04068.png,40
04069.png,29
04070.png,31
04071.png,1
04072.png,0
04073.png,13
04074.png,38
04075.png,2
04076.png,0
04077.png,18
04078.png,21
04079.png,18
04080.png,11
04081.png,9
04082.png,0
04083.png,15
04084.png,12
04085.png,16
04086.png,11
04087.png,38
04088.png,31
04089.png,13
04090.png,0
04091.png,12
04092.png,16
04093.png,0
04094.png,35
04095.png,1
04096.png,16
04097.png,38
04098.png,25
04099.png,13
04100.png,15
04101.png,12
04102.png,0
04103.png,17
04104.png,38
04105.png,42
04106.png,31
04107.png,16
04108.png,25
04109.png,1
04110.png,14
04111.png,32
04112.png,23
04113.png,16
04114.png,31
04115.png,31
04116.png,0
04117.png,38
04118.png,14
04119.png,0
04120.png,4
04121.png,4
04122.png,31
04123.png,34
04124.png,0
04125.png,21
04126.png,14
04127.png,1
04128.png,13
04129.png,32
04130.png,37
04131.png,31
04132.png,35
04133.png,21
04134.png,0
04135.png,1
04136.png,33
04137.png,0
04138.png,40
04139.png,1
04140.png,13
04141.png,23
04142.png,18
04143.png,16
04144.png,32
04145.png,1
04146.png,15
04147.png,19
04148.png,14
04149.png,1
04150.png,35
04151.png,12
04152.png,9
04153.png,34
04154.png,17
04155.png,12
04156.png,25
04157.png,18
04158.png,0
04159.png,31
04160.png,20
04161.png,1
04162.png,29
04163.png,21
04164.png,2
04165.png,14
04166.png,15
04167.png,2
04168.png,38
04169.png,14
04170.png,16
04171.png,16
04172.png,12
04173.png,0
04174.png,13
04175.png,14
04176.png,16
04177.png,0
04178.png,1
04179.png,0
04180.png,0
04181.png,3
04182.png,31
04183.png,14
04184.png,42
04185.png,19
04186.png,31
04187.png,27
04188.png,14
04189.png,2
04190.png,25
04191.png,31
04192.png,31
04193.png,18
04194.png,16
04195.png,2
04196.png,12
04197.png,13
04198.png,31
04199.png,32
04200.png,1
04201.png,12
04202.png,13
04203.png,16
04204.png,1
04205.png,0
04206.png,1
04207.png,2
04208.png,31
04209.png,12
04210.png,14
04211.png,14
04212.png,17
04213.png,13
04214.png,17
04215.png,16
04216.png,31
04217.png,11
04218.png,26
04219.png,39
04220.png,13
04221.png,5
04222.png,13
04223.png,2
04224.png,18
04225.png,10
04226.png,3
04227.png,1
04228.png,0
04229.png,38
04230.png,9
04231.png,13
04232.png,13
04233.png,1
04234.png,1
04235.png,10
04236.png,0
04237.png,4
04238.png,13
04239.png,38
04240.png,0
04241.png,18
04242.png,0
04243.png,14
04244.png,38
04245.png,2
04246.png,38
04247.png,12
04248.png,25
04249.png,1
04250.png,24
04251.png,30
04252.png,18
04253.png,1
04254.png,14
04255.png,12
04256.png,13
04257.png,2
04258.png,13
04259.png,16
04260.png,29
04261.png,25
04262.png,16
04263.png,12
04264.png,37
04265.png,15
04266.png,0
04267.png,1
04268.png,31
04269.png,14
04270.png,42
04271.png,32
04272.png,0
04273.png,25
04274.png,0
04275.png,34
04276.png,18
04277.png,0
04278.png,36
04279.png,17
04280.png,13
04281.png,1
04282.png,32
04283.png,2
04284.png,1
04285.png,1
04286.png,1
04287.png,17
04288.png,16
04289.png,27
04290.png,18
04291.png,35
04292.png,23
04293.png,37
04294.png,15
04295.png,0
04296.png,35
04297.png,25
04298.png,18
04299.png,27
04300.png,22
04301.png,0
04302.png,35
04303.png,18
04304.png,38
04305.png,0
04306.png,1
04307.png,9
04308.png,27
04309.png,0
04310.png,16
04311.png,38
04312.png,31
04313.png,39
04314.png,21
04315.png,13
04316.png,24
04317.png,25
04318.png,12
04319.png,38
04320.png,1
04321.png,1
04322.png,16
04323.png,15
04324.png,35
04325.png,0
04326.png,1
04327.png,2
04328.png,16
04329.png,35
04330.png,31
04331.png,18
04332.png,0
04333.png,0
04334.png,16
04335.png,42
04336.png,1
04337.png,1
04338.png,1
04339.png,4
04340.png,25
04341.png,12
04342.png,33
04343.png,14
04344.png,0
04345.png,15
04346.png,9
04347.png,12
04348.png,1
04349.png,25
04350.png,34
04351.png,1
04352.png,1
04353.png,18
04354.png,20
04355.png,12
04356.png,13
04357.png,0
04358.png,13
04359.png,16
04360.png,37
04361.png,1
04362.png,40
04363.png,0
04364.png,11
04365.png,38
04366.png,15
04367.png,31
04368.png,18
04369.png,35
04370.png,1
04371.png,0
04372.png,26
04373.png,4
04374.png,12
04375.png,15
04376.png,1
04377.png,16
04378.png,35
04379.png,0
04380.png,31
04381.png,2
04382.png,2
04383.png,21
04384.png,12
04385.png,5
04386.png,1
04387.png,1
04388.png,0
04389.png,1
04390.png,16
04391.png,17
04392.png,0
04393.png,16
04394.png,17
04395.png,38
04396.png,2
04397.png,1
04398.png,39
04399.png,0
04400.png,23
04401.png,15
04402.png,1
04403.png,0
04404.png,0
04405.png,13
04406.png,2
04407.png,9
04408.png,1
04409.png,18
04410.png,32
04411.png,4
04412.png,12
04413.png,32
04414.png,31
04415.png,30
04416.png,17
04417.png,0
04418.png,37
04419.png,16
04420.png,21
04421.png,31
04422.png,2
04423.png,1
04424.png,12
04425.png,24
04426.png,0
04427.png,12
04428.png,16
04429.png,31
04430.png,16
04431.png,16
04432.png,0
04433.png,16
04434.png,0
04435.png,1
04436.png,4
04437.png,31
04438.png,34
04439.png,9
04440.png,1
04441.png,12
04442.png,32
04443.png,19
04444.png,2
04445.png,8
04446.png,3
04447.png,0
04448.png,17
04449.png,1
04450.png,17
04451.png,12
04452.png,31
04453.png,27
04454.png,18
04455.png,1
04456.png,25
04457.png,1
04458.png,37
04459.png,16
04460.png,38
04461.png,1
04462.png,38
04463.png,5
04464.png,13
04465.png,16
04466.png,14
04467.png,12
04468.png,17
04469.png,31
04470.png,24
04471.png,35
04472.png,38
04473.png,17
04474.png,12
04475.png,2
04476.png,5
04477.png,13
04478.png,0
04479.png,31
04480.png,1
04481.png,16
04482.png,16
04483.png,38
04484.png,0
04485.png,13
04486.png,1
04487.png,0
04488.png,0
04489.png,0
04490.png,37
04491.png,21
04492.png,1
04493.png,0
04494.png,34
04495.png,12
04496.png,6
04497.png,0
04498.png,1
04499.png,2
04500.png,31
04501.png,21
04502.png,27
04503.png,0
04504.png,0
04505.png,0
04506.png,1
04507.png,17
04508.png,12
04509.png,28
04510.png,31
04511.png,28
04512.png,0
04513.png,0
04514.png,35
04515.png,1
04516.png,1
04517.png,9
04518.png,9
04519.png,4
04520.png,16
04521.png,4
04522.png,34
04523.png,2
04524.png,5
04525.png,31
04526.png,12
04527.png,13
04528.png,35
04529.png,24
04530.png,12
04531.png,35
04532.png,15
04533.png,32
04534.png,3
04535.png,18
04536.png,0
04537.png,1
04538.png,1
04539.png,1
04540.png,2
04541.png,0
04542.png,12
04543.png,1
04544.png,3
04545.png,16
04546.png,1
04547.png,5
04548.png,14
04549.png,18
04550.png,38
04551.png,25
04552.png,0
04553.png,18
04554.png,16
04555.png,37
04556.png,16
04557.png,25
04558.png,1
04559.png,1
04560.png,2
04561.png,0
04562.png,28
04563.png,13
04564.png,1
04565.png,25
04566.png,27
04567.png,1
04568.png,1
04569.png,25
04570.png,0
04571.png,31
04572.png,9
04573.png,1
04574.png,1
04575.png,0
04576.png,0
04577.png,13
04578.png,16
04579.png,21
04580.png,1
04581.png,15
04582.png,12
04583.png,17
04584.png,1
04585.png,25
04586.png,1
04587.png,18
04588.png,1
04589.png,1
04590.png,1
04591.png,18
04592.png,38
04593.png,1
04594.png,12
04595.png,1
04596.png,16
04597.png,32
04598.png,1
04599.png,1
04600.png,12
04601.png,28
04602.png,27
04603.png,34
04604.png,1
04605.png,0
04606.png,4
04607.png,35
04608.png,4
04609.png,1
04610.png,13
04611.png,33
04612.png,37
04613.png,35
04614.png,15
04615.png,39
04616.png,37
04617.png,19
04618.png,31
04619.png,26
04620.png,21
04621.png,38
04622.png,1
04623.png,12
04624.png,0
04625.png,24
04626.png,12
04627.png,1
04628.png,13
04629.png,3
04630.png,16
04631.png,1
04632.png,16
04633.png,38
04634.png,27
04635.png,20
04636.png,15
04637.png,35
04638.png,25
04640.png,1
04641.png,0
04643.png,21
04644.png,2
04645.png,39
04646.png,0
04647.png,0
04648.png,35
04649.png,12
04650.png,1
04651.png,16
04652.png,28
04653.png,0
04654.png,4
04655.png,0
04656.png,38
04657.png,1
04658.png,20
04659.png,2
04660.png,10
04661.png,1
04662.png,6
04663.png,4
04664.png,38
04665.png,12
04666.png,32
04667.png,15
04668.png,0
04669.png,0
04670.png,2
04671.png,27
04672.png,18
04673.png,0
04674.png,16
04675.png,39
04676.png,1
04677.png,1
04678.png,6
04679.png,16
04680.png,1
04681.png,1
04682.png,12
04683.png,13
04684.png,2
04685.png,2
04686.png,22
04687.png,32
04688.png,16
04689.png,18
04690.png,12
04691.png,31
04692.png,21
04693.png,34
04694.png,1
04695.png,0
04696.png,31
04697.png,24
04698.png,26
04699.png,31
04700.png,36
04701.png,14
04702.png,18
04703.png,1
04704.png,1
04705.png,0
04706.png,39
04707.png,32
04708.png,37
04709.png,3
04710.png,37
04711.png,0
04712.png,0
04713.png,13
04714.png,21
04715.png,16
04716.png,0
04717.png,34
04718.png,21
04719.png,14
04720.png,1
04721.png,1
04722.png,0
04723.png,1
04724.png,24
04725.png,26
04726.png,0
04727.png,26
04728.png,1
04729.png,9
04730.png,1
04731.png,31
04732.png,20
04733.png,12
04734.png,0
04735.png,0
04736.png,1
04737.png,14
04738.png,1
04739.png,5
04740.png,13
04741.png,0
04742.png,13
04743.png,31
04744.png,0
04745.png,38
04746.png,12
04747.png,12
04748.png,13
04749.png,0
04750.png,17
04751.png,17
04752.png,0
04753.png,31
04754.png,19
04755.png,3
04756.png,21
04757.png,14
04758.png,1
04759.png,1
04760.png,3
04761.png,0
04762.png,31
04763.png,0
04764.png,16
04766.png,0
04767.png,14
04768.png,27
04769.png,12
04770.png,38
04771.png,1
04773.png,13
04774.png,31
04775.png,37
04776.png,13
04777.png,15
04778.png,32
04779.png,25
04780.png,26
04781.png,0
04782.png,11
04783.png,24
04784.png,0
04785.png,38
04786.png,31
04787.png,0
04788.png,9
04789.png,0
04790.png,15
04791.png,31
04792.png,0
04793.png,39
04794.png,31
04795.png,0
04796.png,27
04797.png,17
04798.png,38
04799.png,16
04800.png,16
04801.png,1
04802.png,8
04803.png,32
04804.png,17
04805.png,16
04806.png,9
04807.png,25
04808.png,0
04809.png,17
04810.png,13
04811.png,18
04812.png,2
04813.png,0
04814.png,1
04815.png,9
04816.png,25
04817.png,32
04818.png,0
04819.png,30
04820.png,11
04821.png,32
04822.png,13
04823.png,0
04824.png,0
04825.png,0
04826.png,0
04827.png,22
04828.png,3
04829.png,17
04830.png,1
04831.png,2
04832.png,0
04834.png,0
04835.png,16
04836.png,0
04837.png,16
04838.png,0
04839.png,1
04840.png,0
04841.png,0
04842.png,26
04843.png,1
04844.png,12
04845.png,38
04846.png,13
04847.png,0
04848.png,25
04849.png,23
04850.png,0
04851.png,0
04852.png,2
04853.png,18
04854.png,31
04855.png,9
04856.png,13
04857.png,38
04858.png,4
04859.png,14
04860.png,33
04861.png,0
04862.png,0
04863.png,15
04864.png,1
04865.png,16
04866.png,16
04867.png,26
04868.png,32
04869.png,39
04870.png,38
04871.png,32
04872.png,0
04873.png,1
04874.png,1
04875.png,14
04876.png,15
04877.png,38
04878.png,3
04879.png,24
04880.png,18
04881.png,16
04882.png,13
04883.png,18
04884.png,0
04885.png,31
04886.png,27
04887.png,28
04888.png,1
04889.png,20
04890.png,1
04891.png,38
04892.png,18
04893.png,18
04894.png,1
04895.png,27
04896.png,0
04897.png,0
04898.png,5
04899.png,0
04900.png,27
04901.png,31
04902.png,27
04903.png,5
04904.png,35
04905.png,16
04906.png,1
04907.png,12
04909.png,0
04910.png,13
04911.png,17
04912.png,9
04913.png,14
04914.png,23
04915.png,0
04916.png,17
04917.png,0
04918.png,27
04919.png,0
04920.png,1
04921.png,38
04922.png,32
04923.png,31
04924.png,16
04925.png,31
04926.png,2
04927.png,16
04928.png,0
04929.png,34
04930.png,35
04931.png,11
04932.png,41
04933.png,39
04934.png,0
04935.png,2
04936.png,38
04937.png,16
04938.png,16
04939.png,0
04940.png,16
04941.png,13
04942.png,16
04943.png,14
04944.png,18
04945.png,20
04946.png,1
04947.png,1
04948.png,31
04949.png,13
04950.png,16
04951.png,34
04954.png,18
04955.png,15
04956.png,2
04957.png,17
04958.png,25
04959.png,0
04960.png,0
04961.png,27
04962.png,0
04963.png,12
04964.png,14
04965.png,21
04966.png,39
04967.png,1
04968.png,10
04969.png,13
04970.png,9
04971.png,15
04972.png,1
04973.png,10
04974.png,13
04975.png,35
04976.png,0
04977.png,32
04978.png,28
04979.png,38
04980.png,34
04981.png,35
04982.png,0
04983.png,32
04984.png,1
04986.png,1
04987.png,31
04988.png,1
04989.png,35
04990.png,2
04991.png,39
04992.png,1
04993.png,1
04994.png,0
04995.png,18
04996.png,12
04997.png,0
04998.png,1
04999.png,35
05001.png,14
05002.png,18
05003.png,0
05004.png,1
05005.png,13
05006.png,0
05007.png,0
05008.png,35
05009.png,32
05010.png,18
05011.png,0
05012.png,38
05013.png,18
05014.png,1
05015.png,1
05016.png,0
05017.png,17
05018.png,12
05021.png,33
05022.png,32
05023.png,25
05024.png,13
05025.png,9
05026.png,18
05027.png,16
05028.png,1
05029.png,0
05030.png,13
05031.png,21
05032.png,37
05033.png,18
05034.png,0
05035.png,12
05036.png,32
05037.png,13
05038.png,0
05039.png,35
05040.png,20
05041.png,1
05042.png,1
05043.png,24
05044.png,35
05045.png,17
05046.png,0
05047.png,29
05048.png,37
05049.png,2
05050.png,25
05051.png,14
05052.png,16
05053.png,2
05054.png,14
05055.png,38
05056.png,16
05057.png,25
05058.png,16
05059.png,16
05060.png,0
05061.png,13
05062.png,34
05063.png,34
05064.png,25
05065.png,13
05066.png,18
05067.png,9
05068.png,21
05069.png,24
05070.png,19
05071.png,11
05073.png,23
05075.png,15
05076.png,2
05078.png,12
05079.png,16
05080.png,14
05081.png,9
05082.png,10
05083.png,12
05084.png,1
05085.png,0
05086.png,13
05087.png,0
05088.png,13
05089.png,9
05090.png,9
05091.png,1
05092.png,16
05093.png,31
05094.png,16
05095.png,23
05096.png,13
05097.png,1
05098.png,1
05099.png,1
05100.png,4
05101.png,18
05102.png,12
05103.png,2
05104.png,1
05105.png,25
05106.png,1
05107.png,38
05108.png,21
05109.png,28
05110.png,32
05111.png,0
05112.png,14
05113.png,0
05114.png,35
05115.png,14
05116.png,15
05117.png,15
05118.png,0
05119.png,16
05120.png,16
05121.png,1
05122.png,0
05123.png,15
05124.png,12
05125.png,39
05126.png,12
05127.png,0
05129.png,15
05130.png,18
05131.png,17
05132.png,39
05133.png,1
05134.png,23
05135.png,16
05136.png,1
05137.png,27
05138.png,38
05139.png,0
05140.png,13
05141.png,12
05142.png,14
05143.png,13
05144.png,32
05145.png,0
05146.png,0
05147.png,38
05148.png,1
05149.png,28
05150.png,0
05151.png,24
05152.png,18
05153.png,2
05154.png,0
05155.png,13
05157.png,5
05158.png,38
05159.png,0
05160.png,34
05161.png,2
05162.png,25
05163.png,25
05164.png,18
05166.png,17
05167.png,0
05168.png,9
05169.png,12
05170.png,1
05171.png,38
05172.png,23
05173.png,13
05174.png,0
05177.png,1
05178.png,0
05179.png,13
05180.png,27
05181.png,38
05182.png,32
05183.png,35
05184.png,5
05185.png,16
05186.png,16
05187.png,1
05188.png,4
05189.png,31
05190.png,14
05191.png,13
05192.png,2
05193.png,14
05194.png,13
05195.png,36
05196.png,1
05197.png,32
05198.png,1
05199.png,13
05200.png,35
05201.png,1
05202.png,18
05203.png,13
05204.png,12
05205.png,2
05206.png,0
05207.png,18
05208.png,1
05209.png,13
05210.png,0
05211.png,38
05212.png,25
05213.png,14
05214.png,2
05215.png,0
05216.png,9
05217.png,14
05218.png,40
05219.png,12
05220.png,1
05221.png,31
05222.png,40
05224.png,0
05225.png,16
05226.png,1
05227.png,25
05229.png,35
05230.png,16
05231.png,0
05232.png,14
05233.png,25
05234.png,32
05235.png,1
05236.png,0
05237.png,1
05238.png,34
05239.png,24
05240.png,0
05241.png,38
05242.png,38
05243.png,1
05244.png,12
05245.png,1
05246.png,31
05247.png,1
05248.png,1
05249.png,0
05250.png,38
05252.png,1
05253.png,12
05254.png,1
05255.png,1
05256.png,4
05257.png,15
05258.png,13
05259.png,38
05260.png,1
05261.png,32
05262.png,0
05263.png,0
05264.png,20
05265.png,0
05266.png,37
05267.png,13
05268.png,18
05269.png,1
05270.png,0
05271.png,25
05272.png,0
05273.png,0
05274.png,31
05275.png,12
05276.png,12
05277.png,25
05278.png,1
05279.png,0
05281.png,27
05282.png,4
05283.png,38
05284.png,32
05285.png,20
05286.png,3
05287.png,13
05288.png,15
05289.png,31
05290.png,18
05291.png,27
05292.png,34
05293.png,11
05294.png,27
05295.png,31
05296.png,22
05297.png,12
05298.png,35
05299.png,34
05300.png,18
05301.png,31
05302.png,33
05303.png,3
05304.png,42
05305.png,16
05306.png,38
05307.png,32
05308.png,0
05309.png,32
05310.png,13
05311.png,14
05312.png,2
05314.png,35
05315.png,34
05316.png,26
05317.png,35
05318.png,18
05319.png,18
05320.png,15
05321.png,1
05322.png,0
05323.png,13
05324.png,0
05325.png,31
05326.png,2
05327.png,31
05328.png,13
05329.png,27
05330.png,2
05331.png,27
05332.png,18
05333.png,0
05334.png,1
05335.png,31
05336.png,34
05337.png,31
05338.png,31
05339.png,16
05340.png,25
05341.png,21
05342.png,18
05343.png,0
05344.png,0
05345.png,12
05346.png,40
05347.png,1
05348.png,0
05350.png,1
05351.png,16
05352.png,18
05353.png,0
05354.png,39
05356.png,0
05357.png,32
05358.png,0
05359.png,34
05360.png,2
05361.png,0
05362.png,1
05364.png,32
05365.png,34
05366.png,13
05367.png,14
05368.png,1
05369.png,3
05370.png,1
05371.png,1
05372.png,0
05373.png,0
05374.png,9
05375.png,1
05376.png,12
05377.png,15
05378.png,13
05379.png,18
05380.png,15
05381.png,31
05382.png,2
05384.png,9
05385.png,2
05386.png,35
05387.png,16
05388.png,14
05389.png,17
05390.png,15
05391.png,1
05392.png,1
05393.png,18
05395.png,16
05396.png,1
05397.png,35
05398.png,32
05399.png,9
05401.png,13
05402.png,13
05404.png,31
05405.png,21
05406.png,34
05407.png,14
05408.png,12
05409.png,38
05410.png,0
05411.png,18
05412.png,13
05413.png,18
05414.png,0
05415.png,12
05416.png,27
05417.png,12
05418.png,15
05419.png,12
05420.png,37
05421.png,4
05422.png,31
05423.png,15
05424.png,14
05425.png,16
05426.png,36
05427.png,38
05428.png,2
05429.png,13
05430.png,31
05431.png,12
05432.png,5
05433.png,18
05434.png,27
05435.png,11
05436.png,37
05437.png,9
05438.png,38
05439.png,2
05440.png,12
05441.png,6
05442.png,0
05443.png,11
05445.png,31
05446.png,9
05447.png,16
05448.png,15
05449.png,9
05450.png,35
05451.png,15
05452.png,34
05453.png,1
05454.png,0
05456.png,20
05457.png,13
05458.png,12
05460.png,5
05461.png,1
05462.png,4
05463.png,13
05465.png,34
05466.png,3
05467.png,9
05468.png,0
05469.png,0
05470.png,22
05471.png,11
05472.png,25
05473.png,0
05474.png,38
05475.png,2
05476.png,27
05477.png,13
05478.png,31
05479.png,15
05480.png,9
05481.png,1
05482.png,15
05483.png,16
05484.png,38
05485.png,9
05486.png,16
05487.png,12
05488.png,32
05489.png,35
05490.png,42
05491.png,0
05492.png,16
05493.png,38
05494.png,0
05495.png,36
05497.png,31
05499.png,15
05500.png,17
05501.png,0
05502.png,0
05504.png,11
05505.png,38
05506.png,32
05507.png,21
05508.png,13
05510.png,37
05511.png,4
05512.png,13
05513.png,0
05514.png,38
05515.png,20
05516.png,35
05517.png,17
05518.png,25
05521.png,32
05522.png,38
05523.png,25
05524.png,31
05525.png,0
05526.png,11
05527.png,32
05528.png,37
05529.png,12
05530.png,9
05531.png,8
05532.png,17
05533.png,38
05534.png,32
05535.png,14
05536.png,0
05537.png,1
05538.png,25
05539.png,1
05540.png,26
05541.png,27
05542.png,0
05543.png,14
05544.png,16
05545.png,38
05546.png,9
05547.png,27
05549.png,17
05550.png,0
05551.png,0
05552.png,13
05553.png,9
05554.png,19
05555.png,32
05556.png,18
05557.png,23
05558.png,38
05559.png,13
05560.png,3
05561.png,32
05563.png,10
05564.png,0
05565.png,32
05566.png,32
05567.png,12
05568.png,32
05569.png,16
05570.png,13
05571.png,38
05572.png,9
05573.png,4
05574.png,31
05575.png,15
05576.png,0
05577.png,18
05578.png,36
05579.png,1
05580.png,1
05581.png,2
05582.png,11
05583.png,0
05584.png,17
05585.png,2
05586.png,0
05587.png,12
05588.png,9
05589.png,16
05590.png,13
05591.png,0
05592.png,0
05593.png,37
05594.png,1
05595.png,12
05596.png,0
05597.png,20
05598.png,1
05599.png,15
05601.png,34
05602.png,2
05603.png,16
05604.png,0
05605.png,17
05606.png,9
05607.png,17
05608.png,16
05609.png,8
05610.png,31
05611.png,0
05612.png,31
05613.png,13
05614.png,25
05615.png,17
05616.png,9
05617.png,38
05618.png,4
05619.png,1
05620.png,18
05621.png,12
05622.png,0
05623.png,16
05624.png,25
05625.png,16
05626.png,0
05627.png,1
05628.png,35
05630.png,0
05631.png,1
05632.png,14
05633.png,32
05634.png,13
05635.png,32
05636.png,15
05637.png,19
05638.png,13
05639.png,34
05640.png,1
05641.png,16
05642.png,11
05643.png,18
05644.png,11
05645.png,2
05646.png,1
05647.png,18
05648.png,2
05649.png,8
05650.png,12
05651.png,0
05652.png,38
05653.png,14
05654.png,0
05655.png,0
05656.png,17
05657.png,1
05658.png,35
05659.png,40
05660.png,31
05661.png,5
05662.png,18
05663.png,13
05665.png,13
05666.png,4
05667.png,25
05668.png,1
05669.png,5
05670.png,31
05671.png,0
05672.png,4
05673.png,2
05674.png,21
05675.png,0
05676.png,25
05677.png,16
05678.png,14
05679.png,12
05680.png,16
05682.png,17
05683.png,34
05684.png,27
05686.png,0
05687.png,1
05688.png,35
05689.png,0
05690.png,2
05691.png,24
05692.png,12
05693.png,25
05694.png,17
05695.png,12
05696.png,33
05697.png,37
05698.png,2
05699.png,0
05700.png,16
05702.png,12
05703.png,27
05704.png,1
05705.png,42
05706.png,17
05707.png,38
05708.png,35
05709.png,16
05710.png,0
05711.png,1
05712.png,31
05713.png,12
05714.png,2
05715.png,0
05716.png,25
05717.png,0
05718.png,33
05719.png,0
05720.png,35
05721.png,0
05722.png,35
05723.png,12
05725.png,2
05726.png,16
05727.png,32
05728.png,13
05729.png,2
05730.png,29
05731.png,1
05732.png,32
05733.png,0
05735.png,21
05737.png,0
05738.png,9
05739.png,0
05740.png,0
05741.png,16
05742.png,24
05743.png,31
05744.png,1
05745.png,0
05746.png,21
05747.png,31
05748.png,18
05750.png,3
05751.png,0
05753.png,1
05754.png,5
05755.png,0
05756.png,9
05757.png,4
05758.png,25
05759.png,0
05760.png,31
05761.png,1
05762.png,12
05763.png,0
05764.png,1
05765.png,2
05766.png,39
05767.png,38
05768.png,33
05769.png,32
05770.png,0
05771.png,37
05772.png,1
05773.png,1
05774.png,24
05775.png,13
05776.png,1
05777.png,9
05778.png,19
05781.png,28
05782.png,12
05783.png,14
05784.png,38
05785.png,1
05786.png,32
05787.png,13
05788.png,0
05789.png,1
05790.png,10
05791.png,37
05792.png,0
05793.png,31
05795.png,9
05796.png,0
05797.png,18
05798.png,13
05800.png,0
05801.png,32
05803.png,0
05804.png,12
05805.png,37
05807.png,27
05808.png,25
05809.png,37
05810.png,38
05811.png,0
05812.png,13
05813.png,1
05814.png,9
05815.png,10
05816.png,31
05817.png,31
05818.png,0
05819.png,37
05820.png,0
05821.png,12
05822.png,1
05823.png,0
05825.png,32
05826.png,14
05827.png,35
05828.png,27
05829.png,27
05830.png,1
05831.png,16
05832.png,38
05833.png,8
05835.png,16
05836.png,12
05837.png,0
05838.png,20
05840.png,16
05841.png,31
05842.png,4
05843.png,1
05844.png,18
05845.png,1
05846.png,18
05847.png,0
05848.png,16
05849.png,0
05850.png,31
05852.png,35
05853.png,2
05855.png,0
05856.png,5
05857.png,37
05858.png,1
05859.png,1
05860.png,1
05861.png,16
05862.png,12
05863.png,38
05864.png,1
05865.png,1
05867.png,13
05868.png,16
05869.png,12
05871.png,18
05872.png,12
05873.png,22
05874.png,0
05875.png,35
05876.png,0
05877.png,1
05878.png,26
05879.png,32
05880.png,14
05881.png,32
05882.png,38
05884.png,25
05885.png,13
05886.png,35
05887.png,13
05888.png,2
05889.png,32
05890.png,2
05891.png,1
05892.png,23
05893.png,18
05894.png,21
05895.png,25
05896.png,0
05897.png,13
05898.png,32
05899.png,14
05901.png,0
05902.png,0
05903.png,11
05904.png,0
05905.png,16
05906.png,4
05907.png,38
05908.png,0
05909.png,2
05910.png,0
05911.png,32
05912.png,2
05913.png,33
05914.png,1
05915.png,27
05916.png,8
05917.png,15
05918.png,15
05919.png,16
05920.png,0
05921.png,35
05922.png,31
05923.png,13
05925.png,32
05926.png,1
05927.png,29
05928.png,0
05929.png,0
05930.png,20
05931.png,17
05932.png,5
05933.png,2
05934.png,18
05935.png,35
05936.png,5
05937.png,16
05938.png,1
05939.png,35
05940.png,1
05941.png,35
05942.png,0
05943.png,1
05944.png,18
05945.png,0
05946.png,0
05947.png,2
05948.png,0
05949.png,34
05950.png,27
05951.png,10
05952.png,5
05953.png,35
05954.png,0
05955.png,1
05956.png,13
05957.png,0
05958.png,0
05959.png,2
05960.png,12
05961.png,1
05963.png,1
05964.png,2
05965.png,1
05966.png,42
05967.png,32
05968.png,0
05969.png,13
05970.png,9
05971.png,2
05972.png,37
05973.png,13
05974.png,27
05975.png,0
05976.png,0
05977.png,3
05978.png,10
05979.png,14
05980.png,9
05981.png,39
05982.png,9
05983.png,27
05984.png,1
05986.png,17
05987.png,13
05988.png,0
05989.png,0
05990.png,17
05991.png,0
05992.png,34
05993.png,0
05994.png,16
05995.png,1
05996.png,32
05997.png,3
05998.png,12
05999.png,41
06000.png,0
06001.png,36
06002.png,0
06003.png,2
06005.png,0
06006.png,0
06007.png,29
06008.png,13
06009.png,0
06010.png,37
06011.png,15
06012.png,4
06014.png,2
06015.png,1
06016.png,4
06017.png,0
06018.png,1
06019.png,4
06020.png,1
06021.png,9
06022.png,25
06023.png,3
06024.png,25
06025.png,32
06026.png,13
06029.png,25
06030.png,15
06031.png,25
06032.png,18
06034.png,9
06035.png,8
06036.png,1
06037.png,13
06038.png,24
06039.png,0
06040.png,0
06042.png,25
06043.png,35
06044.png,16
06045.png,0
06046.png,4
06047.png,16
06048.png,12
06049.png,32
06050.png,18
06052.png,12
06053.png,21
06054.png,23
06055.png,37
06056.png,12
06057.png,3
06058.png,1
06059.png,16
06060.png,2
06061.png,0
06062.png,34
06063.png,25
06064.png,21
06065.png,13
06066.png,12
06067.png,13
06068.png,36
06069.png,0
06070.png,35
06071.png,15
06072.png,31
06073.png,13
06074.png,13
06075.png,36
06076.png,2
06077.png,35
06078.png,0
06080.png,13
06081.png,0
06082.png,0
06083.png,38
06084.png,17
06086.png,1
06087.png,25
06088.png,1
06089.png,32
06091.png,9
06092.png,4
06093.png,1
06094.png,12
06095.png,1
06096.png,1
06097.png,0
06099.png,31
06100.png,16
06101.png,0
06102.png,31
06103.png,9
06104.png,0
06105.png,15
06106.png,0
06107.png,16
06108.png,24
06109.png,8
06110.png,16
06111.png,42
06112.png,12
06113.png,18
06114.png,1
06115.png,1
06116.png,0
06117.png,24
06118.png,1
06119.png,36
06120.png,0
06121.png,13
06123.png,17
06124.png,16
06125.png,13
06126.png,0
06129.png,35
06130.png,1
06131.png,0
06132.png,15
06133.png,17
06134.png,15
06135.png,0
06136.png,32
06137.png,0
06138.png,17
06140.png,25
06142.png,38
06143.png,11
06144.png,32
06147.png,25
06148.png,12
06149.png,27
06150.png,1
06151.png,13
06152.png,0
06153.png,13
06154.png,17
06155.png,24
06156.png,18
06158.png,9
06159.png,31
06160.png,9
06162.png,5
06163.png,0
06164.png,20
06165.png,34
06166.png,36
06167.png,18
06168.png,0
06169.png,24
06170.png,16
06171.png,14
06172.png,5
06173.png,8
06174.png,34
06175.png,2
06176.png,35
06177.png,16
06178.png,0
06179.png,13
06181.png,12
06182.png,1
06183.png,1
06185.png,0
06186.png,17
06187.png,0
06188.png,17
06189.png,1
06190.png,31
06191.png,1
06192.png,21
06193.png,10
06194.png,16
06195.png,1
06196.png,12
06197.png,36
06198.png,17
06201.png,12
06202.png,13
06203.png,14
06204.png,0
06205.png,1
06207.png,9
06209.png,32
06210.png,20
06211.png,13
06213.png,30
06214.png,0
06215.png,16
06216.png,35
06217.png,31
06218.png,0
06221.png,2
06222.png,42
06223.png,27
06224.png,38
06225.png,13
06226.png,25
06227.png,12
06228.png,42
06229.png,12
06230.png,1
06231.png,0
06232.png,13
06233.png,32
06234.png,1
06235.png,14
06236.png,0
06237.png,36
06238.png,25
06239.png,18
06240.png,34
06241.png,18
06242.png,1
06243.png,38
06245.png,3
06246.png,2
06247.png,1
06248.png,2
06249.png,9
06250.png,1
06251.png,17
06252.png,37
06253.png,2
06254.png,1
06256.png,13
06257.png,0
06259.png,0
06260.png,1
06261.png,42
06262.png,0
06263.png,0
06264.png,31
06265.png,34
06266.png,18
06267.png,34
06268.png,35
06270.png,35
06271.png,12
06272.png,0
06273.png,0
06275.png,38
06276.png,35
06277.png,35
06278.png,26
06279.png,29
06280.png,38
06281.png,15
06282.png,1
06283.png,0
06284.png,16
06285.png,31
06286.png,16
06287.png,12
06288.png,32
06289.png,33
06290.png,0
06291.png,41
06293.png,38
06294.png,11
06295.png,1
06297.png,1
06298.png,21
06299.png,2
06300.png,0
06301.png,1
06302.png,35
06304.png,40
06305.png,36
06306.png,0
06307.png,15
06308.png,0
06309.png,23
06311.png,31
06312.png,1
06313.png,0
06314.png,37
06315.png,4
06316.png,1
06317.png,17
06318.png,38
06319.png,38
06320.png,2
06321.png,32
06322.png,12
06323.png,0
06325.png,31
06326.png,0
06327.png,31
06328.png,0
06329.png,32
06330.png,12
06331.png,10
06333.png,0
06335.png,10
06337.png,31
06339.png,0
06340.png,9
06341.png,28
06342.png,14
06343.png,16
06344.png,16
06345.png,9
06346.png,1
06347.png,16
06348.png,31
06349.png,34
06350.png,16
06351.png,13
06353.png,21
06354.png,1
06355.png,17
06357.png,0
06358.png,14
06359.png,0
06360.png,37
06361.png,0
06362.png,15
06363.png,0
06364.png,34
06365.png,38
06366.png,34
06367.png,4
06368.png,14
06369.png,31
06370.png,35
06371.png,17
06372.png,16
06373.png,25
06374.png,13
06375.png,36
06376.png,34
06377.png,13
06378.png,37
06380.png,38
06381.png,16
06382.png,16
06383.png,4
06384.png,0
06385.png,25
06386.png,12
06387.png,2
06388.png,13
06389.png,1
06390.png,2
06391.png,31
06392.png,36
06393.png,18
06394.png,16
06395.png,19
06396.png,9
06397.png,1
06398.png,1
06399.png,35
06400.png,28
06401.png,0
06402.png,31
06403.png,0
06404.png,0
06405.png,32
06406.png,17
06407.png,5
06408.png,0
06409.png,2
06410.png,16
06411.png,38
06412.png,15
06413.png,38
06414.png,31
06415.png,37
06416.png,0
06417.png,0
06419.png,11
06420.png,11
06421.png,0
06422.png,31
06423.png,1
06424.png,0
06425.png,35
06426.png,17
06427.png,0
06428.png,0
06429.png,0
06430.png,1
06431.png,1
06433.png,0
06434.png,31
06435.png,1
06436.png,36
06437.png,31
06438.png,0
06439.png,9
06440.png,1
06441.png,37
06442.png,31
06443.png,1
06444.png,16
06445.png,31
06446.png,2
06447.png,32
06448.png,4
06449.png,0
06450.png,4
06451.png,2
06452.png,13
06453.png,2
06454.png,1
06455.png,1
06457.png,28
06459.png,14
06460.png,12
06461.png,0
06462.png,31
06463.png,9
06464.png,31
06465.png,4
06466.png,0
06467.png,2
06468.png,13
06469.png,0
06470.png,35
06473.png,15
06474.png,35
06475.png,0
06477.png,31
06478.png,37
06479.png,17
06480.png,31
06481.png,13
06482.png,0
06483.png,20
06484.png,1
06485.png,38
06486.png,9
06488.png,1
06489.png,15
06490.png,22
06492.png,35
06493.png,2
06494.png,1
06495.png,27
06497.png,38
06498.png,1
06499.png,0
06500.png,35
06502.png,0
06503.png,36
06504.png,11
06505.png,16
06506.png,11
06507.png,17
06508.png,27
06509.png,25
06510.png,31
06511.png,18
06512.png,23
06513.png,38
06514.png,32
06515.png,38
06516.png,3
06517.png,9
06518.png,0
06519.png,2
06520.png,13
06522.png,14
06523.png,12
06524.png,31
06525.png,0
06526.png,12
06527.png,38
06528.png,26
06530.png,31
06531.png,3
06532.png,26
06533.png,1
06534.png,18
06535.png,27
06536.png,2
06537.png,37
06538.png,13
06539.png,35
06540.png,2
06542.png,17
06543.png,38
06544.png,9
06545.png,3
06546.png,40
06547.png,22
06548.png,12
06549.png,38
06550.png,18
06551.png,0
06552.png,31
06553.png,1
06554.png,35
06555.png,32
06556.png,2
06557.png,16
06558.png,9
06559.png,1
06560.png,36
06561.png,17
06562.png,35
06563.png,1
06564.png,14
06565.png,9
06566.png,0
06567.png,2
06568.png,27
06571.png,13
06572.png,9
06573.png,13
06574.png,1
06575.png,0
06576.png,37
06577.png,0
06578.png,9
06579.png,21
06580.png,15
06581.png,13
06582.png,10
06583.png,1
06584.png,15
06585.png,16
06586.png,2
06587.png,23
06588.png,1
06589.png,17
06590.png,11
06591.png,10
06592.png,0
06593.png,9
06594.png,10
06595.png,16
06596.png,1
06597.png,4
06598.png,1
06599.png,0
06600.png,1
06601.png,1
06604.png,36
06605.png,32
06606.png,35
06607.png,0
06608.png,16
06609.png,12
06610.png,12
06611.png,22
06612.png,25
06613.png,1
06614.png,2
06615.png,0
06616.png,0
06617.png,33
06618.png,16
06619.png,1
06620.png,9
06621.png,12
06622.png,38
06623.png,22
06624.png,2
06625.png,38
06626.png,40
06627.png,0
06628.png,12
06629.png,5
06630.png,18
06631.png,2
06632.png,24
06633.png,21
06634.png,13
06636.png,18
06637.png,13
06638.png,1
06639.png,0
06640.png,9
06641.png,11
06642.png,18
06643.png,25
06645.png,31
06646.png,18
06647.png,37
06648.png,36
06649.png,0
06650.png,1
06652.png,37
06653.png,18
06654.png,0
06655.png,16
06656.png,27
06657.png,35
06659.png,27
06660.png,12
06661.png,12
06662.png,2
06663.png,9
06664.png,1
06666.png,26
06667.png,0
06668.png,41
06670.png,0
06671.png,12
06672.png,1
06673.png,16
06674.png,37
06675.png,37
06676.png,32
06677.png,28
06678.png,34
06679.png,27
06680.png,16
06681.png,9
06682.png,13
06683.png,38
06684.png,23
06685.png,0
06686.png,9
06687.png,11
06688.png,38
06689.png,36
06690.png,18
06691.png,16
06692.png,6
06693.png,42
06694.png,17
06695.png,37
06696.png,37
06697.png,21
06699.png,32
06700.png,0
06701.png,15
06702.png,31
06703.png,1
06704.png,35
06705.png,16
06706.png,16
06707.png,0
06708.png,32
06709.png,27
06710.png,32
06711.png,1
06712.png,38
06713.png,0
06714.png,17
06716.png,13
06717.png,31
06718.png,31
06719.png,17
06720.png,0
06721.png,1
06722.png,1
06724.png,12
06725.png,12
06727.png,0
06728.png,13
06729.png,37
06730.png,16
06733.png,1
06734.png,0
06735.png,12
06736.png,9
06737.png,1
06738.png,28
06739.png,21
06740.png,18
06741.png,1
06742.png,9
06743.png,13
06745.png,18
06746.png,12
06748.png,13
06749.png,27
06750.png,0
06752.png,16
06753.png,1
06754.png,32
06755.png,32
06756.png,25
06757.png,1
06758.png,18
06759.png,0
06760.png,0
06762.png,16
06763.png,4
06764.png,16
06765.png,2
06766.png,28
06767.png,0
06768.png,26
06769.png,16
06770.png,25
06771.png,13
06772.png,4
06773.png,13
06774.png,25
06775.png,32
06776.png,1
06777.png,0
06778.png,37
06779.png,14
06780.png,16
06781.png,34
06782.png,16
06783.png,34
06784.png,12
06785.png,14
06786.png,31
06787.png,24
06789.png,1
06790.png,25
06791.png,18
06792.png,31
06793.png,0
06794.png,2
06795.png,0
06796.png,14
06797.png,2
06798.png,1
06799.png,31
06800.png,37
06801.png,17
06802.png,28
06803.png,5
06804.png,16
06805.png,22
06806.png,38
06807.png,12
06808.png,40
06809.png,16
06810.png,42
06811.png,0
06812.png,0
06814.png,37
06815.png,1
06817.png,0
06818.png,17
06820.png,15
06821.png,16
06823.png,0
06824.png,16
06825.png,1
06826.png,25
06828.png,1
06829.png,1
06830.png,12
06831.png,1
06832.png,1
06833.png,2
06834.png,12
06835.png,38
06837.png,2
06838.png,18
06839.png,34
06840.png,0
06841.png,0
06842.png,12
06843.png,17
06844.png,39
06845.png,2
06847.png,2
06848.png,32
06849.png,1
06850.png,16
06852.png,38
06853.png,2
06854.png,0
06855.png,0
06856.png,12
06857.png,0
06858.png,18
06859.png,27
06860.png,13
06862.png,39
06864.png,1
06866.png,0
06867.png,12
06868.png,31
06869.png,2
06873.png,1
06874.png,0
06875.png,31
06876.png,12
06877.png,0
06878.png,27
06879.png,29
06880.png,0
06882.png,9
06883.png,32
06884.png,31
06885.png,12
06886.png,0
06887.png,39
06888.png,1
06889.png,9
06890.png,25
06891.png,12
06892.png,27
06893.png,24
06894.png,40
06896.png,0
06897.png,18
06898.png,18
06899.png,32
06901.png,23
06902.png,1
06903.png,2
06904.png,12
06905.png,0
06906.png,4
06907.png,1
06908.png,18
06909.png,32
06910.png,32
06911.png,9
06912.png,2
06914.png,3
06915.png,9
06916.png,33
06918.png,13
06919.png,0
06920.png,24
06923.png,3
06924.png,0
06925.png,1
06926.png,1
06927.png,1
06928.png,0
06929.png,13
06930.png,0
06931.png,34
06933.png,1
06934.png,13
06935.png,0
06936.png,1
06937.png,16
06938.png,18
06939.png,32
06940.png,38
06941.png,27
06942.png,2
06943.png,31
06944.png,1
06945.png,2
06946.png,0
06947.png,12
06948.png,6
06949.png,1
06950.png,9
06953.png,13
06954.png,31
06955.png,0
06956.png,38
06957.png,1
06958.png,39
06959.png,16
06961.png,27
06962.png,38
06963.png,1
06964.png,18
06965.png,1
06967.png,25
06968.png,28
06970.png,9
06971.png,37
06973.png,2
06975.png,12
06976.png,32
06978.png,12
06979.png,14
06980.png,23
06982.png,18
06983.png,1
06984.png,0
06985.png,14
06986.png,27
06988.png,0
06989.png,0
06990.png,0
06991.png,18
06993.png,1
06994.png,13
06996.png,18
06997.png,25
06998.png,0
06999.png,15
07000.png,16
07001.png,0
07002.png,12
07003.png,3
07005.png,32
07006.png,1
07010.png,21
07011.png,16
07012.png,12
07013.png,2
07015.png,38
07017.png,0
07018.png,0
07019.png,16
07021.png,4
07022.png,1
07023.png,16
07024.png,9
07025.png,16
07027.png,24
07029.png,1
07030.png,25
07031.png,13
07032.png,0
07033.png,2
07034.png,31
07036.png,32
07037.png,4
07038.png,0
07039.png,3
07040.png,1
07041.png,31
07042.png,12
07043.png,13
07044.png,20
07045.png,2
07046.png,13
07047.png,0
07048.png,31
07049.png,24
07050.png,16
07051.png,37
07052.png,34
07053.png,16
07055.png,16
07056.png,4
07057.png,5
07058.png,40
07059.png,10
07061.png,16
07062.png,14
07063.png,35
07064.png,11
07067.png,0
07068.png,31
07069.png,16
07070.png,36
07071.png,1
07073.png,25
07074.png,13
07075.png,34
07076.png,13
07077.png,41
07078.png,16
07079.png,1
07082.png,9
07083.png,0
07084.png,16
07085.png,32
07086.png,2
07087.png,2
07088.png,25
07089.png,19
07091.png,31
07092.png,21
07093.png,0
07094.png,1
07095.png,10
07096.png,24
07097.png,0
07098.png,28
07099.png,28
07100.png,21
07101.png,1
07102.png,9
07103.png,4
07104.png,37
07107.png,12
07108.png,11
07109.png,16
07110.png,0
07111.png,9
07112.png,9
07117.png,12
07118.png,31
07119.png,2
07120.png,16
07121.png,4
07122.png,42
07123.png,0
07125.png,25
07129.png,37
07131.png,9
07132.png,1
07133.png,27
07134.png,12
07135.png,1
07136.png,34
07137.png,0
07138.png,13
07140.png,12
07141.png,1
07143.png,33
07144.png,1
07145.png,1
07146.png,1
07147.png,20
07148.png,33
07150.png,12
07151.png,4
07152.png,12
07153.png,2
07154.png,1
07155.png,1
07156.png,12
07157.png,0
07159.png,4
07160.png,0
07161.png,1
07162.png,8
07163.png,1
07165.png,27
07166.png,0
07167.png,32
07168.png,15
07169.png,0
07172.png,12
07173.png,16
07176.png,0
07179.png,0
07180.png,14
07181.png,31
07182.png,37
07184.png,1
07185.png,23
07186.png,0
07188.png,16
07189.png,25
07190.png,11
07191.png,32
07193.png,12
07194.png,27
07195.png,0
07197.png,37
07198.png,13
07199.png,16
07200.png,33
07201.png,16
07202.png,0
07205.png,0
07207.png,32
07208.png,2
07209.png,10
07210.png,1
07212.png,1
07213.png,1
07214.png,0
07215.png,14
07216.png,1
07217.png,32
07218.png,11
07220.png,16
07221.png,15
07224.png,4
07225.png,25
07226.png,36
07227.png,11
07228.png,13
07230.png,11
07231.png,21
07232.png,0
07233.png,2
07236.png,38
07237.png,12
07239.png,13
07240.png,12
07241.png,9
07243.png,42
07244.png,13
07245.png,11
07248.png,36
07249.png,4
07250.png,0
07251.png,15
07253.png,0
07254.png,38
07258.png,32
07259.png,16
07260.png,1
07261.png,31
07263.png,0
07265.png,12
07267.png,34
07269.png,16
07272.png,10
07273.png,32
07274.png,14
07275.png,21
07276.png,16
07278.png,0
07279.png,12
07280.png,0
07284.png,18
07285.png,32
07287.png,0
07288.png,3
07290.png,27
07291.png,2
07293.png,32
07294.png,14
07297.png,16
07299.png,0
07301.png,16
07302.png,21
07304.png,42
07305.png,32
07308.png,9
07310.png,14
07311.png,21
07312.png,4
07317.png,3
07318.png,1
07319.png,1
07320.png,32
07321.png,37
07323.png,0
07325.png,13
07326.png,3
07327.png,3
07328.png,16
07330.png,32
07333.png,0
07335.png,38
07336.png,0
07337.png,16
07338.png,1
07339.png,0
07340.png,27
07341.png,34
07342.png,1
07344.png,16
07347.png,31
07348.png,39
07349.png,9
07350.png,15
07352.png,1
07353.png,38
07356.png,37
07357.png,11
07361.png,38
07363.png,4
07365.png,1
07366.png,14
07369.png,13
07370.png,38
07371.png,0
07372.png,31
07375.png,31
07377.png,4
07378.png,32
07379.png,0
07380.png,1
07381.png,34
07382.png,13
07384.png,13
07385.png,14
07386.png,13
07389.png,31
07390.png,21
07392.png,15
07393.png,16
07395.png,19
07398.png,4
07399.png,32
07401.png,1
07402.png,25
07403.png,0
07405.png,13
07406.png,31
07407.png,16
07411.png,21
07412.png,27
07413.png,1
07419.png,8
07421.png,0
07423.png,1
07426.png,0
07428.png,31
07433.png,13
07435.png,25
07436.png,0
07438.png,16
07440.png,1
07441.png,1
07444.png,27
07445.png,24
07447.png,1
07450.png,9
07451.png,4
07452.png,21
07453.png,5
07454.png,41
07456.png,0
07457.png,14
07458.png,14
07459.png,1
07460.png,42
07462.png,15
07463.png,1
07464.png,1
07465.png,14
07466.png,16
07467.png,31
07468.png,1
07470.png,1
07471.png,32
07472.png,13
07473.png,0
07475.png,1
07476.png,34
07477.png,2
07480.png,31
07481.png,34
07482.png,1
07484.png,9
07485.png,31
07486.png,13
07488.png,1
07489.png,37
07490.png,14
07492.png,16
07494.png,1
07496.png,13
07498.png,37
07499.png,16
07501.png,0
07502.png,0
07503.png,34
07504.png,21
07505.png,23
07510.png,4
07512.png,38
07513.png,0
07514.png,38
07515.png,13
07522.png,31
07523.png,0
07524.png,25
07526.png,0
07527.png,23
07528.png,31
07529.png,14
07531.png,38
07532.png,0
07534.png,14
07535.png,27
07536.png,25
07537.png,38
07538.png,0
07540.png,39
07543.png,0
07544.png,0
07547.png,0
07549.png,25
07551.png,1
07553.png,25
07556.png,38
07557.png,11
07558.png,0
07560.png,16
07561.png,0
07563.png,28
07564.png,0
07567.png,13
07571.png,19
07573.png,1
07574.png,0
07575.png,16
07576.png,13
07577.png,0
07580.png,1
07581.png,13
07582.png,19
07584.png,2
07585.png,0
07587.png,1
07588.png,31
07589.png,13
07590.png,25
07594.png,39
07595.png,38
07597.png,20
07598.png,38
07599.png,38
07600.png,16
07601.png,13
07604.png,16
07605.png,27
07606.png,37
07607.png,16
07609.png,34
07610.png,16
07613.png,1
07614.png,1
07615.png,13
07618.png,31
07619.png,38
07622.png,9
07624.png,3
07625.png,31
07626.png,16
07627.png,31
07628.png,36
07633.png,28
07634.png,0
07636.png,37
07641.png,9
07642.png,9
07643.png,0
07645.png,27
07646.png,31
07647.png,25
07649.png,13
07651.png,1
07652.png,31
07653.png,34
07656.png,15
07657.png,0
07659.png,0
07660.png,37
07661.png,32
07662.png,31
07663.png,37
07667.png,31
07668.png,3
07670.png,0
07671.png,2
07672.png,2
07673.png,34
07675.png,1
07676.png,31
07677.png,31
07679.png,16
07680.png,25
07681.png,0
07683.png,16
07690.png,0
07692.png,21
07697.png,29
07698.png,0
07699.png,9
07701.png,0
07704.png,5
07707.png,0
07709.png,0
07710.png,28
07711.png,0
07712.png,0
07714.png,31
07715.png,31
07717.png,21
07718.png,9
07719.png,0
07720.png,24
07722.png,0
07723.png,1
07726.png,0
07728.png,9
07729.png,16
07730.png,1
07733.png,24
07735.png,16
07737.png,11
07741.png,11
07742.png,21
07744.png,0
07746.png,3
07748.png,21
07749.png,4
07750.png,1
07751.png,0
07752.png,5
07755.png,14
07756.png,0
07761.png,9
07762.png,0
07763.png,39
07764.png,0
07770.png,16
07771.png,16
07773.png,23
07774.png,2
07777.png,0
07778.png,4
07782.png,0
07785.png,40
07786.png,31
07787.png,16
07791.png,15
07795.png,0
07796.png,0
07798.png,37
07799.png,5
07803.png,21
07808.png,0
07809.png,31
07810.png,3
07812.png,16
07813.png,5
07814.png,31
07815.png,3
07816.png,16
07818.png,10
07820.png,9
07821.png,16
07822.png,32
07823.png,25
07824.png,24
07825.png,14
07829.png,0
07831.png,0
07832.png,4
07833.png,37
07835.png,0
07837.png,32
07839.png,31
07840.png,24
07841.png,1
07842.png,0
07843.png,16
07845.png,32
07846.png,1
07847.png,25
07849.png,4
07851.png,2
07858.png,35
07860.png,4
07861.png,2
07862.png,2
07863.png,26
07864.png,25
07865.png,16
07866.png,4
07867.png,26
07870.png,0
07871.png,0
07874.png,14
07877.png,36
07879.png,1
07885.png,31
07888.png,14
07892.png,25
07896.png,0
07897.png,25
07898.png,4
07901.png,1
07902.png,0
07905.png,0
07906.png,1
07910.png,31
07914.png,0
07919.png,31
07920.png,11
07922.png,14
07923.png,32
07925.png,37
07926.png,1
07929.png,15
07931.png,27
07932.png,0
07934.png,27
07937.png,1
07938.png,36
07942.png,15
07944.png,1
07949.png,32
07950.png,21
07955.png,36
07957.png,0
07958.png,16
07959.png,1
07961.png,14
07962.png,1
07965.png,15
07966.png,25
07967.png,1
07968.png,1
07970.png,0
07972.png,0
07975.png,0
07976.png,0
07981.png,25
07985.png,18
07986.png,1
07987.png,19
07990.png,3
07991.png,26
07992.png,27
07993.png,20
07994.png,1
07998.png,1
08000.png,32
08001.png,1
08002.png,1
08004.png,0
08006.png,31
08009.png,31
08012.png,27
08013.png,11
08014.png,0
08016.png,16
08022.png,16
08023.png,9
08028.png,32
08032.png,0
08033.png,16
08034.png,9
08035.png,0
08036.png,21
08038.png,31
08042.png,24
08043.png,31
08044.png,23
08046.png,11
08047.png,24
08048.png,0
08050.png,16
08051.png,0
08056.png,39
08066.png,0
08076.png,24
08077.png,0
08081.png,32
08082.png,0
08085.png,1
08086.png,9
08087.png,16
08090.png,36
08093.png,0
08094.png,2
08095.png,0
08102.png,26
08104.png,32
08108.png,25
08110.png,4
08117.png,2
08118.png,31
08120.png,1
08128.png,0
08130.png,27
08132.png,0
08133.png,24
08134.png,16
08135.png,42
08136.png,2
08137.png,1
08138.png,15
08139.png,9
08141.png,1
08142.png,32
08143.png,14
08145.png,16
08152.png,4
08155.png,1
08156.png,1
08157.png,11
08158.png,4
08160.png,2
08161.png,4
08162.png,33
08165.png,0
08166.png,27
08167.png,18
08168.png,37
08171.png,15
08173.png,11
08174.png,1
08184.png,19
08190.png,1
08191.png,0
08192.png,32
08196.png,1
08198.png,1
08200.png,2
08205.png,41
08207.png,16
08209.png,0
08210.png,20
08214.png,32
08217.png,36
08218.png,15
08224.png,3
08226.png,31
08228.png,31
08233.png,9
08235.png,31
08239.png,0
08243.png,5
08246.png,4
08249.png,4
08251.png,16
08252.png,9
08254.png,42
08258.png,36
08265.png,27
08267.png,5
08269.png,14
08271.png,1
08273.png,32
08274.png,3
08275.png,26
08278.png,32
08281.png,1
08283.png,31
08290.png,14
08296.png,31
08297.png,30
08299.png,31
08301.png,25
08310.png,0
08317.png,11
08318.png,9
08321.png,1
08326.png,24
08328.png,15
08332.png,20
08337.png,32
08339.png,31
08340.png,31
08343.png,27
08345.png,1
08350.png,0
08352.png,19
08355.png,20
08356.png,9
08357.png,33
08358.png,31
08361.png,31
08362.png,31
08364.png,25
08370.png,27
08372.png,35
08374.png,0
08375.png,11
08377.png,23
08379.png,9
08381.png,0
08382.png,32
08384.png,9
08387.png,0
08388.png,27
08390.png,0
08393.png,1
08395.png,25
08398.png,21
08400.png,25
08403.png,39
08407.png,0
08409.png,0
08415.png,9
08422.png,25
08423.png,39
08424.png,0
08426.png,1
08427.png,35
08428.png,18
08435.png,31
08437.png,26
08438.png,15
08439.png,15
08441.png,4
08445.png,5
08446.png,18
08447.png,21
08448.png,14
08449.png,18
08452.png,31
08454.png,16
08456.png,42
08460.png,19
08462.png,31
08465.png,27
08466.png,9
08468.png,1
08472.png,0
08473.png,16
08474.png,9
08475.png,14
08476.png,1
08477.png,14
08478.png,0
08482.png,27
08484.png,34
08485.png,26
08488.png,11
08493.png,5
08502.png,15
08504.png,9
08505.png,35
08515.png,0
08516.png,11
08518.png,5
08522.png,16
08524.png,32
08525.png,39
08526.png,4
08527.png,25
08529.png,27
08530.png,32
08540.png,0
08544.png,32
08548.png,14
08552.png,0
08564.png,16
08567.png,16
08573.png,14
08574.png,18
08581.png,31
08583.png,32
08584.png,18
08585.png,25
08586.png,14
08588.png,31
08593.png,27
08597.png,1
08599.png,26
08602.png,1
08606.png,0
08607.png,14
08613.png,31
08618.png,8
08620.png,31
08626.png,15
08627.png,0
08628.png,14
08630.png,15
08639.png,9
08642.png,9
08645.png,9
08646.png,0
08655.png,8
08657.png,31
08659.png,1
08660.png,19
08664.png,21
08672.png,14
08674.png,16
08682.png,31
08683.png,0
08684.png,42
08688.png,27
08690.png,16
08692.png,27
08694.png,2
08696.png,32
08698.png,9
08699.png,11
08700.png,32
08703.png,36
08711.png,42
08716.png,0
08721.png,27
08727.png,42
08729.png,36
08735.png,32
08737.png,32
08740.png,27
08745.png,0
08746.png,18
08747.png,37
08750.png,18
08751.png,31
08752.png,9
08753.png,15
08755.png,16
08757.png,15
08762.png,9
08768.png,15
08769.png,32
08773.png,27
08776.png,9
08785.png,32
08788.png,16
08792.png,27
08793.png,2
08799.png,24
08800.png,1
08805.png,15
08806.png,15
08807.png,11
08809.png,9
08810.png,21
08811.png,5
08812.png,15
08822.png,0
08823.png,0
08828.png,0
08832.png,42
08836.png,27
08843.png,11
08845.png,14
08850.png,0
08852.png,36
08859.png,26
08860.png,16
08864.png,26
08866.png,25
08870.png,15
08871.png,0
08872.png,0
08873.png,27
08874.png,25
08877.png,14
08884.png,14
08888.png,27
08889.png,31
08890.png,32
08894.png,42
08895.png,24
08896.png,15
08898.png,9
08899.png,31
08900.png,31
08906.png,26
08907.png,0
08909.png,31
08914.png,0
08915.png,16
08916.png,9
08923.png,5
08924.png,16
08928.png,1
08930.png,31
08931.png,36
08933.png,31
08936.png,15
08941.png,35
08943.png,28
08948.png,3
08949.png,27
08950.png,9
08952.png,34
08957.png,31
08961.png,1
08964.png,1
08965.png,14
08966.png,19
08971.png,25
08973.png,26
08977.png,1
08978.png,3
08983.png,33
08984.png,31
08986.png,1
08991.png,21
08992.png,16
08994.png,14
08998.png,21
09002.png,18
09003.png,14
09005.png,14
09011.png,0
09012.png,25
09016.png,0
09017.png,27
09022.png,1
09023.png,1
09024.png,32
09025.png,9
09026.png,18
09027.png,16
09030.png,0
09041.png,34
09042.png,1
09043.png,9
09046.png,31
09050.png,1
09055.png,36
09058.png,16
09059.png,15
09060.png,15
09064.png,20
09068.png,30
09071.png,31
09072.png,8
09074.png,33
09076.png,0
09083.png,27
09084.png,1
09094.png,36
09095.png,21
09096.png,1
09099.png,1
09104.png,5
09106.png,11
09107.png,15
09108.png,25
09110.png,0
09111.png,24
09112.png,1
09114.png,27
09115.png,4
09116.png,5
09117.png,0
09126.png,25
09128.png,1
09136.png,18
09139.png,1
09141.png,32
09143.png,0
09145.png,14
09147.png,18
09148.png,27
09157.png,26
09158.png,25
09159.png,32
09160.png,32
09164.png,0
09167.png,31
09174.png,27
09176.png,1
09182.png,24
09184.png,9
09185.png,20
09190.png,11
09192.png,21
09200.png,0
09201.png,32
09206.png,0
09207.png,31
09210.png,0
09211.png,32
09216.png,18
09217.png,37
09221.png,0
09222.png,19
09225.png,25
09228.png,9
09230.png,15
09236.png,4
09243.png,1
09249.png,21
09251.png,3
09258.png,1
09261.png,28
09262.png,0
09264.png,14
09265.png,16
09267.png,31
09268.png,0
09269.png,16
09270.png,19
09278.png,3
09279.png,11
09281.png,15
09290.png,0
09291.png,18
09296.png,21
09300.png,21
09301.png,1
09305.png,27
09307.png,31
09308.png,27
09310.png,37
09312.png,0
09316.png,14
09319.png,0
09321.png,1
09324.png,2
09325.png,10
09330.png,21
09331.png,16
09333.png,9
09338.png,16
09344.png,14
09347.png,0
09352.png,1
09353.png,21
09354.png,15
09359.png,24
09360.png,14
09364.png,35
09366.png,0
09372.png,35
09375.png,14
09378.png,9
09379.png,34
09384.png,14
09388.png,21
09390.png,0
09393.png,1
09396.png,16
09397.png,36
09404.png,31
09409.png,25
09412.png,11
09418.png,24
09423.png,3
09424.png,0
09433.png,31
09436.png,16
09443.png,18
09444.png,0
09452.png,25
09454.png,4
09459.png,0
09462.png,42
09463.png,25
09467.png,35
09475.png,42
09477.png,0
09478.png,25
09482.png,15
09485.png,31
09486.png,0
09490.png,25
09491.png,9
09492.png,21
09495.png,16
09496.png,15
09497.png,23
09498.png,15
09500.png,0
09502.png,11
09506.png,20
09507.png,1
09509.png,25
09527.png,1
09528.png,24
09529.png,16
09532.png,14
09539.png,1
09543.png,32
09547.png,21
09548.png,19
09549.png,27
09551.png,9
09553.png,24
09557.png,15
09559.png,1
09565.png,9
09567.png,14
09575.png,14
09578.png,0
09582.png,0
09583.png,15
09584.png,0
09585.png,14
09589.png,36
09590.png,16
09592.png,1
09599.png,11
09604.png,25
09608.png,31
09619.png,21
09623.png,32
09629.png,14
09633.png,9
09638.png,0
09642.png,14
09643.png,14
09649.png,0
09652.png,4
09654.png,15
09656.png,1
09662.png,9
09663.png,11
09664.png,14
09665.png,25
09669.png,24
09678.png,14
09679.png,1
09685.png,3
09694.png,0
09696.png,5
09697.png,32
09699.png,11
09701.png,0
09702.png,33
09705.png,4
09708.png,16
09711.png,1
09719.png,1
09720.png,33
09721.png,0
09723.png,27
09727.png,11
09729.png,16
09738.png,1
09739.png,0
09740.png,1
09742.png,14
09745.png,1
09746.png,15
09752.png,31
09753.png,18
09756.png,1
09758.png,1
09761.png,32
09762.png,31
09764.png,1
09766.png,31
09767.png,9
09774.png,2
09776.png,25
09777.png,9
09780.png,26
09789.png,9
09790.png,37
09793.png,19
09797.png,28
09799.png,34
09802.png,14
09804.png,18
09812.png,27
09815.png,15
09818.png,27
09821.png,25
09825.png,21
09826.png,9
09827.png,32
09829.png,0
09834.png,21
09843.png,21
09845.png,1
09848.png,37
09849.png,32
09850.png,27
09851.png,1
09853.png,0
09855.png,32
09856.png,25
09861.png,8
09862.png,32
09863.png,0
09864.png,36
09866.png,16
09870.png,0
09874.png,19
09875.png,9
09883.png,0
09889.png,35
09891.png,5
09892.png,38
09895.png,9
09898.png,5
09903.png,9
09913.png,15
09914.png,27
09915.png,16
09918.png,32
09920.png,16
09922.png,1
09931.png,4
09933.png,1
09936.png,19
09938.png,9
09942.png,9
09947.png,1
09949.png,9
09950.png,0
09956.png,0
09958.png,1
09959.png,0
09967.png,1
09971.png,32
09974.png,28
09978.png,9
09979.png,1
09985.png,15
09989.png,2
09998.png,27
10000.png,24
10004.png,25
10008.png,36
10010.png,11
10019.png,24
10031.png,9
10033.png,10
10034.png,27
10036.png,27
10037.png,36
10040.png,9
10041.png,9
10044.png,16
10045.png,0
10046.png,11
10049.png,0
10058.png,1
10064.png,0
10066.png,1
10067.png,21
10070.png,31
10072.png,16
10074.png,31
10076.png,23
10083.png,1
10086.png,0
10087.png,0
10089.png,21
10090.png,25
10091.png,25
10092.png,16
10093.png,0
10095.png,1
10100.png,27
10105.png,5
10107.png,1
10109.png,28
10113.png,11
10114.png,27
10120.png,1
10124.png,28
10131.png,34
10135.png,1
10136.png,0
10143.png,16
10144.png,21
10146.png,15
10148.png,1
10152.png,15
10161.png,0
10165.png,36
10171.png,11
10178.png,15
10179.png,1
10184.png,11
10185.png,1
10187.png,20
10189.png,9
10190.png,26
10192.png,1
10195.png,1
10196.png,34
10200.png,35
10202.png,15
10207.png,1
10219.png,25
10221.png,0
10222.png,15
10227.png,18
10228.png,16
10235.png,5
10239.png,31
10241.png,9
10244.png,1
10245.png,18
10247.png,3
10250.png,41
10257.png,4
10260.png,15
10261.png,4
10262.png,9
10267.png,4
10274.png,33
10279.png,16
10280.png,1
10281.png,37
10285.png,27
10286.png,16
10292.png,42
10293.png,35
10299.png,4
10300.png,0
10305.png,8
10312.png,15
10313.png,16
10314.png,33
10317.png,8
10321.png,9
10322.png,1
10323.png,16
10326.png,3
10327.png,15
10329.png,0
10337.png,25
10339.png,16
10341.png,33
10342.png,32
10343.png,15
10344.png,39
10345.png,9
10346.png,0
10350.png,15
10351.png,11
10356.png,3
10357.png,2
10367.png,25
10368.png,9
10372.png,9
10373.png,25
10376.png,15
10381.png,0
10382.png,25
10383.png,39
10384.png,9
10385.png,25
10386.png,11
10389.png,18
10400.png,5
10404.png,4
10406.png,0
10407.png,25
10414.png,37
10416.png,32
10417.png,32
10419.png,42
10423.png,25
10427.png,3
10428.png,16
10431.png,28
10434.png,0
10437.png,21
10441.png,1
10442.png,27
10445.png,27
10448.png,11
10449.png,1
10452.png,0
10456.png,16
10458.png,4
10464.png,0
10468.png,0
10481.png,25
10483.png,25
10486.png,32
10490.png,0
10497.png,1
10498.png,1
10504.png,16
10505.png,0
10508.png,0
10514.png,9
10516.png,2
10517.png,15
10518.png,32
10523.png,1
10524.png,27
10525.png,0
10531.png,3
10533.png,21
10535.png,31
10536.png,0
10538.png,15
10541.png,27
10550.png,9
10553.png,25
10555.png,0
10557.png,27
10566.png,24
10567.png,0
10568.png,1
10570.png,11
10579.png,27
10587.png,31
10592.png,27
10595.png,4
10596.png,25
10604.png,18
10605.png,16
10607.png,1
10608.png,4
10610.png,34
10616.png,21
10618.png,9
10620.png,0
10625.png,9
10626.png,9
10627.png,31
10628.png,3
10629.png,0
10634.png,9
10639.png,1
10647.png,1
10655.png,25
10658.png,24
10667.png,32
10669.png,27
10675.png,26
10680.png,1
10681.png,26
10682.png,25
10685.png,27
10686.png,27
10693.png,10
10698.png,42
10699.png,25
10701.png,16
10703.png,0
10716.png,25
10726.png,0
10731.png,15
10736.png,21
10739.png,15
10740.png,1
10744.png,1
10745.png,32
10747.png,4
10755.png,15
10759.png,21
10763.png,21
10773.png,15
10783.png,32
10785.png,34
10788.png,3
10791.png,0
10792.png,9
10793.png,16
10795.png,21
10798.png,1
10799.png,40
10801.png,0
10804.png,9
10806.png,3
10807.png,1
10818.png,21
10819.png,16
10820.png,3
10824.png,25
10826.png,0
10831.png,1
10836.png,15
10838.png,0
10840.png,30
10842.png,1
10852.png,28
10854.png,0
10856.png,25
10857.png,0
10861.png,21
10863.png,25
10864.png,0
10865.png,27
10866.png,21
10867.png,9
10873.png,16
10876.png,9
10878.png,25
10881.png,0
10889.png,16
10891.png,4
10892.png,42
10893.png,31
10896.png,15
10897.png,2
10902.png,1
10904.png,1
10910.png,42
10913.png,27
10914.png,15
10915.png,2
10925.png,1
10929.png,3
10933.png,21
10937.png,0
10943.png,9
10944.png,1
10945.png,27
10948.png,11
10949.png,21
10958.png,0
10965.png,1
10966.png,16
10980.png,35
10984.png,0
10988.png,1
10990.png,15
10991.png,1
10994.png,1
11000.png,4
11001.png,0
11002.png,21
11003.png,16
11007.png,0
11014.png,9
11015.png,0
11016.png,0
11017.png,0
11019.png,31
11020.png,38
11022.png,21
11023.png,1
11027.png,0
11029.png,25
11030.png,8
11031.png,1
11034.png,25
11036.png,27
11037.png,16
11039.png,31
11042.png,24
11045.png,19
11046.png,1
11050.png,21
11051.png,5
11058.png,16
11059.png,9
11062.png,0
11066.png,1
11071.png,9
11075.png,3
11078.png,4
11082.png,0
11085.png,15
11086.png,36
11088.png,0
11101.png,21
11111.png,0
11112.png,1
11115.png,20
11122.png,0
11129.png,15
11135.png,9
11138.png,1
11144.png,21
11145.png,1
11146.png,32
11150.png,36
11155.png,0
11162.png,27
11163.png,0
11168.png,32
11169.png,0
11180.png,0
11181.png,16
11182.png,21
11184.png,1
11186.png,1
11188.png,32
11199.png,9
11201.png,42
11202.png,2
11203.png,26
11204.png,0
11205.png,15
11207.png,32
11210.png,0
11213.png,0
11218.png,27
11222.png,0
11227.png,1
11230.png,32
11232.png,38
11238.png,0
11243.png,11
11249.png,16
11250.png,8
11255.png,1
11258.png,1
11260.png,9
11261.png,42
11268.png,25
11269.png,32
11270.png,1
11276.png,9
11285.png,1
11290.png,5
11302.png,3
11303.png,31
11308.png,32
11309.png,1
11310.png,1
11312.png,27
11321.png,11
11329.png,4
11332.png,31
11343.png,0
11346.png,1
11354.png,15
11361.png,32
11364.png,15
11366.png,25
11383.png,3
11396.png,31
11397.png,1
11399.png,1
11414.png,42
11415.png,25
11417.png,1
11418.png,25
11423.png,4
11442.png,1
11444.png,1
11447.png,15
11449.png,11
11450.png,19
11453.png,19
11460.png,1
11465.png,0
11471.png,0
11481.png,32
11485.png,34
11486.png,11
11487.png,0
11489.png,1
11497.png,42
11498.png,15
11508.png,0
11516.png,19
11518.png,35
11524.png,0
11527.png,35
11532.png,11
11534.png,4
11544.png,39
11547.png,37
11549.png,31
11556.png,16
11559.png,0
11570.png,15
11571.png,36
11572.png,5
11600.png,5
11606.png,1
11608.png,5
11610.png,1
11618.png,16
11619.png,0
11629.png,4
11630.png,1
11631.png,16
11637.png,2
11639.png,33
11641.png,15
11648.png,15
11649.png,26
11650.png,0
11654.png,25
11662.png,36
11663.png,4
11670.png,21
11675.png,1
11676.png,1
11682.png,8
11684.png,8
11691.png,0
11692.png,1
11705.png,33
11708.png,1
11710.png,35
11713.png,2
11718.png,0
11724.png,16
11727.png,36
11731.png,11
11735.png,15
11740.png,0
11742.png,16
11752.png,3
11753.png,1
11761.png,1
11766.png,0
11771.png,0
11778.png,1
11779.png,0
11789.png,21
11790.png,0
11791.png,0
11792.png,0
11798.png,1
11801.png,11
11804.png,0
11806.png,10
11808.png,21
11810.png,35
11812.png,0
11814.png,16
11827.png,35
11846.png,15
11847.png,34
11848.png,33
11851.png,27
11858.png,33
11863.png,11
11873.png,0
11882.png,0
11887.png,1
11889.png,42
11902.png,15
11917.png,1
11924.png,1
11928.png,21
11931.png,36
11938.png,1
11951.png,0
11952.png,1
11967.png,21
11988.png,1
11990.png,11
11993.png,11
12001.png,1
12011.png,1
12021.png,15
12056.png,0
12057.png,42
12060.png,37
12062.png,33
12076.png,37
12089.png,16
12093.png,34
12105.png,31
12109.png,26
12121.png,15
12127.png,32
12162.png,15
12186.png,18
12210.png,27
12223.png,21
12235.png,21
12243.png,15
12248.png,15
12291.png,27
12293.png,19
12330.png,15
12341.png,37
12342.png,27
12345.png,20
12349.png,37
12352.png,40
12362.png,11
12374.png,28
12380.png,36
12382.png,28
12385.png,11
12386.png,15
12407.png,41
12422.png,11
12423.png,42
12432.png,40
12441.png,15
12448.png,15
12454.png,32
12456.png,36
12478.png,19
12496.png,35
12498.png,32
12511.png,34
12517.png,15
12524.png,36
12527.png,15
12528.png,36
12569.png,28
12572.png,15
12577.png,21
12584.png,11
12611.png,11
12614.png,0
12626.png,36
