id,홍,태훈,수환,철승,result,Unnamed: 6,Unnamed: 7,Unnamed: 8,Unnamed: 9
00000.png,16,16,16,16,OK,,,True,16.0
00001.png,1,1,1,1,OK,,,False,1.0
00002.png,38,38,38,38,OK,,,,38.0
00003.png,33,33,33,33,OK,,,,33.0
00004.png,11,11,11,11,OK,,,,11.0
00005.png,38,38,38,38,OK,,,,38.0
00006.png,18,18,18,18,OK,,,,18.0
00007.png,12,12,12,12,OK,,,,12.0
00008.png,25,25,25,25,OK,,,,25.0
00009.png,35,35,35,35,OK,,,,35.0
00010.png,12,12,12,12,OK,,,,12.0
00011.png,7,7,7,7,OK,,,,7.0
00012.png,23,23,23,23,OK,,,,23.0
00013.png,7,7,7,7,OK,,,,7.0
00014.png,4,4,4,4,OK,,,,4.0
00015.png,9,9,9,9,OK,,,,9.0
00016.png,21,21,21,21,OK,,,,21.0
00017.png,20,20,20,20,OK,,,,20.0
00018.png,27,27,27,27,OK,,,,27.0
00019.png,38,38,38,38,OK,,,,38.0
00020.png,4,4,4,4,OK,,,,4.0
00021.png,33,33,33,33,OK,,,,33.0
00022.png,9,9,9,9,OK,,,,9.0
00023.png,3,3,3,3,OK,,,,3.0
00024.png,1,1,1,1,OK,,,,1.0
00025.png,11,11,11,11,OK,,,,11.0
00026.png,13,13,13,13,OK,,,,13.0
00027.png,10,10,10,10,OK,,,,10.0
00028.png,9,9,9,9,OK,,,,9.0
00029.png,11,11,11,11,OK,,,,11.0
00030.png,5,5,5,5,OK,,,,5.0
00031.png,17,17,17,17,OK,,,,17.0
00032.png,34,34,34,34,OK,,,,34.0
00033.png,23,23,23,23,OK,,,,23.0
00034.png,2,2,2,2,OK,,,,2.0
00035.png,17,17,17,17,OK,,,,17.0
00036.png,3,3,3,3,OK,,,,3.0
00037.png,12,12,12,12,OK,,,,12.0
00038.png,16,16,16,16,OK,,,,16.0
00039.png,8,8,8,8,OK,,,,8.0
00040.png,7,7,7,7,OK,,,,7.0
00041.png,30,30,30,30,OK,,,,30.0
00042.png,18,18,18,18,OK,,,,18.0
00043.png,12,12,12,12,OK,,,,12.0
00044.png,24,24,24,24,OK,,,,24.0
00045.png,25,25,25,25,OK,,,,25.0
00046.png,3,3,3,3,OK,,,,3.0
00047.png,10,10,10,10,OK,,,,10.0
00048.png,18,18,18,18,OK,,,,18.0
00049.png,8,8,8,8,OK,,,,8.0
00050.png,25,25,25,25,OK,,,,25.0
00051.png,13,13,13,13,OK,,,,13.0
00052.png,15,15,15,15,OK,,,,15.0
00053.png,9,9,9,9,OK,,,,9.0
00054.png,13,13,13,13,OK,,,,13.0
00055.png,35,35,35,35,OK,,,,35.0
00056.png,5,5,5,5,OK,,,,5.0
00057.png,26,26,26,26,OK,,,,26.0
00058.png,9,9,9,9,OK,,,,9.0
00059.png,16,16,16,16,OK,,,,16.0
00060.png,38,38,38,38,OK,,,,38.0
00061.png,10,10,10,10,OK,,,,10.0
00062.png,4,4,4,4,OK,,,,4.0
00063.png,9,9,9,9,OK,,,,9.0
00064.png,15,15,15,15,OK,,,,15.0
00065.png,9,9,9,9,OK,,,,9.0
00066.png,26,26,26,26,OK,,,,26.0
00067.png,2,2,2,2,OK,,,,2.0
00068.png,5,5,5,5,OK,,,,5.0
00069.png,28,28,28,28,OK,,,,28.0
00070.png,11,11,11,11,OK,,,,11.0
00071.png,25,25,25,25,OK,,,,25.0
00072.png,30,30,11,11,KO,,,,30.0
00073.png,34,34,34,34,OK,,,,34.0
00074.png,5,5,5,5,OK,,,,5.0
00075.png,12,12,12,12,OK,,,,12.0
00076.png,1,1,1,1,OK,,,,1.0
00077.png,10,10,10,10,OK,,,,10.0
00078.png,25,25,25,25,OK,,,,25.0
00079.png,25,25,25,25,OK,,,,25.0
00080.png,21,21,21,21,OK,,,,21.0
00081.png,33,33,33,33,OK,,,,33.0
00082.png,25,25,25,25,OK,,,,25.0
00083.png,7,7,7,7,OK,,,,7.0
00084.png,10,10,10,10,OK,,,,10.0
00085.png,35,35,35,35,OK,,,,35.0
00086.png,3,3,3,3,OK,,,,3.0
00087.png,7,7,7,7,OK,,,,7.0
00088.png,22,22,22,22,OK,,,,22.0
00089.png,13,13,13,13,OK,,,,13.0
00090.png,3,3,3,3,OK,,,,3.0
00091.png,1,1,1,1,OK,,,,1.0
00092.png,2,2,2,2,OK,,,,2.0
00093.png,14,14,14,14,OK,,,,14.0
00094.png,12,12,12,12,OK,,,,12.0
00095.png,32,32,32,32,OK,,,,32.0
00096.png,3,3,3,3,OK,,,,3.0
00097.png,38,38,38,38,OK,,,,38.0
00098.png,9,9,9,9,OK,,,,9.0
00099.png,33,33,33,33,OK,,,,33.0
00100.png,1,1,1,1,OK,,,,1.0
00101.png,10,10,10,10,OK,,,,10.0
00102.png,5,5,5,5,OK,,,,5.0
00103.png,11,11,11,11,OK,,,,11.0
00104.png,33,33,33,33,OK,,,,33.0
00105.png,4,4,4,4,OK,,,,4.0
00106.png,35,35,35,35,OK,,,,35.0
00107.png,25,25,25,25,OK,,,,25.0
00108.png,33,33,33,33,OK,,,,33.0
00109.png,4,4,4,4,OK,,,,4.0
00110.png,1,1,1,1,OK,,,,1.0
00111.png,14,14,14,14,OK,,,,14.0
00112.png,16,16,16,16,OK,,,,16.0
00113.png,10,10,10,10,OK,,,,10.0
00114.png,30,11,30,30,KO,,,,11.0
00115.png,3,3,3,3,OK,,,,3.0
00116.png,27,27,27,27,OK,,,,27.0
00117.png,29,29,29,29,OK,,,,29.0
00118.png,1,1,1,1,OK,,,,1.0
00119.png,17,17,17,17,OK,,,,17.0
00120.png,13,13,13,13,OK,,,,13.0
00121.png,7,7,7,7,OK,,,,7.0
00122.png,1,1,1,1,OK,,,,1.0
00123.png,8,8,8,8,OK,,,,8.0
00124.png,2,2,2,2,OK,,,,2.0
00125.png,10,10,10,10,OK,,,,10.0
00126.png,10,10,10,10,OK,,,,10.0
00127.png,11,25,11,30,KO,,,,11.0
00128.png,1,1,1,1,OK,,,,1.0
00129.png,6,6,6,6,OK,,,,6.0
00130.png,36,36,36,36,OK,,,,36.0
00131.png,3,3,3,3,OK,,,,3.0
00132.png,14,14,14,14,OK,,,,14.0
00133.png,13,13,13,13,OK,,,,13.0
00134.png,11,11,11,11,OK,,,,11.0
00135.png,10,10,10,10,OK,,,,10.0
00136.png,18,18,18,18,OK,,,,18.0
00137.png,40,40,40,40,OK,,,,40.0
00138.png,2,2,2,2,OK,,,,2.0
00139.png,38,38,38,38,OK,,,,38.0
00140.png,41,41,41,41,OK,,,,41.0
00141.png,4,4,4,4,OK,,,,4.0
00142.png,6,6,6,6,OK,,,,6.0
00143.png,18,18,18,18,OK,,,,18.0
00144.png,17,17,17,17,OK,,,,17.0
00145.png,25,25,25,25,OK,,,,25.0
00146.png,2,2,2,2,OK,,,,2.0
00147.png,41,41,41,41,OK,,,,41.0
00148.png,11,11,11,11,OK,,,,11.0
00149.png,21,21,21,21,OK,,,,21.0
00150.png,7,7,7,7,OK,,,,7.0
00151.png,24,24,24,24,OK,,,,24.0
00152.png,11,11,11,11,OK,,,,11.0
00153.png,25,25,25,25,OK,,,,25.0
00154.png,17,17,17,17,OK,,,,17.0
00155.png,3,3,3,3,OK,,,,3.0
00156.png,6,6,6,6,OK,,,,6.0
00157.png,9,9,9,9,OK,,,,9.0
00158.png,7,7,7,7,OK,,,,7.0
00159.png,4,4,4,4,OK,,,,4.0
00160.png,13,13,13,13,OK,,,,13.0
00161.png,16,16,16,16,OK,,,,16.0
00162.png,4,4,4,4,OK,,,,4.0
00163.png,25,25,25,25,OK,,,,25.0
00164.png,18,18,18,18,OK,,,,18.0
00165.png,9,9,9,9,OK,,,,9.0
00166.png,13,13,13,13,OK,,,,13.0
00167.png,14,14,14,14,OK,,,,14.0
00168.png,29,29,29,29,OK,,,,29.0
00169.png,17,17,17,17,OK,,,,17.0
00170.png,13,13,13,13,OK,,,,13.0
00171.png,38,38,38,38,OK,,,,38.0
00172.png,26,26,26,26,OK,,,,26.0
00173.png,25,25,25,25,OK,,,,25.0
00174.png,33,33,33,33,OK,,,,33.0
00175.png,1,1,1,1,OK,,,,1.0
00176.png,3,3,3,3,OK,,,,3.0
00177.png,40,40,40,40,OK,,,,40.0
00178.png,13,13,13,13,OK,,,,13.0
00179.png,2,2,2,2,OK,,,,2.0
00180.png,8,8,8,8,OK,,,,8.0
00181.png,4,4,4,4,OK,,,,4.0
00182.png,36,36,36,36,OK,,,,36.0
00183.png,25,25,25,25,OK,,,,25.0
00184.png,20,20,20,20,OK,,,,20.0
00185.png,25,25,25,25,OK,,,,25.0
00186.png,18,18,18,18,OK,,,,18.0
00187.png,1,1,1,1,OK,,,,1.0
00188.png,10,10,10,10,OK,,,,10.0
00189.png,8,8,8,8,OK,,,,8.0
00190.png,10,10,10,10,OK,,,,10.0
00191.png,29,29,29,29,OK,,,,29.0
00192.png,12,12,12,12,OK,,,,12.0
00193.png,38,38,38,38,OK,,,,38.0
00194.png,31,31,31,31,OK,,,,31.0
00195.png,2,2,2,2,OK,,,,2.0
00196.png,8,8,8,8,OK,,,,8.0
00197.png,38,38,38,38,OK,,,,38.0
00198.png,18,18,18,18,OK,,,,18.0
00199.png,28,28,28,28,OK,,,,28.0
00200.png,17,17,17,17,OK,,,,17.0
00201.png,9,9,9,9,OK,,,,9.0
00202.png,4,4,4,4,OK,,,,4.0
00203.png,1,1,1,1,OK,,,,1.0
00204.png,17,17,17,17,OK,,,,17.0
00205.png,9,9,9,9,OK,,,,9.0
00206.png,2,2,2,2,OK,,,,2.0
00207.png,31,31,31,31,OK,,,,31.0
00208.png,13,13,13,13,OK,,,,13.0
00209.png,15,15,15,15,OK,,,,15.0
00210.png,15,15,15,15,OK,,,,15.0
00211.png,38,38,38,38,OK,,,,38.0
00212.png,25,25,25,25,OK,,,,25.0
00213.png,5,5,5,5,OK,,,,5.0
00214.png,25,25,25,25,OK,,,,25.0
00215.png,13,13,13,13,OK,,,,13.0
00216.png,10,10,10,10,OK,,,,10.0
00217.png,5,5,5,5,OK,,,,5.0
00218.png,4,4,4,4,OK,,,,4.0
00219.png,10,10,10,10,OK,,,,10.0
00220.png,2,2,2,2,OK,,,,2.0
00221.png,4,4,4,4,OK,,,,4.0
00222.png,5,5,5,5,OK,,,,5.0
00223.png,1,1,1,1,OK,,,,1.0
00224.png,14,14,14,14,OK,,,,14.0
00225.png,12,12,12,12,OK,,,,12.0
00226.png,12,12,12,12,OK,,,,12.0
00227.png,5,5,5,5,OK,,,,5.0
00228.png,8,8,8,8,OK,,,,8.0
00229.png,36,36,36,36,OK,,,,36.0
00230.png,25,25,25,25,OK,,,,25.0
00231.png,13,13,13,13,OK,,,,13.0
00232.png,33,33,33,33,OK,,,,33.0
00233.png,18,18,18,18,OK,,,,18.0
00234.png,33,33,33,33,OK,,,,33.0
00235.png,19,19,19,19,OK,,,,19.0
00236.png,12,12,12,12,OK,,,,12.0
00237.png,30,11,11,11,KO,,,,20.0
00238.png,4,4,4,4,OK,,,,4.0
00239.png,18,18,18,18,OK,,,,18.0
00240.png,12,12,12,12,OK,,,,12.0
00241.png,13,13,13,13,OK,,,,13.0
00242.png,20,20,20,20,OK,,,,20.0
00243.png,0,0,0,0,OK,,,,0.0
00244.png,10,10,10,10,OK,,,,10.0
00245.png,40,40,40,40,OK,,,,40.0
00246.png,5,5,5,5,OK,,,,5.0
00247.png,8,8,8,8,OK,,,,8.0
00248.png,12,12,12,12,OK,,,,12.0
00249.png,38,38,38,38,OK,,,,38.0
00250.png,20,20,20,20,OK,,,,20.0
00251.png,14,14,14,14,OK,,,,14.0
00252.png,0,0,0,0,OK,,,,0.0
00253.png,36,36,36,36,OK,,,,36.0
00254.png,34,34,34,34,OK,,,,34.0
00255.png,28,28,28,28,OK,,,,28.0
00256.png,35,35,35,35,OK,,,,35.0
00257.png,13,13,13,13,OK,,,,13.0
00258.png,25,25,25,25,OK,,,,25.0
00259.png,15,15,15,15,OK,,,,15.0
00260.png,35,35,35,35,OK,,,,35.0
00261.png,14,14,14,14,OK,,,,14.0
00262.png,18,18,18,18,OK,,,,18.0
00263.png,25,25,25,25,OK,,,,25.0
00264.png,1,1,1,1,OK,,,,1.0
00265.png,12,12,12,12,OK,,,,12.0
00266.png,5,5,5,5,OK,,,,5.0
00267.png,25,25,25,25,OK,,,,25.0
00268.png,2,2,2,2,OK,,,,2.0
00269.png,18,18,18,18,OK,,,,18.0
00270.png,18,18,18,18,OK,,,,18.0
00271.png,18,18,18,18,OK,,,,18.0
00272.png,34,34,34,34,OK,,,,34.0
00273.png,9,9,9,9,OK,,,,9.0
00274.png,25,25,25,25,OK,,,,25.0
00275.png,18,18,18,18,OK,,,,18.0
00276.png,34,34,34,34,OK,,,,34.0
00277.png,39,39,39,39,OK,,,,39.0
00278.png,31,31,31,31,OK,,,,31.0
00279.png,1,1,1,1,OK,,,,1.0
00280.png,9,9,9,9,OK,,,,9.0
00281.png,35,35,35,35,OK,,,,35.0
00282.png,31,31,31,31,OK,,,,31.0
00283.png,26,26,26,26,OK,,,,26.0
00284.png,1,1,1,1,OK,,,,1.0
00285.png,1,1,1,1,OK,,,,1.0
00286.png,33,33,33,33,OK,,,,33.0
00287.png,30,30,11,11,KO,,,,30.0
00288.png,17,17,17,17,OK,,,,17.0
00289.png,13,13,13,13,OK,,,,13.0
00290.png,1,1,1,1,OK,,,,1.0
00291.png,31,31,31,31,OK,,,,31.0
00292.png,13,13,13,13,OK,,,,13.0
00293.png,35,35,35,35,OK,,,,35.0
00294.png,5,5,5,5,OK,,,,5.0
00295.png,1,1,1,1,OK,,,,1.0
00296.png,33,33,33,33,OK,,,,33.0
00297.png,28,28,28,28,OK,,,,28.0
00298.png,35,35,35,35,OK,,,,35.0
00299.png,26,26,26,26,OK,,,,26.0
00300.png,12,12,12,12,OK,,,,12.0
00301.png,5,5,5,5,OK,,,,5.0
00302.png,2,2,2,2,OK,,,,2.0
00303.png,14,14,14,14,OK,,,,14.0
00304.png,4,4,4,4,OK,,,,4.0
00305.png,3,3,3,3,OK,,,,3.0
00306.png,32,32,32,32,OK,,,,32.0
00307.png,1,1,1,1,OK,,,,1.0
00308.png,7,7,7,7,OK,,,,7.0
00309.png,40,38,38,38,KO,,,,38.0
00310.png,19,19,19,19,OK,,,,19.0
00311.png,11,11,11,11,OK,,,,11.0
00312.png,38,38,38,38,OK,,,,38.0
00313.png,38,38,38,38,OK,,,,38.0
00314.png,1,1,1,1,OK,,,,1.0
00315.png,42,42,42,42,OK,,,,42.0
00316.png,2,2,2,2,OK,,,,2.0
00317.png,40,40,40,40,OK,,,,40.0
00318.png,17,17,17,17,OK,,,,17.0
00319.png,4,4,4,4,OK,,,,4.0
00320.png,8,8,8,8,OK,,,,8.0
00321.png,4,4,4,4,OK,,,,4.0
00322.png,5,5,5,5,OK,,,,5.0
00323.png,6,6,6,6,OK,,,,6.0
00324.png,31,31,31,31,OK,,,,31.0
00325.png,35,35,35,35,OK,,,,35.0
00326.png,9,9,9,9,OK,,,,9.0
00327.png,38,38,38,38,OK,,,,38.0
00328.png,8,8,8,8,OK,,,,8.0
00329.png,2,2,2,2,OK,,,,2.0
00330.png,4,4,4,4,OK,,,,4.0
00331.png,18,18,18,18,OK,,,,18.0
00332.png,3,3,3,3,OK,,,,3.0
00333.png,25,25,25,25,OK,,,,25.0
00334.png,10,10,10,10,OK,,,,10.0
00335.png,6,42,42,6,KO,,,,42.0
00336.png,7,7,7,7,OK,,,,7.0
00337.png,34,34,34,34,OK,,,,34.0
00338.png,4,4,4,4,OK,,,,4.0
00339.png,25,25,25,25,OK,,,,25.0
00340.png,10,10,10,10,OK,,,,10.0
00341.png,29,29,29,29,OK,,,,29.0
00342.png,9,9,9,9,OK,,,,9.0
00343.png,2,2,2,2,OK,,,,2.0
00344.png,38,38,38,38,OK,,,,38.0
00345.png,38,38,38,38,OK,,,,38.0
00346.png,18,18,18,18,OK,,,,18.0
00347.png,7,7,7,7,OK,,,,7.0
00348.png,13,13,13,13,OK,,,,13.0
00349.png,28,28,28,28,OK,,,,28.0
00350.png,17,17,17,17,OK,,,,17.0
00351.png,2,2,2,2,OK,,,,2.0
00352.png,16,16,16,16,OK,,,,16.0
00353.png,14,14,14,14,OK,,,,14.0
00354.png,12,12,12,12,OK,,,,12.0
00355.png,40,40,40,40,OK,,,,40.0
00356.png,35,35,35,35,OK,,,,35.0
00357.png,3,3,3,3,OK,,,,3.0
00358.png,40,38,38,38,KO,,,,38.0
00359.png,10,10,10,10,OK,,,,10.0
00360.png,9,9,9,9,OK,,,,9.0
00361.png,38,38,38,38,OK,,,,38.0
00362.png,13,13,13,13,OK,,,,13.0
00363.png,39,39,39,39,OK,,,,39.0
00364.png,3,3,3,3,OK,,,,3.0
00365.png,11,11,11,11,OK,,,,11.0
00366.png,7,7,7,7,OK,,,,7.0
00367.png,38,38,38,38,OK,,,,38.0
00368.png,19,19,19,19,OK,,,,19.0
00369.png,13,13,13,13,OK,,,,13.0
00370.png,10,10,10,10,OK,,,,10.0
00371.png,18,18,18,18,OK,,,,18.0
00372.png,3,3,3,3,OK,,,,3.0
00373.png,5,5,5,5,OK,,,,5.0
00374.png,26,26,26,26,OK,,,,26.0
00375.png,1,1,1,1,OK,,,,1.0
00376.png,41,41,41,41,OK,,,,41.0
00377.png,13,13,13,13,OK,,,,13.0
00378.png,1,1,1,1,OK,,,,1.0
00379.png,18,18,18,18,OK,,,,18.0
00380.png,19,19,19,19,OK,,,,19.0
00381.png,13,13,13,13,OK,,,,13.0
00382.png,38,38,38,38,OK,,,,38.0
00383.png,4,4,4,4,OK,,,,4.0
00384.png,35,35,35,35,OK,,,,35.0
00385.png,25,25,25,25,OK,,,,25.0
00386.png,34,34,34,34,OK,,,,34.0
00387.png,12,12,12,12,OK,,,,12.0
00388.png,17,17,17,17,OK,,,,17.0
00389.png,9,9,9,9,OK,,,,9.0
00390.png,4,4,4,4,OK,,,,4.0
00391.png,33,33,33,33,OK,,,,33.0
00392.png,28,28,28,28,OK,,,,28.0
00393.png,2,2,2,2,OK,,,,2.0
00394.png,4,1,1,1,KO,,,,1.0
00395.png,5,5,5,5,OK,,,,5.0
00396.png,4,4,4,4,OK,,,,4.0
00397.png,38,38,38,38,OK,,,,38.0
00398.png,4,4,4,4,OK,,,,4.0
00399.png,12,12,12,12,OK,,,,12.0
00400.png,38,38,38,38,OK,,,,38.0
00401.png,36,36,36,36,OK,,,,36.0
00402.png,10,10,10,10,OK,,,,10.0
00403.png,0,0,0,0,OK,,,,0.0
00404.png,38,38,38,38,OK,,,,38.0
00405.png,36,36,36,36,OK,,,,36.0
00406.png,8,8,8,8,OK,,,,8.0
00407.png,25,25,25,25,OK,,,,25.0
00408.png,5,5,5,5,OK,,,,5.0
00409.png,2,2,2,2,OK,,,,2.0
00410.png,25,25,25,25,OK,,,,25.0
00411.png,14,14,14,14,OK,,,,14.0
00412.png,2,2,2,2,OK,,,,2.0
00413.png,26,26,26,26,OK,,,,26.0
00414.png,29,29,29,29,OK,,,,29.0
00415.png,10,10,10,10,OK,,,,10.0
00416.png,10,10,10,10,OK,,,,10.0
00417.png,14,14,14,14,OK,,,,14.0
00418.png,9,9,9,9,OK,,,,9.0
00419.png,2,2,2,2,OK,,,,2.0
00420.png,3,3,3,3,OK,,,,3.0
00421.png,4,4,4,4,OK,,,,4.0
00422.png,19,19,19,19,OK,,,,19.0
00423.png,9,9,9,9,OK,,,,9.0
00424.png,10,10,10,10,OK,,,,10.0
00425.png,13,13,13,13,OK,,,,13.0
00426.png,13,13,13,13,OK,,,,13.0
00427.png,20,20,20,20,OK,,,,20.0
00428.png,38,38,38,38,OK,,,,38.0
00429.png,34,34,34,34,OK,,,,34.0
00430.png,11,11,11,11,OK,,,,11.0
00431.png,13,13,13,13,OK,,,,13.0
00432.png,34,34,34,34,OK,,,,34.0
00433.png,34,34,34,34,OK,,,,34.0
00434.png,12,12,12,12,OK,,,,12.0
00435.png,6,6,6,6,OK,,,,6.0
00436.png,10,10,10,10,OK,,,,10.0
00437.png,10,10,10,10,OK,,,,10.0
00438.png,8,8,8,8,OK,,,,8.0
00439.png,3,3,3,3,OK,,,,3.0
00440.png,22,22,22,22,OK,,,,22.0
00441.png,17,17,17,17,OK,,,,17.0
00442.png,7,7,7,7,OK,,,,7.0
00443.png,30,30,30,30,OK,,,,30.0
00444.png,25,25,25,25,OK,,,,25.0
00445.png,1,1,1,1,OK,,,,1.0
00446.png,31,31,31,31,OK,,,,31.0
00447.png,38,38,38,38,OK,,,,38.0
00448.png,38,38,38,38,OK,,,,38.0
00449.png,8,8,8,8,OK,,,,8.0
00450.png,9,9,9,9,OK,,,,9.0
00451.png,10,10,10,10,OK,,,,10.0
00452.png,2,2,2,2,OK,,,,2.0
00453.png,40,40,40,40,OK,,,,40.0
00454.png,1,1,1,1,OK,,,,1.0
00455.png,38,38,38,38,OK,,,,38.0
00456.png,14,14,14,14,OK,,,,14.0
00457.png,8,8,8,8,OK,,,,8.0
00458.png,39,39,39,39,OK,,,,39.0
00459.png,6,6,6,6,OK,,,,6.0
00460.png,35,35,35,35,OK,,,,35.0
00461.png,25,25,25,25,OK,,,,25.0
00462.png,25,25,25,25,OK,,,,25.0
00463.png,17,17,17,17,OK,,,,17.0
00464.png,2,2,2,2,OK,,,,2.0
00465.png,38,38,38,38,OK,,,,38.0
00466.png,7,7,7,7,OK,,,,7.0
00467.png,13,13,13,13,OK,,,,13.0
00468.png,14,14,14,14,OK,,,,14.0
00469.png,7,7,7,7,OK,,,,7.0
00470.png,8,8,8,8,OK,,,,8.0
00471.png,35,35,35,35,OK,,,,35.0
00472.png,3,3,3,3,OK,,,,3.0
00473.png,1,1,1,1,OK,,,,1.0
00474.png,35,35,35,35,OK,,,,35.0
00475.png,12,12,12,12,OK,,,,12.0
00476.png,35,35,35,35,OK,,,,35.0
00477.png,36,36,36,36,OK,,,,36.0
00478.png,24,24,24,24,OK,,,,24.0
00479.png,13,13,13,13,OK,,,,13.0
00480.png,33,33,33,33,OK,,,,33.0
00481.png,2,2,2,2,OK,,,,2.0
00482.png,35,35,35,35,OK,,,,35.0
00483.png,6,6,6,6,OK,,,,6.0
00484.png,2,2,2,2,OK,,,,2.0
00485.png,10,10,10,10,OK,,,,10.0
00486.png,12,12,12,12,OK,,,,12.0
00487.png,31,31,31,31,OK,,,,31.0
00488.png,9,9,9,9,OK,,,,9.0
00489.png,14,14,14,14,OK,,,,14.0
00490.png,17,17,17,17,OK,,,,17.0
00491.png,26,26,26,26,OK,,,,26.0
00492.png,7,7,7,2,KO,,,,4.0
00493.png,3,3,3,3,OK,,,,3.0
00494.png,10,10,10,10,OK,,,,10.0
00495.png,5,5,5,5,OK,,,,5.0
00496.png,11,11,11,11,OK,,,,11.0
00497.png,9,9,9,9,OK,,,,9.0
00498.png,31,31,31,31,OK,,,,31.0
00499.png,40,40,40,40,OK,,,,40.0
00500.png,22,22,22,22,OK,,,,22.0
00501.png,30,30,30,30,OK,,,,30.0
00502.png,9,9,9,9,OK,,,,9.0
00503.png,7,7,7,7,OK,,,,7.0
00504.png,23,23,23,23,OK,,,,23.0
00505.png,4,4,4,4,OK,,,,4.0
00506.png,32,32,32,32,OK,,,,32.0
00507.png,42,42,42,42,OK,,,,42.0
00508.png,1,1,1,1,OK,,,,1.0
00509.png,3,3,3,3,OK,,,,3.0
00510.png,8,8,8,8,OK,,,,8.0
00511.png,2,2,2,2,OK,,,,2.0
00512.png,25,25,25,25,OK,,,,25.0
00513.png,22,22,22,25,KO,,,,22.0
00514.png,38,38,38,38,OK,,,,38.0
00515.png,33,33,33,33,OK,,,,33.0
00516.png,3,3,3,3,OK,,,,3.0
00517.png,1,1,1,1,OK,,,,1.0
00518.png,8,8,8,8,OK,,,,8.0
00519.png,4,4,4,4,OK,,,,4.0
00520.png,18,18,18,18,OK,,,,18.0
00521.png,26,26,26,26,OK,,,,26.0
00522.png,31,31,31,31,OK,,,,31.0
00523.png,14,14,14,14,OK,,,,14.0
00524.png,11,11,11,11,OK,,,,11.0
00525.png,13,13,13,13,OK,,,,13.0
00526.png,3,3,3,3,OK,,,,3.0
00527.png,5,5,5,5,OK,,,,5.0
00528.png,18,18,18,18,OK,,,,18.0
00529.png,4,4,4,4,OK,,,,4.0
00530.png,13,13,13,13,OK,,,,13.0
00531.png,15,15,15,15,OK,,,,15.0
00532.png,23,23,23,23,OK,,,,23.0
00533.png,1,1,1,1,OK,,,,1.0
00534.png,12,12,12,12,OK,,,,12.0
00535.png,31,31,31,31,OK,,,,31.0
00536.png,38,38,38,38,OK,,,,38.0
00537.png,6,6,6,6,OK,,,,6.0
00538.png,10,10,10,10,OK,,,,10.0
00539.png,35,35,35,35,OK,,,,35.0
00540.png,8,8,8,8,OK,,,,8.0
00541.png,6,6,6,6,OK,,,,6.0
00542.png,5,5,5,5,OK,,,,5.0
00543.png,12,12,12,12,OK,,,,12.0
00544.png,4,4,4,4,OK,,,,4.0
00545.png,1,1,1,1,OK,,,,1.0
00546.png,1,1,1,1,OK,,,,1.0
00547.png,1,1,1,1,OK,,,,1.0
00548.png,12,12,12,12,OK,,,,12.0
00549.png,12,12,12,12,OK,,,,12.0
00550.png,2,2,4,2,KO,,,,23.0
00551.png,5,5,5,5,OK,,,,5.0
00552.png,9,9,9,9,OK,,,,9.0
00553.png,13,13,13,13,OK,,,,13.0
00554.png,38,38,38,38,OK,,,,38.0
00555.png,4,4,4,4,OK,,,,4.0
00556.png,13,13,13,13,OK,,,,13.0
00557.png,8,8,8,8,OK,,,,8.0
00558.png,13,13,13,13,OK,,,,13.0
00559.png,24,24,24,24,OK,,,,24.0
00560.png,17,17,17,17,OK,,,,17.0
00561.png,10,10,10,10,OK,,,,10.0
00562.png,10,10,10,10,OK,,,,10.0
00563.png,18,18,18,18,OK,,,,18.0
00564.png,12,12,12,12,OK,,,,12.0
00565.png,23,23,23,23,OK,,,,23.0
00566.png,10,10,10,10,OK,,,,10.0
00567.png,10,10,10,10,OK,,,,10.0
00568.png,1,1,1,1,OK,,,,1.0
00569.png,23,23,23,23,OK,,,,23.0
00570.png,3,3,3,3,OK,,,,3.0
00571.png,8,8,8,8,OK,,,,8.0
00572.png,41,41,41,41,OK,,,,41.0
00573.png,6,6,6,6,OK,,,,6.0
00574.png,13,13,13,13,OK,,,,13.0
00575.png,33,33,33,33,OK,,,,33.0
00576.png,3,3,3,3,OK,,,,3.0
00577.png,2,2,2,2,OK,,,,2.0
00578.png,13,13,13,13,OK,,,,13.0
00579.png,0,0,0,0,OK,,,,0.0
00580.png,17,17,17,17,OK,,,,17.0
00581.png,10,10,10,10,OK,,,,10.0
00582.png,7,7,7,7,OK,,,,7.0
00583.png,1,1,1,1,OK,,,,1.0
00584.png,35,35,35,35,OK,,,,35.0
00585.png,10,10,10,10,OK,,,,10.0
00586.png,2,2,2,2,OK,,,,2.0
00587.png,30,30,30,30,OK,,,,30.0
00588.png,5,5,5,5,OK,,,,5.0
00589.png,5,5,5,5,OK,,,,5.0
00590.png,35,35,35,35,OK,,,,35.0
00591.png,13,13,13,13,OK,,,,13.0
00592.png,16,16,16,16,OK,,,,16.0
00593.png,17,17,17,17,OK,,,,17.0
00594.png,11,11,11,11,OK,,,,11.0
00595.png,3,3,3,3,OK,,,,3.0
00596.png,4,4,4,4,OK,,,,4.0
00597.png,29,29,29,29,OK,,,,29.0
00598.png,2,2,2,2,OK,,,,2.0
00599.png,26,26,26,26,OK,,,,26.0
00600.png,2,2,2,2,OK,,,,2.0
00601.png,11,11,11,11,OK,,,,11.0
00602.png,4,4,4,4,OK,,,,4.0
00603.png,19,19,19,19,OK,,,,19.0
00604.png,3,3,3,3,OK,,,,3.0
00605.png,9,9,9,9,OK,,,,9.0
00606.png,7,7,7,7,OK,,,,7.0
00607.png,38,38,38,38,OK,,,,38.0
00608.png,28,28,28,28,OK,,,,28.0
00609.png,9,9,9,9,OK,,,,9.0
00610.png,27,27,27,27,OK,,,,27.0
00611.png,41,41,41,41,OK,,,,41.0
00612.png,1,1,1,1,OK,,,,1.0
00613.png,29,29,29,29,OK,,,,29.0
00614.png,11,11,11,11,OK,,,,11.0
00615.png,10,10,10,10,OK,,,,10.0
00616.png,25,25,25,25,OK,,,,25.0
00617.png,1,1,1,1,OK,,,,1.0
00618.png,10,10,10,10,OK,,,,10.0
00619.png,38,38,38,38,OK,,,,38.0
00620.png,30,30,30,30,OK,,,,30.0
00621.png,14,14,14,14,OK,,,,14.0
00622.png,1,1,1,1,OK,,,,1.0
00623.png,12,12,12,12,OK,,,,12.0
00624.png,7,7,7,7,OK,,,,7.0
00625.png,13,13,13,13,OK,,,,13.0
00626.png,28,28,28,28,OK,,,,28.0
00627.png,8,8,8,8,OK,,,,8.0
00628.png,2,2,2,2,OK,,,,2.0
00629.png,17,17,17,17,OK,,,,17.0
00630.png,5,5,5,5,OK,,,,5.0
00631.png,35,35,35,35,OK,,,,35.0
00632.png,25,25,25,25,OK,,,,25.0
00633.png,8,8,8,8,OK,,,,8.0
00634.png,4,4,4,4,OK,,,,4.0
00635.png,7,7,7,7,OK,,,,7.0
00636.png,16,16,16,16,OK,,,,16.0
00637.png,29,29,29,29,OK,,,,29.0
00638.png,17,17,17,17,OK,,,,17.0
00639.png,9,9,9,9,OK,,,,9.0
00640.png,7,7,7,7,OK,,,,7.0
00641.png,8,8,8,8,OK,,,,8.0
00642.png,17,17,17,17,OK,,,,17.0
00643.png,11,11,11,11,OK,,,,11.0
00644.png,2,2,2,2,OK,,,,2.0
00645.png,13,13,13,13,OK,,,,13.0
00646.png,12,12,12,12,OK,,,,12.0
00647.png,7,7,7,7,OK,,,,7.0
00648.png,1,1,1,1,OK,,,,1.0
00649.png,2,2,2,2,OK,,,,2.0
00650.png,32,32,32,32,OK,,,,32.0
00651.png,17,17,17,17,OK,,,,17.0
00652.png,13,13,13,13,OK,,,,13.0
00653.png,5,5,5,5,OK,,,,5.0
00654.png,12,12,12,12,OK,,,,12.0
00655.png,11,11,11,11,OK,,,,11.0
00656.png,29,29,29,29,OK,,,,29.0
00657.png,13,13,13,13,OK,,,,13.0
00658.png,13,13,13,13,OK,,,,13.0
00659.png,10,10,10,10,OK,,,,10.0
00660.png,5,5,5,5,OK,,,,5.0
00661.png,13,13,13,13,OK,,,,13.0
00662.png,2,2,2,2,OK,,,,2.0
00663.png,7,7,7,7,OK,,,,7.0
00664.png,13,13,13,13,OK,,,,13.0
00665.png,10,10,10,10,OK,,,,10.0
00666.png,14,14,14,14,OK,,,,14.0
00667.png,13,13,13,13,OK,,,,13.0
00668.png,11,11,11,11,OK,,,,11.0
00669.png,4,4,4,4,OK,,,,4.0
00670.png,15,15,15,15,OK,,,,15.0
00671.png,10,10,10,10,OK,,,,10.0
00672.png,36,36,36,36,OK,,,,36.0
00673.png,35,35,35,35,OK,,,,35.0
00674.png,26,26,26,26,OK,,,,26.0
00675.png,0,0,0,0,OK,,,,0.0
00676.png,25,25,25,25,OK,,,,25.0
00677.png,18,18,18,18,OK,,,,18.0
00678.png,29,29,29,29,OK,,,,29.0
00679.png,8,8,8,8,OK,,,,8.0
00680.png,13,13,13,13,OK,,,,13.0
00681.png,14,14,14,14,OK,,,,14.0
00682.png,34,35,35,35,KO,,,,35.0
00683.png,12,12,12,12,OK,,,,12.0
00684.png,35,35,35,35,OK,,,,35.0
00685.png,35,35,35,35,OK,,,,35.0
00686.png,14,14,14,14,OK,,,,14.0
00687.png,25,25,25,25,OK,,,,25.0
00688.png,17,17,17,17,OK,,,,17.0
00689.png,34,34,34,34,OK,,,,34.0
00690.png,5,5,5,5,OK,,,,5.0
00691.png,4,4,4,4,OK,,,,4.0
00692.png,4,4,4,4,OK,,,,4.0
00693.png,13,13,13,13,OK,,,,13.0
00694.png,29,29,29,29,OK,,,,29.0
00695.png,4,4,4,4,OK,,,,4.0
00696.png,5,5,5,5,OK,,,,5.0
00697.png,8,8,8,8,OK,,,,8.0
00698.png,1,1,1,1,OK,,,,1.0
00699.png,2,2,2,2,OK,,,,2.0
00700.png,3,3,3,3,OK,,,,3.0
00701.png,4,4,4,4,OK,,,,4.0
00702.png,39,39,39,39,OK,,,,39.0
00703.png,12,12,12,12,OK,,,,12.0
00704.png,7,7,7,7,OK,,,,7.0
00705.png,16,16,16,16,OK,,,,16.0
00706.png,12,12,12,12,OK,,,,12.0
00707.png,12,12,12,12,OK,,,,12.0
00708.png,18,18,18,18,OK,,,,18.0
00709.png,16,16,16,16,OK,,,,16.0
00710.png,2,2,2,2,OK,,,,2.0
00711.png,36,36,36,36,OK,,,,36.0
00712.png,11,11,11,11,OK,,,,11.0
00713.png,39,39,39,39,OK,,,,39.0
00714.png,4,4,4,4,OK,,,,4.0
00715.png,6,6,6,6,OK,,,,6.0
00716.png,2,2,2,2,OK,,,,2.0
00717.png,36,36,36,36,OK,,,,36.0
00718.png,1,1,1,1,OK,,,,1.0
00719.png,5,5,5,5,OK,,,,5.0
00720.png,10,10,10,10,OK,,,,10.0
00721.png,13,13,13,13,OK,,,,13.0
00722.png,5,5,5,5,OK,,,,5.0
00723.png,30,30,30,30,OK,,,,30.0
00724.png,38,38,38,38,OK,,,,38.0
00725.png,13,13,13,13,OK,,,,13.0
00726.png,14,14,14,14,OK,,,,14.0
00727.png,11,11,11,11,OK,,,,11.0
00728.png,11,11,11,11,OK,,,,11.0
00729.png,35,35,35,35,OK,,,,35.0
00730.png,25,25,25,25,OK,,,,25.0
00731.png,2,2,2,2,OK,,,,2.0
00732.png,14,14,14,14,OK,,,,14.0
00733.png,38,38,38,38,OK,,,,38.0
00734.png,15,15,15,15,OK,,,,15.0
00735.png,38,38,38,38,OK,,,,38.0
00736.png,39,39,39,39,OK,,,,39.0
00737.png,38,38,38,38,OK,,,,38.0
00738.png,4,4,4,4,OK,,,,4.0
00739.png,1,1,1,1,OK,,,,1.0
00740.png,3,3,3,3,OK,,,,3.0
00741.png,1,1,1,1,OK,,,,1.0
00742.png,35,35,35,35,OK,,,,35.0
00743.png,17,17,17,17,OK,,,,17.0
00744.png,4,4,4,4,OK,,,,4.0
00745.png,17,17,17,17,OK,,,,17.0
00746.png,4,4,4,4,OK,,,,4.0
00747.png,2,2,2,2,OK,,,,2.0
00748.png,5,5,5,5,OK,,,,5.0
00749.png,30,30,30,30,OK,,,,30.0
00750.png,10,10,10,10,OK,,,,10.0
00751.png,28,28,28,28,OK,,,,28.0
00752.png,9,9,9,9,OK,,,,9.0
00753.png,28,28,28,28,OK,,,,28.0
00754.png,22,22,22,22,OK,,,,22.0
00755.png,42,42,42,42,OK,,,,42.0
00756.png,2,2,2,2,OK,,,,2.0
00757.png,12,12,12,12,OK,,,,12.0
00758.png,3,3,3,3,OK,,,,3.0
00759.png,23,23,23,23,OK,,,,23.0
00760.png,3,3,3,3,OK,,,,3.0
00761.png,13,13,13,13,OK,,,,13.0
00762.png,10,10,10,10,OK,,,,10.0
00763.png,3,3,3,3,OK,,,,3.0
00764.png,12,12,12,12,OK,,,,12.0
00765.png,4,4,4,4,OK,,,,4.0
00766.png,1,1,1,1,OK,,,,1.0
00767.png,5,5,5,5,OK,,,,5.0
00768.png,3,3,3,3,OK,,,,3.0
00769.png,9,9,9,9,OK,,,,9.0
00770.png,10,10,10,10,OK,,,,10.0
00771.png,4,4,4,4,OK,,,,4.0
00772.png,13,13,13,13,OK,,,,13.0
00773.png,28,28,28,28,OK,,,,28.0
00774.png,3,3,3,3,OK,,,,3.0
00775.png,4,4,4,4,OK,,,,4.0
00776.png,15,15,15,15,OK,,,,15.0
00777.png,15,15,15,15,OK,,,,15.0
00778.png,0,0,0,0,OK,,,,0.0
00779.png,33,33,33,33,OK,,,,33.0
00780.png,2,2,2,2,OK,,,,2.0
00781.png,39,39,39,39,OK,,,,39.0
00782.png,12,12,12,12,OK,,,,12.0
00783.png,38,38,38,38,OK,,,,38.0
00784.png,7,7,7,7,OK,,,,7.0
00785.png,10,10,10,10,OK,,,,10.0
00786.png,2,2,2,2,OK,,,,2.0
00787.png,10,10,10,10,OK,,,,10.0
00788.png,2,2,2,2,OK,,,,2.0
00789.png,38,38,38,38,OK,,,,38.0
00790.png,2,2,2,2,OK,,,,2.0
00791.png,5,5,5,5,OK,,,,5.0
00792.png,1,1,1,1,OK,,,,1.0
00793.png,3,3,3,3,OK,,,,3.0
00794.png,1,1,1,1,OK,,,,1.0
00795.png,42,42,42,42,OK,,,,42.0
00796.png,15,15,15,15,OK,,,,15.0
00797.png,15,15,15,15,OK,,,,15.0
00798.png,4,4,4,4,OK,,,,4.0
00799.png,15,15,15,15,OK,,,,15.0
00800.png,38,38,38,38,OK,,,,38.0
00801.png,25,25,25,25,OK,,,,25.0
00802.png,5,5,5,5,OK,,,,5.0
00803.png,5,5,5,5,OK,,,,5.0
00804.png,12,12,12,12,OK,,,,12.0
00805.png,2,2,2,2,OK,,,,2.0
00806.png,26,26,26,26,OK,,,,26.0
00807.png,0,0,0,0,OK,,,,0.0
00808.png,17,17,17,17,OK,,,,17.0
00809.png,0,0,0,0,OK,,,,0.0
00810.png,26,26,26,26,OK,,,,26.0
00811.png,31,31,31,31,OK,,,,31.0
00812.png,4,4,4,4,OK,,,,4.0
00813.png,13,13,13,13,OK,,,,13.0
00814.png,17,17,17,17,OK,,,,17.0
00815.png,1,1,1,1,OK,,,,1.0
00816.png,11,11,11,11,OK,,,,11.0
00817.png,8,8,8,8,OK,,,,8.0
00818.png,1,1,1,1,OK,,,,1.0
00819.png,2,2,2,2,OK,,,,2.0
00820.png,4,4,4,4,OK,,,,4.0
00821.png,14,14,14,14,OK,,,,14.0
00822.png,3,3,3,3,OK,,,,3.0
00823.png,4,4,4,4,OK,,,,4.0
00824.png,25,25,25,25,OK,,,,25.0
00825.png,4,4,4,4,OK,,,,4.0
00826.png,15,15,15,15,OK,,,,15.0
00827.png,2,2,2,2,OK,,,,2.0
00828.png,38,38,38,38,OK,,,,38.0
00829.png,27,27,27,28,KO,,,,27.0
00830.png,37,37,37,37,OK,,,,37.0
00831.png,7,7,7,7,OK,,,,7.0
00832.png,1,1,1,1,OK,,,,1.0
00833.png,18,18,18,18,OK,,,,18.0
00834.png,28,28,28,28,OK,,,,28.0
00835.png,11,11,11,11,OK,,,,11.0
00836.png,10,10,10,10,OK,,,,10.0
00837.png,9,9,9,9,OK,,,,9.0
00838.png,15,15,15,15,OK,,,,15.0
00839.png,11,11,11,11,OK,,,,11.0
00840.png,12,12,12,12,OK,,,,12.0
00841.png,10,10,10,10,OK,,,,10.0
00842.png,13,13,13,13,OK,,,,13.0
00843.png,13,13,13,13,OK,,,,13.0
00844.png,25,25,25,25,OK,,,,25.0
00845.png,4,4,4,4,OK,,,,4.0
00846.png,1,1,1,1,OK,,,,1.0
00847.png,38,38,38,38,OK,,,,38.0
00848.png,12,12,12,12,OK,,,,12.0
00849.png,23,23,23,23,OK,,,,23.0
00850.png,10,10,10,10,OK,,,,10.0
00851.png,2,2,2,2,OK,,,,2.0
00852.png,1,1,1,1,OK,,,,1.0
00853.png,29,29,29,29,OK,,,,29.0
00854.png,24,24,24,24,OK,,,,24.0
00855.png,10,10,10,10,OK,,,,10.0
00856.png,1,1,1,1,OK,,,,1.0
00857.png,28,28,28,28,OK,,,,28.0
00858.png,3,3,3,3,OK,,,,3.0
00859.png,30,30,11,11,KO,,,,11.0
00860.png,5,5,5,5,OK,,,,5.0
00861.png,6,6,6,6,OK,,,,6.0
00862.png,9,9,9,9,OK,,,,9.0
00863.png,2,2,2,2,OK,,,,2.0
00864.png,1,1,1,1,OK,,,,1.0
00865.png,33,33,33,33,OK,,,,33.0
00866.png,3,3,3,3,OK,,,,3.0
00867.png,9,9,9,9,OK,,,,9.0
00868.png,25,25,25,25,OK,,,,25.0
00869.png,16,16,16,16,OK,,,,16.0
00870.png,42,42,42,42,OK,,,,42.0
00871.png,35,35,35,35,OK,,,,35.0
00872.png,10,10,10,10,OK,,,,10.0
00873.png,28,28,28,28,OK,,,,28.0
00874.png,4,4,4,4,OK,,,,4.0
00875.png,1,1,1,1,OK,,,,1.0
00876.png,7,7,7,7,OK,,,,7.0
00877.png,5,5,5,5,OK,,,,5.0
00878.png,3,3,3,3,OK,,,,3.0
00879.png,23,23,23,23,OK,,,,23.0
00880.png,1,1,1,1,OK,,,,1.0
00881.png,1,1,1,1,OK,,,,1.0
00882.png,10,10,10,10,OK,,,,10.0
00883.png,30,30,30,30,OK,,,,30.0
00884.png,35,35,35,35,OK,,,,35.0
00885.png,24,24,24,24,OK,,,,24.0
00886.png,33,33,33,33,OK,,,,33.0
00887.png,1,1,1,1,OK,,,,1.0
00888.png,12,12,12,12,OK,,,,12.0
00889.png,2,2,2,2,OK,,,,2.0
00890.png,13,13,13,13,OK,,,,13.0
00891.png,13,13,13,13,OK,,,,13.0
00892.png,33,33,33,33,OK,,,,33.0
00893.png,17,17,17,17,OK,,,,17.0
00894.png,35,35,35,35,OK,,,,35.0
00895.png,5,5,5,5,OK,,,,5.0
00896.png,15,15,15,15,OK,,,,15.0
00897.png,31,31,31,31,OK,,,,31.0
00898.png,33,33,33,33,OK,,,,33.0
00899.png,42,42,42,42,OK,,,,42.0
00900.png,11,11,11,11,OK,,,,11.0
00901.png,24,24,24,24,OK,,,,24.0
00902.png,38,38,38,38,OK,,,,38.0
00903.png,4,4,4,4,OK,,,,4.0
00904.png,27,27,27,27,OK,,,,27.0
00905.png,7,7,7,7,OK,,,,7.0
00906.png,13,13,13,13,OK,,,,13.0
00907.png,21,21,21,21,OK,,,,21.0
00908.png,38,38,38,38,OK,,,,38.0
00909.png,38,38,38,38,OK,,,,38.0
00910.png,1,1,1,1,OK,,,,1.0
00911.png,13,13,13,13,OK,,,,13.0
00912.png,23,23,23,23,OK,,,,23.0
00913.png,13,13,13,13,OK,,,,13.0
00914.png,18,18,18,18,OK,,,,18.0
00915.png,13,13,13,13,OK,,,,13.0
00916.png,13,13,13,13,OK,,,,13.0
00917.png,38,38,38,38,OK,,,,38.0
00918.png,35,35,35,35,OK,,,,35.0
00919.png,5,5,5,5,OK,,,,5.0
00920.png,12,12,12,12,OK,,,,12.0
00921.png,25,25,25,25,OK,,,,25.0
00922.png,4,4,4,4,OK,,,,4.0
00923.png,1,1,1,1,OK,,,,1.0
00924.png,19,19,19,19,OK,,,,19.0
00925.png,3,3,3,3,OK,,,,3.0
00926.png,9,9,9,9,OK,,,,9.0
00927.png,2,2,2,2,OK,,,,2.0
00928.png,3,3,3,3,OK,,,,3.0
00929.png,17,17,17,17,OK,,,,17.0
00930.png,38,38,38,38,OK,,,,38.0
00931.png,5,5,5,5,OK,,,,5.0
00932.png,5,5,5,5,OK,,,,5.0
00933.png,38,38,38,38,OK,,,,38.0
00934.png,1,1,1,1,OK,,,,1.0
00935.png,11,11,11,11,OK,,,,11.0
00936.png,31,31,31,31,OK,,,,31.0
00937.png,2,2,2,2,OK,,,,2.0
00938.png,42,42,42,42,OK,,,,42.0
00939.png,12,12,12,12,OK,,,,12.0
00940.png,35,35,35,35,OK,,,,35.0
00941.png,29,29,29,29,OK,,,,29.0
00942.png,38,38,38,38,OK,,,,38.0
00943.png,0,0,0,0,OK,,,,0.0
00944.png,38,38,38,38,OK,,,,38.0
00945.png,10,10,10,10,OK,,,,10.0
00946.png,13,13,13,13,OK,,,,13.0
00947.png,1,1,1,1,OK,,,,1.0
00948.png,34,34,34,34,OK,,,,34.0
00949.png,22,22,22,22,OK,,,,22.0
00950.png,12,12,12,12,OK,,,,12.0
00951.png,31,31,31,31,OK,,,,31.0
00952.png,15,15,15,15,OK,,,,15.0
00953.png,13,13,13,13,OK,,,,13.0
00954.png,31,31,31,31,OK,,,,31.0
00955.png,1,1,1,1,OK,,,,1.0
00956.png,42,42,42,42,OK,,,,42.0
00957.png,36,36,36,36,OK,,,,36.0
00958.png,7,7,7,7,OK,,,,7.0
00959.png,20,20,20,20,OK,,,,20.0
00960.png,27,27,27,27,OK,,,,27.0
00961.png,15,15,15,15,OK,,,,15.0
00962.png,12,12,12,12,OK,,,,12.0
00963.png,14,14,14,14,OK,,,,14.0
00964.png,10,10,10,10,OK,,,,10.0
00965.png,5,5,5,5,OK,,,,5.0
00966.png,32,32,32,32,OK,,,,32.0
00967.png,3,3,3,3,OK,,,,3.0
00968.png,7,7,7,7,OK,,,,7.0
00969.png,13,13,13,13,OK,,,,13.0
00970.png,12,12,12,12,OK,,,,12.0
00971.png,7,7,7,7,OK,,,,7.0
00972.png,13,13,13,13,OK,,,,13.0
00973.png,4,4,4,4,OK,,,,4.0
00974.png,10,10,10,10,OK,,,,10.0
00975.png,8,8,8,8,OK,,,,8.0
00976.png,23,23,23,23,OK,,,,23.0
00977.png,10,10,10,10,OK,,,,10.0
00978.png,39,39,39,39,OK,,,,39.0
00979.png,2,2,2,2,OK,,,,2.0
00980.png,13,13,13,13,OK,,,,13.0
00981.png,7,7,7,7,OK,,,,7.0
00982.png,1,1,1,1,OK,,,,1.0
00983.png,5,5,5,5,OK,,,,5.0
00984.png,31,31,31,31,OK,,,,31.0
00985.png,10,10,10,10,OK,,,,10.0
00986.png,5,5,5,5,OK,,,,5.0
00987.png,31,31,31,31,OK,,,,31.0
00988.png,7,7,7,7,OK,,,,7.0
00989.png,39,39,39,39,OK,,,,39.0
00990.png,0,0,0,0,OK,,,,0.0
00991.png,23,23,23,23,OK,,,,23.0
00992.png,7,7,7,7,OK,,,,7.0
00993.png,38,38,38,38,OK,,,,38.0
00994.png,35,35,35,35,OK,,,,35.0
00995.png,38,38,38,38,OK,,,,38.0
00996.png,25,25,25,25,OK,,,,25.0
00997.png,38,38,38,38,OK,,,,38.0
00998.png,9,9,9,9,OK,,,,9.0
00999.png,16,16,16,16,OK,,,,16.0
01000.png,17,17,17,17,OK,,,,17.0
01001.png,1,1,1,1,OK,,,,1.0
01002.png,12,12,12,12,OK,,,,12.0
01003.png,12,12,12,12,OK,,,,12.0
01004.png,10,10,10,10,OK,,,,10.0
01005.png,5,5,5,5,OK,,,,5.0
01006.png,38,38,38,38,OK,,,,38.0
01007.png,3,3,3,3,OK,,,,3.0
01008.png,12,12,12,12,OK,,,,12.0
01009.png,12,12,12,12,OK,,,,12.0
01010.png,8,8,8,8,OK,,,,8.0
01011.png,10,10,10,10,OK,,,,10.0
01012.png,2,2,2,2,OK,,,,2.0
01013.png,10,10,10,10,OK,,,,10.0
01014.png,12,12,12,12,OK,,,,12.0
01015.png,35,35,35,35,OK,,,,35.0
01016.png,15,15,15,15,OK,,,,15.0
01017.png,4,4,4,4,OK,,,,4.0
01018.png,35,35,35,35,OK,,,,35.0
01019.png,5,5,5,5,OK,,,,5.0
01020.png,14,14,14,14,OK,,,,14.0
01021.png,1,1,1,1,OK,,,,1.0
01022.png,30,30,11,30,KO,,,,30.0
01023.png,35,35,35,35,OK,,,,35.0
01024.png,38,38,38,38,OK,,,,38.0
01025.png,30,30,30,30,OK,,,,30.0
01026.png,11,11,11,11,OK,,,,11.0
01027.png,4,4,4,4,OK,,,,4.0
01028.png,12,12,12,12,OK,,,,12.0
01029.png,1,1,1,1,OK,,,,1.0
01030.png,18,18,18,18,OK,,,,18.0
01031.png,8,8,8,8,OK,,,,8.0
01032.png,11,11,11,11,OK,,,,11.0
01033.png,41,41,41,41,OK,,,,41.0
01034.png,10,10,10,10,OK,,,,10.0
01035.png,2,2,2,2,OK,,,,2.0
01036.png,8,8,8,8,OK,,,,8.0
01037.png,2,2,2,2,OK,,,,2.0
01038.png,35,35,35,35,OK,,,,35.0
01039.png,13,13,13,13,OK,,,,13.0
01040.png,38,38,38,38,OK,,,,38.0
01041.png,9,9,9,9,OK,,,,9.0
01042.png,12,12,12,12,OK,,,,12.0
01043.png,7,7,7,7,OK,,,,7.0
01044.png,12,12,12,12,OK,,,,12.0
01045.png,31,31,31,31,OK,,,,31.0
01046.png,2,2,2,2,OK,,,,2.0
01047.png,11,11,11,11,OK,,,,11.0
01048.png,17,17,17,17,OK,,,,17.0
01049.png,35,35,35,35,OK,,,,35.0
01050.png,4,4,4,4,OK,,,,4.0
01051.png,18,18,18,18,OK,,,,18.0
01052.png,4,4,4,4,OK,,,,4.0
01053.png,34,34,34,34,OK,,,,34.0
01054.png,40,40,40,40,OK,,,,40.0
01055.png,11,11,11,11,OK,,,,11.0
01056.png,11,11,11,11,OK,,,,11.0
01057.png,33,33,33,33,OK,,,,33.0
01058.png,15,15,15,15,OK,,,,15.0
01059.png,13,13,13,13,OK,,,,13.0
01060.png,5,5,5,5,OK,,,,5.0
01061.png,12,12,12,12,OK,,,,12.0
01062.png,13,13,13,13,OK,,,,13.0
01063.png,13,13,13,13,OK,,,,13.0
01064.png,12,12,12,12,OK,,,,12.0
01065.png,7,7,7,7,OK,,,,7.0
01066.png,31,31,31,31,OK,,,,31.0
01067.png,32,32,32,32,OK,,,,32.0
01068.png,4,4,4,4,OK,,,,4.0
01069.png,41,41,41,41,OK,,,,41.0
01070.png,8,8,8,8,OK,,,,8.0
01071.png,2,2,2,2,OK,,,,2.0
01072.png,8,8,8,8,OK,,,,8.0
01073.png,39,39,39,39,OK,,,,39.0
01074.png,14,14,14,14,OK,,,,14.0
01075.png,42,42,42,42,OK,,,,42.0
01076.png,4,4,4,4,OK,,,,4.0
01077.png,7,7,7,7,OK,,,,7.0
01078.png,11,11,11,11,OK,,,,11.0
01079.png,21,21,21,21,OK,,,,21.0
01080.png,2,2,2,2,OK,,,,2.0
01081.png,2,2,2,2,OK,,,,2.0
01082.png,13,13,13,13,OK,,,,13.0
01083.png,10,10,10,10,OK,,,,10.0
01084.png,2,2,2,2,OK,,,,2.0
01085.png,8,8,8,8,OK,,,,8.0
01086.png,18,18,18,18,OK,,,,18.0
01087.png,4,4,4,4,OK,,,,4.0
01088.png,5,5,5,5,OK,,,,5.0
01089.png,4,4,4,4,OK,,,,4.0
01090.png,16,16,16,16,OK,,,,16.0
01091.png,33,33,33,33,OK,,,,33.0
01092.png,1,1,1,1,OK,,,,1.0
01093.png,18,18,18,18,OK,,,,18.0
01094.png,31,31,31,31,OK,,,,31.0
01095.png,37,37,37,37,OK,,,,37.0
01096.png,30,30,30,30,OK,,,,30.0
01097.png,9,9,9,9,OK,,,,9.0
01098.png,18,18,18,18,OK,,,,18.0
01099.png,5,5,5,5,OK,,,,5.0
01100.png,35,35,35,35,OK,,,,35.0
01101.png,20,20,20,20,OK,,,,20.0
01102.png,2,2,2,2,OK,,,,2.0
01103.png,20,20,20,20,OK,,,,20.0
01104.png,23,23,23,23,OK,,,,23.0
01105.png,5,5,5,5,OK,,,,5.0
01106.png,8,8,8,8,OK,,,,8.0
01107.png,9,9,9,9,OK,,,,9.0
01108.png,38,38,38,38,OK,,,,38.0
01109.png,12,12,12,12,OK,,,,12.0
01110.png,35,35,35,35,OK,,,,35.0
01111.png,5,5,5,5,OK,,,,5.0
01112.png,11,11,11,11,OK,,,,11.0
01113.png,10,10,10,10,OK,,,,10.0
01114.png,12,12,12,12,OK,,,,12.0
01115.png,33,33,33,33,OK,,,,33.0
01116.png,8,8,8,8,OK,,,,8.0
01117.png,38,38,38,38,OK,,,,38.0
01118.png,3,3,3,3,OK,,,,3.0
01119.png,32,32,32,32,OK,,,,32.0
01120.png,31,31,31,31,OK,,,,31.0
01121.png,41,41,41,41,OK,,,,41.0
01122.png,35,35,35,35,OK,,,,35.0
01123.png,40,40,40,40,OK,,,,40.0
01124.png,13,13,13,13,OK,,,,13.0
01125.png,7,7,7,7,OK,,,,7.0
01126.png,12,12,12,12,OK,,,,12.0
01127.png,8,8,8,8,OK,,,,8.0
01128.png,13,13,13,13,OK,,,,13.0
01129.png,1,1,1,1,OK,,,,1.0
01130.png,13,13,13,13,OK,,,,13.0
01131.png,8,8,8,8,OK,,,,8.0
01132.png,40,40,40,40,OK,,,,40.0
01133.png,4,4,4,4,OK,,,,4.0
01134.png,4,4,4,4,OK,,,,4.0
01135.png,5,5,5,5,OK,,,,5.0
01136.png,17,17,17,17,OK,,,,17.0
01137.png,18,18,18,18,OK,,,,18.0
01138.png,12,12,12,12,OK,,,,12.0
01139.png,35,35,35,35,OK,,,,35.0
01140.png,8,8,8,8,OK,,,,8.0
01141.png,33,33,33,33,OK,,,,33.0
01142.png,3,3,3,3,OK,,,,3.0
01143.png,15,15,15,15,OK,,,,15.0
01144.png,12,12,12,12,OK,,,,12.0
01145.png,14,14,14,14,OK,,,,14.0
01146.png,9,9,9,9,OK,,,,9.0
01147.png,4,4,4,4,OK,,,,4.0
01148.png,5,5,5,5,OK,,,,5.0
01149.png,31,31,31,31,OK,,,,31.0
01150.png,32,32,32,32,OK,,,,32.0
01151.png,3,3,3,3,OK,,,,3.0
01152.png,25,25,25,25,OK,,,,25.0
01153.png,1,1,1,1,OK,,,,1.0
01154.png,10,10,10,10,OK,,,,10.0
01155.png,33,33,33,33,OK,,,,33.0
01156.png,4,4,4,4,OK,,,,4.0
01157.png,35,35,35,35,OK,,,,35.0
01158.png,9,9,9,9,OK,,,,9.0
01159.png,1,1,1,1,OK,,,,1.0
01160.png,32,32,32,32,OK,,,,32.0
01161.png,4,4,4,4,OK,,,,4.0
01162.png,13,13,13,13,OK,,,,13.0
01163.png,17,17,17,17,OK,,,,17.0
01164.png,4,4,4,4,OK,,,,4.0
01165.png,6,6,6,6,OK,,,,6.0
01166.png,26,26,26,26,OK,,,,26.0
01167.png,38,38,38,38,OK,,,,38.0
01168.png,2,2,2,2,OK,,,,2.0
01169.png,20,20,20,20,OK,,,,20.0
01170.png,11,11,11,11,OK,,,,11.0
01171.png,41,41,41,41,OK,,,,41.0
01172.png,38,38,38,38,OK,,,,38.0
01173.png,34,34,34,34,OK,,,,34.0
01174.png,38,38,38,38,OK,,,,38.0
01175.png,39,39,39,39,OK,,,,39.0
01176.png,1,1,1,1,OK,,,,1.0
01177.png,18,18,18,18,OK,,,,18.0
01178.png,5,5,5,5,OK,,,,5.0
01179.png,9,9,9,9,OK,,,,9.0
01180.png,26,26,26,26,OK,,,,26.0
01181.png,17,17,17,17,OK,,,,17.0
01182.png,31,31,31,31,OK,,,,31.0
01183.png,24,24,24,24,OK,,,,24.0
01184.png,37,37,37,37,OK,,,,37.0
01185.png,12,12,12,12,OK,,,,12.0
01186.png,22,22,22,22,OK,,,,22.0
01187.png,5,5,5,5,OK,,,,5.0
01188.png,8,8,8,8,OK,,,,8.0
01189.png,26,12,12,12,KO,,,,12.0
01190.png,10,10,10,10,OK,,,,10.0
01191.png,2,2,2,2,OK,,,,2.0
01192.png,2,2,2,2,OK,,,,2.0
01193.png,10,10,10,10,OK,,,,10.0
01194.png,7,7,7,7,OK,,,,7.0
01195.png,10,10,10,10,OK,,,,10.0
01196.png,14,14,14,14,OK,,,,14.0
01197.png,9,9,9,9,OK,,,,9.0
01198.png,8,8,8,8,OK,,,,8.0
01199.png,14,14,14,14,OK,,,,14.0
01200.png,5,5,5,5,OK,,,,5.0
01201.png,5,5,5,5,OK,,,,5.0
01202.png,25,25,25,25,OK,,,,25.0
01203.png,4,4,4,4,OK,,,,4.0
01204.png,3,3,3,3,OK,,,,3.0
01205.png,29,29,29,29,OK,,,,29.0
01206.png,40,40,40,40,OK,,,,40.0
01207.png,16,16,16,16,OK,,,,16.0
01208.png,35,35,35,35,OK,,,,35.0
01209.png,11,11,11,11,OK,,,,11.0
01210.png,18,18,18,18,OK,,,,18.0
01211.png,12,12,12,12,OK,,,,12.0
01212.png,39,39,39,39,OK,,,,39.0
01213.png,12,12,12,12,OK,,,,12.0
01214.png,30,30,30,30,OK,,,,30.0
01215.png,12,12,12,12,OK,,,,12.0
01216.png,13,13,13,13,OK,,,,13.0
01217.png,9,9,9,9,OK,,,,9.0
01218.png,9,9,9,9,OK,,,,9.0
01219.png,11,11,11,11,OK,,,,11.0
01220.png,13,13,13,13,OK,,,,13.0
01221.png,17,17,17,17,OK,,,,17.0
01222.png,29,29,29,29,OK,,,,29.0
01223.png,14,14,14,14,OK,,,,14.0
01224.png,17,17,17,17,OK,,,,17.0
01225.png,26,26,26,26,OK,,,,26.0
01226.png,1,1,1,1,OK,,,,1.0
01227.png,13,13,13,13,OK,,,,13.0
01228.png,11,11,11,11,OK,,,,11.0
01229.png,10,10,10,10,OK,,,,10.0
01230.png,5,5,5,5,OK,,,,5.0
01231.png,5,5,5,5,OK,,,,5.0
01232.png,4,4,4,4,OK,,,,4.0
01233.png,4,4,4,4,OK,,,,4.0
01234.png,3,3,3,3,OK,,,,3.0
01235.png,34,34,34,34,OK,,,,34.0
01236.png,23,23,23,23,OK,,,,23.0
01237.png,4,4,4,4,OK,,,,4.0
01238.png,7,7,7,7,OK,,,,7.0
01239.png,14,14,14,14,OK,,,,14.0
01240.png,12,12,12,12,OK,,,,12.0
01241.png,22,22,22,22,OK,,,,22.0
01242.png,37,37,37,37,OK,,,,37.0
01243.png,35,35,35,35,OK,,,,35.0
01244.png,12,12,12,12,OK,,,,12.0
01245.png,28,28,28,28,OK,,,,28.0
01246.png,28,28,28,28,OK,,,,28.0
01247.png,2,2,2,2,OK,,,,2.0
01248.png,3,3,3,3,OK,,,,3.0
01249.png,12,12,12,12,OK,,,,12.0
01250.png,10,10,10,10,OK,,,,10.0
01251.png,1,1,1,1,OK,,,,1.0
01252.png,8,8,8,8,OK,,,,8.0
01253.png,17,17,17,17,OK,,,,17.0
01254.png,37,37,37,37,OK,,,,37.0
01255.png,12,12,12,12,OK,,,,12.0
01256.png,31,31,31,31,OK,,,,31.0
01257.png,11,11,11,11,OK,,,,11.0
01258.png,9,9,9,9,OK,,,,9.0
01259.png,5,5,5,5,OK,,,,5.0
01260.png,5,5,5,5,OK,,,,5.0
01261.png,8,8,8,8,OK,,,,8.0
01262.png,9,9,9,9,OK,,,,9.0
01263.png,5,5,5,5,OK,,,,5.0
01264.png,10,10,10,10,OK,,,,10.0
01265.png,38,38,38,38,OK,,,,38.0
01266.png,42,42,42,42,OK,,,,42.0
01267.png,18,18,18,18,OK,,,,18.0
01268.png,2,2,2,2,OK,,,,2.0
01269.png,14,14,14,14,OK,,,,14.0
01270.png,3,1,2,2,KO,,,,2.0
01271.png,12,12,12,12,OK,,,,12.0
01272.png,3,3,3,3,OK,,,,3.0
01273.png,2,2,2,2,OK,,,,2.0
01274.png,42,42,42,42,OK,,,,42.0
01275.png,8,8,8,8,OK,,,,8.0
01276.png,18,18,18,18,OK,,,,18.0
01277.png,14,14,14,14,OK,,,,14.0
01278.png,5,5,5,5,OK,,,,5.0
01279.png,0,0,0,0,OK,,,,0.0
01280.png,2,2,2,2,OK,,,,2.0
01281.png,1,1,1,1,OK,,,,1.0
01282.png,14,14,14,14,OK,,,,14.0
01283.png,36,36,36,36,OK,,,,36.0
01284.png,11,11,11,11,OK,,,,11.0
01285.png,13,13,13,13,OK,,,,13.0
01286.png,11,11,11,11,OK,,,,11.0
01287.png,10,10,10,10,OK,,,,10.0
01288.png,8,8,8,8,OK,,,,8.0
01289.png,34,34,34,34,OK,,,,34.0
01290.png,4,4,4,4,OK,,,,4.0
01291.png,38,38,38,38,OK,,,,38.0
01292.png,14,14,14,14,OK,,,,14.0
01293.png,2,2,2,2,OK,,,,2.0
01294.png,7,7,7,7,OK,,,,7.0
01295.png,17,17,17,17,OK,,,,17.0
01296.png,29,29,29,29,OK,,,,29.0
01297.png,33,33,33,33,OK,,,,33.0
01298.png,28,28,28,28,OK,,,,28.0
01299.png,7,7,7,7,OK,,,,7.0
01300.png,38,38,38,38,OK,,,,38.0
01301.png,18,18,18,18,OK,,,,18.0
01302.png,14,14,14,14,OK,,,,14.0
01303.png,1,1,1,1,OK,,,,1.0
01304.png,33,33,33,33,OK,,,,33.0
01305.png,16,16,16,16,OK,,,,16.0
01306.png,4,4,4,4,OK,,,,4.0
01307.png,19,19,19,19,OK,,,,19.0
01308.png,23,23,23,23,OK,,,,23.0
01309.png,6,6,6,6,OK,,,,6.0
01310.png,5,5,5,5,OK,,,,5.0
01311.png,8,8,8,8,OK,,,,8.0
01312.png,8,8,8,8,OK,,,,8.0
01313.png,10,10,10,10,OK,,,,10.0
01314.png,34,34,34,34,OK,,,,34.0
01315.png,35,35,35,35,OK,,,,35.0
01316.png,5,5,5,5,OK,,,,5.0
01317.png,11,25,25,11,KO,,,,25.0
01318.png,13,13,13,13,OK,,,,13.0
01319.png,35,35,35,35,OK,,,,35.0
01320.png,38,38,38,38,OK,,,,38.0
01321.png,9,9,9,9,OK,,,,9.0
01322.png,15,15,15,15,OK,,,,15.0
01323.png,5,5,5,5,OK,,,,5.0
01324.png,14,14,14,14,OK,,,,14.0
01325.png,26,26,26,26,OK,,,,26.0
01326.png,42,42,42,42,OK,,,,42.0
01327.png,26,26,26,26,OK,,,,26.0
01328.png,13,13,13,13,OK,,,,13.0
01329.png,17,17,17,17,OK,,,,17.0
01330.png,10,10,10,10,OK,,,,10.0
01331.png,4,4,4,4,OK,,,,4.0
01332.png,4,4,4,4,OK,,,,4.0
01333.png,9,9,9,9,OK,,,,9.0
01334.png,1,1,1,1,OK,,,,1.0
01335.png,2,2,2,2,OK,,,,2.0
01336.png,34,34,34,34,OK,,,,34.0
01337.png,1,1,1,1,OK,,,,1.0
01338.png,42,42,42,42,OK,,,,42.0
01339.png,31,31,31,31,OK,,,,31.0
01340.png,13,13,13,13,OK,,,,13.0
01341.png,9,9,9,9,OK,,,,9.0
01342.png,13,13,13,13,OK,,,,13.0
01343.png,12,12,12,12,OK,,,,12.0
01344.png,38,38,38,38,OK,,,,38.0
01345.png,8,8,8,8,OK,,,,8.0
01346.png,35,35,35,35,OK,,,,35.0
01347.png,38,38,38,38,OK,,,,38.0
01348.png,7,7,7,7,OK,,,,7.0
01349.png,2,2,2,2,OK,,,,2.0
01350.png,5,5,5,5,OK,,,,5.0
01351.png,12,12,12,12,OK,,,,12.0
01352.png,25,25,25,25,OK,,,,25.0
01353.png,8,8,8,8,OK,,,,8.0
01354.png,2,2,2,2,OK,,,,2.0
01355.png,12,12,12,12,OK,,,,12.0
01356.png,28,28,28,28,OK,,,,28.0
01357.png,12,12,12,12,OK,,,,12.0
01358.png,2,2,2,2,OK,,,,2.0
01359.png,2,2,2,2,OK,,,,2.0
01360.png,26,26,26,26,OK,,,,26.0
01361.png,3,3,3,3,OK,,,,3.0
01362.png,8,8,8,8,OK,,,,8.0
01363.png,30,11,30,30,KO,,,,11.0
01364.png,8,8,8,8,OK,,,,8.0
01365.png,10,10,10,10,OK,,,,10.0
01366.png,12,12,12,12,OK,,,,12.0
01367.png,5,5,5,5,OK,,,,5.0
01368.png,40,40,40,40,OK,,,,40.0
01369.png,2,2,2,2,OK,,,,2.0
01370.png,33,33,33,33,OK,,,,33.0
01371.png,25,25,25,25,OK,,,,25.0
01372.png,2,2,2,2,OK,,,,2.0
01373.png,41,41,41,41,OK,,,,41.0
01374.png,16,16,16,16,OK,,,,16.0
01375.png,18,18,18,18,OK,,,,18.0
01376.png,8,8,8,8,OK,,,,8.0
01377.png,3,3,3,3,OK,,,,3.0
01378.png,34,34,34,34,OK,,,,34.0
01379.png,31,31,31,31,OK,,,,31.0
01380.png,9,9,9,9,OK,,,,9.0
01381.png,9,9,9,9,OK,,,,9.0
01382.png,13,13,13,13,OK,,,,13.0
01383.png,38,38,38,38,OK,,,,38.0
01384.png,7,7,7,7,OK,,,,7.0
01385.png,4,4,4,4,OK,,,,4.0
01386.png,4,4,4,4,OK,,,,4.0
01387.png,13,13,13,13,OK,,,,13.0
01388.png,12,12,12,12,OK,,,,12.0
01389.png,18,18,18,18,OK,,,,18.0
01390.png,8,8,8,8,OK,,,,8.0
01391.png,38,38,38,38,OK,,,,38.0
01392.png,25,25,25,25,OK,,,,25.0
01393.png,5,5,5,5,OK,,,,5.0
01394.png,2,2,2,2,OK,,,,2.0
01395.png,42,42,42,42,OK,,,,42.0
01396.png,13,13,13,13,OK,,,,13.0
01397.png,35,35,35,35,OK,,,,35.0
01398.png,10,10,10,10,OK,,,,10.0
01399.png,12,12,12,12,OK,,,,12.0
01400.png,33,33,33,33,OK,,,,33.0
01401.png,13,13,13,13,OK,,,,13.0
01402.png,11,11,11,11,OK,,,,30.0
01403.png,2,2,2,2,OK,,,,2.0
01404.png,38,38,38,38,OK,,,,38.0
01405.png,10,10,10,10,OK,,,,10.0
01406.png,13,13,13,13,OK,,,,13.0
01407.png,17,17,17,17,OK,,,,17.0
01408.png,12,12,12,12,OK,,,,12.0
01409.png,1,1,1,1,OK,,,,1.0
01410.png,15,15,15,15,OK,,,,15.0
01411.png,7,7,7,7,OK,,,,7.0
01412.png,18,18,18,18,OK,,,,18.0
01413.png,34,34,34,34,OK,,,,34.0
01414.png,38,38,38,38,OK,,,,38.0
01415.png,12,12,12,12,OK,,,,12.0
01416.png,3,3,3,3,OK,,,,3.0
01417.png,3,3,3,3,OK,,,,3.0
01418.png,4,4,4,4,OK,,,,4.0
01419.png,12,12,12,12,OK,,,,12.0
01420.png,12,12,12,12,OK,,,,12.0
01421.png,10,10,10,10,OK,,,,10.0
01422.png,30,30,30,30,OK,,,,30.0
01423.png,14,14,14,14,OK,,,,14.0
01424.png,12,12,12,12,OK,,,,12.0
01425.png,14,14,14,14,OK,,,,14.0
01426.png,10,10,10,10,OK,,,,10.0
01427.png,4,4,4,4,OK,,,,4.0
01428.png,17,17,17,17,OK,,,,17.0
01429.png,7,7,7,7,OK,,,,7.0
01430.png,13,13,13,13,OK,,,,13.0
01431.png,27,27,27,27,OK,,,,27.0
01432.png,17,17,17,17,OK,,,,17.0
01433.png,8,8,8,8,OK,,,,8.0
01434.png,23,23,23,23,OK,,,,23.0
01435.png,18,18,18,18,OK,,,,18.0
01436.png,11,11,11,11,OK,,,,11.0
01437.png,38,38,38,38,OK,,,,38.0
01438.png,10,10,10,10,OK,,,,10.0
01439.png,10,10,10,10,OK,,,,10.0
01440.png,5,5,5,5,OK,,,,5.0
01441.png,25,25,25,25,OK,,,,25.0
01442.png,18,18,18,18,OK,,,,18.0
01443.png,4,4,4,4,OK,,,,4.0
01444.png,11,11,11,11,OK,,,,11.0
01445.png,31,31,31,31,OK,,,,31.0
01446.png,12,12,12,12,OK,,,,12.0
01447.png,1,1,1,1,OK,,,,1.0
01448.png,8,8,8,8,OK,,,,8.0
01449.png,12,12,12,12,OK,,,,12.0
01450.png,35,35,35,35,OK,,,,35.0
01451.png,11,11,11,11,OK,,,,11.0
01452.png,5,5,5,5,OK,,,,5.0
01453.png,4,4,4,4,OK,,,,4.0
01454.png,2,2,2,2,OK,,,,2.0
01455.png,18,18,18,18,OK,,,,18.0
01456.png,38,38,38,38,OK,,,,38.0
01457.png,5,5,5,5,OK,,,,5.0
01458.png,38,38,38,38,OK,,,,38.0
01459.png,13,13,13,13,OK,,,,13.0
01460.png,10,10,10,10,OK,,,,10.0
01461.png,3,3,3,3,OK,,,,3.0
01462.png,42,42,42,42,OK,,,,42.0
01463.png,34,34,34,34,OK,,,,34.0
01464.png,31,31,31,31,OK,,,,31.0
01465.png,26,26,26,26,OK,,,,26.0
01466.png,8,8,8,8,OK,,,,8.0
01467.png,5,5,5,5,OK,,,,5.0
01468.png,7,7,7,7,OK,,,,7.0
01469.png,20,20,20,20,OK,,,,20.0
01470.png,15,15,15,15,OK,,,,15.0
01471.png,2,2,2,2,OK,,,,2.0
01472.png,3,3,3,3,OK,,,,3.0
01473.png,10,10,10,10,OK,,,,10.0
01474.png,13,13,13,13,OK,,,,13.0
01475.png,18,18,18,18,OK,,,,18.0
01476.png,2,2,2,2,OK,,,,2.0
01477.png,35,35,35,35,OK,,,,35.0
01478.png,4,4,4,4,OK,,,,4.0
01479.png,31,31,31,31,OK,,,,31.0
01480.png,25,25,25,25,OK,,,,25.0
01481.png,13,13,13,13,OK,,,,13.0
01482.png,1,1,1,1,OK,,,,1.0
01483.png,2,2,2,2,OK,,,,2.0
01484.png,8,8,8,8,OK,,,,8.0
01485.png,12,12,12,12,OK,,,,12.0
01486.png,2,2,2,2,OK,,,,2.0
01487.png,32,32,32,32,OK,,,,32.0
01488.png,12,12,12,12,OK,,,,12.0
01489.png,32,12,12,13,KO,,,,26.0
01490.png,12,12,12,12,OK,,,,12.0
01491.png,2,2,2,2,OK,,,,2.0
01492.png,5,5,5,5,OK,,,,5.0
01493.png,5,5,5,5,OK,,,,5.0
01494.png,7,7,7,7,OK,,,,7.0
01495.png,34,34,34,34,OK,,,,34.0
01496.png,38,38,38,38,OK,,,,38.0
01497.png,7,7,7,7,OK,,,,7.0
01498.png,2,2,2,2,OK,,,,2.0
01499.png,8,8,8,8,OK,,,,8.0
01500.png,2,2,2,2,OK,,,,2.0
01501.png,8,8,8,8,OK,,,,8.0
01502.png,8,8,8,8,OK,,,,8.0
01503.png,9,9,9,9,OK,,,,9.0
01504.png,7,7,7,7,OK,,,,7.0
01505.png,13,13,13,13,OK,,,,13.0
01506.png,1,1,1,1,OK,,,,1.0
01507.png,5,5,5,5,OK,,,,5.0
01508.png,38,38,38,38,OK,,,,38.0
01509.png,17,17,17,17,OK,,,,17.0
01510.png,5,5,5,5,OK,,,,5.0
01511.png,10,10,10,10,OK,,,,10.0
01512.png,18,18,18,18,OK,,,,18.0
01513.png,13,13,13,13,OK,,,,13.0
01514.png,30,30,30,30,OK,,,,30.0
01515.png,1,1,1,1,OK,,,,1.0
01516.png,3,3,3,3,OK,,,,3.0
01517.png,42,42,42,42,OK,,,,42.0
01518.png,16,16,16,16,OK,,,,16.0
01519.png,0,0,0,0,OK,,,,0.0
01520.png,8,8,8,8,OK,,,,8.0
01521.png,8,8,8,8,OK,,,,8.0
01522.png,17,17,17,17,OK,,,,17.0
01523.png,13,13,13,13,OK,,,,13.0
01524.png,30,30,30,30,OK,,,,30.0
01525.png,18,18,18,18,OK,,,,18.0
01526.png,38,38,38,38,OK,,,,38.0
01527.png,2,2,2,2,OK,,,,2.0
01528.png,12,12,12,12,OK,,,,12.0
01529.png,38,38,38,38,OK,,,,38.0
01530.png,13,13,13,13,OK,,,,13.0
01531.png,1,1,1,1,OK,,,,1.0
01532.png,11,11,11,11,OK,,,,11.0
01533.png,14,14,14,14,OK,,,,14.0
01534.png,5,5,5,5,OK,,,,5.0
01535.png,3,3,3,3,OK,,,,3.0
01536.png,38,38,38,38,OK,,,,38.0
01537.png,39,39,39,39,OK,,,,39.0
01538.png,5,5,5,5,OK,,,,5.0
01539.png,25,25,25,25,OK,,,,25.0
01540.png,10,10,10,10,OK,,,,10.0
01541.png,29,29,29,29,OK,,,,29.0
01542.png,3,3,3,3,OK,,,,3.0
01543.png,9,9,9,9,OK,,,,9.0
01544.png,25,25,25,25,OK,,,,25.0
01545.png,38,38,38,38,OK,,,,38.0
01546.png,2,2,2,2,OK,,,,2.0
01547.png,5,5,5,5,OK,,,,5.0
01548.png,25,25,25,25,OK,,,,25.0
01549.png,25,25,25,25,OK,,,,25.0
01550.png,13,13,13,13,OK,,,,13.0
01551.png,10,10,10,10,OK,,,,10.0
01552.png,5,5,5,5,OK,,,,5.0
01553.png,3,3,3,3,OK,,,,3.0
01554.png,38,38,38,38,OK,,,,38.0
01555.png,1,1,1,1,OK,,,,1.0
01556.png,4,4,4,4,OK,,,,4.0
01557.png,28,28,28,28,OK,,,,28.0
01558.png,2,2,2,2,OK,,,,2.0
01559.png,20,20,20,20,OK,,,,20.0
01560.png,42,42,42,42,OK,,,,42.0
01561.png,2,2,2,2,OK,,,,2.0
01562.png,38,38,38,38,OK,,,,38.0
01563.png,38,38,38,38,OK,,,,38.0
01564.png,22,22,22,22,OK,,,,22.0
01565.png,1,1,1,1,OK,,,,1.0
01566.png,25,25,25,25,OK,,,,25.0
01567.png,10,10,10,10,OK,,,,10.0
01568.png,2,2,2,2,OK,,,,2.0
01569.png,5,5,5,5,OK,,,,5.0
01570.png,17,17,17,17,OK,,,,17.0
01571.png,1,1,1,1,OK,,,,1.0
01572.png,20,20,20,20,OK,,,,20.0
01573.png,3,3,3,3,OK,,,,3.0
01574.png,9,9,9,9,OK,,,,9.0
01575.png,38,38,38,38,OK,,,,38.0
01576.png,38,38,38,38,OK,,,,38.0
01577.png,28,28,28,28,OK,,,,28.0
01578.png,3,3,3,3,OK,,,,3.0
01579.png,28,28,28,28,OK,,,,28.0
01580.png,6,6,6,6,OK,,,,6.0
01581.png,13,13,13,13,OK,,,,13.0
01582.png,30,30,30,30,OK,,,,30.0
01583.png,21,21,21,21,OK,,,,21.0
01584.png,2,2,2,2,OK,,,,2.0
01585.png,7,7,7,7,OK,,,,7.0
01586.png,17,17,17,17,OK,,,,17.0
01587.png,35,35,35,35,OK,,,,35.0
01588.png,14,14,14,14,OK,,,,14.0
01589.png,13,13,13,13,OK,,,,13.0
01590.png,10,10,10,10,OK,,,,10.0
01591.png,38,38,38,38,OK,,,,38.0
01592.png,17,17,17,17,OK,,,,17.0
01593.png,10,10,10,10,OK,,,,10.0
01594.png,11,11,11,11,OK,,,,11.0
01595.png,8,8,8,8,OK,,,,8.0
01596.png,15,15,15,15,OK,,,,15.0
01597.png,26,26,26,26,OK,,,,26.0
01598.png,2,2,2,2,OK,,,,2.0
01599.png,4,4,4,4,OK,,,,4.0
01600.png,38,38,38,38,OK,,,,38.0
01601.png,6,6,6,6,OK,,,,6.0
01602.png,1,1,1,1,OK,,,,1.0
01603.png,25,25,25,25,OK,,,,25.0
01604.png,7,7,7,7,OK,,,,7.0
01605.png,8,8,8,8,OK,,,,8.0
01606.png,18,18,18,18,OK,,,,18.0
01607.png,3,3,3,3,OK,,,,3.0
01608.png,8,8,8,8,OK,,,,8.0
01609.png,13,13,13,13,OK,,,,13.0
01610.png,16,16,16,16,OK,,,,16.0
01611.png,23,23,23,23,OK,,,,23.0
01612.png,42,42,42,42,OK,,,,42.0
01613.png,16,16,16,16,OK,,,,16.0
01614.png,12,12,12,12,OK,,,,12.0
01615.png,2,2,2,2,OK,,,,2.0
01616.png,9,9,9,9,OK,,,,9.0
01617.png,32,32,32,32,OK,,,,32.0
01618.png,12,12,12,12,OK,,,,12.0
01619.png,2,2,2,2,OK,,,,2.0
01620.png,7,7,7,7,OK,,,,7.0
01621.png,7,7,7,7,OK,,,,7.0
01622.png,38,38,38,38,OK,,,,38.0
01623.png,12,12,12,12,OK,,,,12.0
01624.png,7,7,7,7,OK,,,,7.0
01625.png,25,25,25,25,OK,,,,25.0
01626.png,38,38,38,38,OK,,,,38.0
01627.png,38,38,38,38,OK,,,,38.0
01628.png,21,21,21,21,OK,,,,21.0
01629.png,9,9,9,9,OK,,,,9.0
01630.png,11,11,11,11,OK,,,,11.0
01631.png,10,10,10,10,OK,,,,10.0
01632.png,25,25,25,25,OK,,,,25.0
01633.png,12,12,12,12,OK,,,,12.0
01634.png,20,20,20,20,OK,,,,20.0
01635.png,5,5,5,5,OK,,,,5.0
01636.png,10,10,10,10,OK,,,,10.0
01637.png,2,2,2,2,OK,,,,2.0
01638.png,23,23,23,23,OK,,,,23.0
01639.png,9,9,9,9,OK,,,,9.0
01640.png,33,33,33,33,OK,,,,33.0
01641.png,13,13,13,13,OK,,,,13.0
01642.png,35,35,35,35,OK,,,,35.0
01643.png,19,19,19,19,OK,,,,19.0
01644.png,8,8,8,8,OK,,,,8.0
01645.png,5,5,5,5,OK,,,,5.0
01646.png,34,34,34,34,OK,,,,34.0
01647.png,9,9,9,9,OK,,,,9.0
01648.png,10,10,10,10,OK,,,,10.0
01649.png,1,1,1,1,OK,,,,1.0
01650.png,35,35,35,35,OK,,,,35.0
01651.png,17,17,17,17,OK,,,,17.0
01652.png,13,13,13,13,OK,,,,13.0
01653.png,10,10,10,10,OK,,,,10.0
01654.png,38,38,38,38,OK,,,,38.0
01655.png,13,13,13,13,OK,,,,13.0
01656.png,7,7,7,7,OK,,,,7.0
01657.png,26,26,26,26,OK,,,,26.0
01658.png,12,12,12,12,OK,,,,12.0
01659.png,14,14,14,14,OK,,,,14.0
01660.png,7,7,7,7,OK,,,,7.0
01661.png,28,28,28,28,OK,,,,28.0
01662.png,17,17,17,17,OK,,,,17.0
01663.png,31,31,31,31,OK,,,,31.0
01664.png,2,2,2,2,OK,,,,2.0
01665.png,25,25,25,25,OK,,,,25.0
01666.png,16,16,16,16,OK,,,,16.0
01667.png,6,6,6,6,OK,,,,6.0
01668.png,12,12,12,12,OK,,,,12.0
01669.png,38,38,38,38,OK,,,,38.0
01670.png,17,17,17,17,OK,,,,17.0
01671.png,10,10,10,10,OK,,,,10.0
01672.png,9,9,9,9,OK,,,,9.0
01673.png,7,7,7,7,OK,,,,7.0
01674.png,15,15,15,15,OK,,,,15.0
01675.png,22,22,22,22,OK,,,,22.0
01676.png,7,7,7,7,OK,,,,7.0
01677.png,1,1,1,1,OK,,,,1.0
01678.png,38,38,38,38,OK,,,,38.0
01679.png,13,13,13,13,OK,,,,13.0
01680.png,13,13,13,13,OK,,,,13.0
01681.png,25,25,25,25,OK,,,,25.0
01682.png,17,17,17,17,OK,,,,17.0
01683.png,23,23,23,23,OK,,,,23.0
01684.png,31,31,31,31,OK,,,,31.0
01685.png,38,38,38,38,OK,,,,38.0
01686.png,7,7,7,7,OK,,,,7.0
01687.png,38,38,38,38,OK,,,,38.0
01688.png,1,1,1,1,OK,,,,1.0
01689.png,25,25,25,25,OK,,,,25.0
01690.png,7,7,7,7,OK,,,,7.0
01691.png,34,34,34,34,OK,,,,34.0
01692.png,9,9,9,9,OK,,,,9.0
01693.png,17,17,17,17,OK,,,,17.0
01694.png,5,5,5,5,OK,,,,5.0
01695.png,26,26,26,26,OK,,,,26.0
01696.png,17,17,17,17,OK,,,,17.0
01697.png,30,30,30,30,OK,,,,30.0
01698.png,38,38,38,38,OK,,,,38.0
01699.png,27,27,27,27,OK,,,,27.0
01700.png,6,6,6,6,OK,,,,6.0
01701.png,5,5,5,5,OK,,,,5.0
01702.png,32,32,32,32,OK,,,,32.0
01703.png,25,25,25,25,OK,,,,25.0
01704.png,16,16,16,16,OK,,,,16.0
01705.png,35,35,35,35,OK,,,,35.0
01706.png,18,18,18,18,OK,,,,18.0
01707.png,7,7,7,7,OK,,,,7.0
01708.png,8,8,8,8,OK,,,,8.0
01709.png,30,30,30,30,OK,,,,30.0
01710.png,1,1,1,1,OK,,,,1.0
01711.png,1,1,1,1,OK,,,,1.0
01712.png,40,40,40,40,OK,,,,40.0
01713.png,30,30,30,30,OK,,,,30.0
01714.png,42,42,42,42,OK,,,,42.0
01715.png,10,10,10,10,OK,,,,10.0
01716.png,9,9,9,9,OK,,,,9.0
01717.png,10,10,10,10,OK,,,,10.0
01718.png,11,11,11,11,OK,,,,11.0
01719.png,10,10,10,10,OK,,,,10.0
01720.png,10,10,10,10,OK,,,,10.0
01721.png,13,13,13,13,OK,,,,13.0
01722.png,13,13,13,13,OK,,,,13.0
01723.png,15,15,15,15,OK,,,,15.0
01724.png,12,12,12,12,OK,,,,12.0
01725.png,38,38,38,38,OK,,,,38.0
01726.png,10,10,10,10,OK,,,,10.0
01727.png,40,40,40,40,OK,,,,40.0
01728.png,31,31,31,31,OK,,,,31.0
01729.png,4,4,4,4,OK,,,,4.0
01730.png,2,2,2,2,OK,,,,2.0
01731.png,33,33,33,33,OK,,,,33.0
01732.png,18,18,18,18,OK,,,,18.0
01733.png,1,1,1,1,OK,,,,1.0
01734.png,2,2,2,2,OK,,,,2.0
01735.png,12,12,12,12,OK,,,,12.0
01736.png,4,4,4,4,OK,,,,4.0
01737.png,15,15,15,15,OK,,,,15.0
01738.png,17,17,17,17,OK,,,,17.0
01739.png,10,10,10,10,OK,,,,10.0
01740.png,13,13,13,13,OK,,,,13.0
01741.png,36,36,36,36,OK,,,,36.0
01742.png,25,25,25,25,OK,,,,25.0
01743.png,2,2,2,2,OK,,,,2.0
01744.png,10,10,10,10,OK,,,,10.0
01745.png,5,5,5,5,OK,,,,5.0
01746.png,39,39,39,39,OK,,,,39.0
01747.png,12,12,12,12,OK,,,,12.0
01748.png,8,8,8,8,OK,,,,8.0
01749.png,38,38,38,38,OK,,,,38.0
01750.png,26,26,26,26,OK,,,,26.0
01751.png,20,20,20,20,OK,,,,20.0
01752.png,31,31,31,31,OK,,,,31.0
01753.png,18,18,18,18,OK,,,,18.0
01754.png,38,38,38,38,OK,,,,38.0
01755.png,5,5,5,5,OK,,,,5.0
01756.png,9,9,9,9,OK,,,,9.0
01757.png,7,7,7,7,OK,,,,7.0
01758.png,36,36,36,36,OK,,,,36.0
01759.png,21,21,21,21,OK,,,,21.0
01760.png,20,20,20,20,OK,,,,20.0
01761.png,37,37,37,37,OK,,,,37.0
01762.png,17,17,17,17,OK,,,,17.0
01763.png,41,41,41,41,OK,,,,41.0
01764.png,23,23,23,23,OK,,,,23.0
01765.png,34,34,34,34,OK,,,,34.0
01766.png,14,14,14,14,OK,,,,14.0
01767.png,2,2,2,2,OK,,,,2.0
01768.png,1,1,1,1,OK,,,,1.0
01769.png,18,18,18,18,OK,,,,18.0
01770.png,3,3,3,3,OK,,,,3.0
01771.png,3,3,3,3,OK,,,,3.0
01772.png,39,39,39,39,OK,,,,39.0
01773.png,10,10,10,10,OK,,,,10.0
01774.png,4,4,4,4,OK,,,,4.0
01775.png,12,12,12,12,OK,,,,12.0
01776.png,11,11,11,11,OK,,,,11.0
01777.png,3,3,3,3,OK,,,,3.0
01778.png,35,35,35,35,OK,,,,35.0
01779.png,35,35,35,35,OK,,,,35.0
01780.png,33,33,33,33,OK,,,,33.0
01781.png,38,38,38,15,KO,,,,38.0
01782.png,8,8,8,8,OK,,,,8.0
01783.png,10,10,10,10,OK,,,,10.0
01784.png,35,35,35,35,OK,,,,35.0
01785.png,25,25,25,25,OK,,,,25.0
01786.png,31,31,31,31,OK,,,,31.0
01787.png,5,5,5,5,OK,,,,5.0
01788.png,1,1,1,1,OK,,,,1.0
01789.png,7,7,7,7,OK,,,,7.0
01790.png,40,40,40,40,OK,,,,40.0
01791.png,11,11,11,11,OK,,,,11.0
01792.png,38,38,38,38,OK,,,,38.0
01793.png,8,8,8,8,OK,,,,8.0
01794.png,25,25,25,25,OK,,,,25.0
01795.png,12,12,12,12,OK,,,,12.0
01796.png,14,14,14,14,OK,,,,14.0
01797.png,31,31,31,31,OK,,,,31.0
01798.png,7,7,7,7,OK,,,,7.0
01799.png,9,9,9,9,OK,,,,9.0
01800.png,13,13,13,13,OK,,,,13.0
01801.png,22,22,22,22,OK,,,,22.0
01802.png,24,24,24,24,OK,,,,24.0
01803.png,7,7,7,7,OK,,,,7.0
01804.png,11,11,11,11,OK,,,,11.0
01805.png,28,28,28,28,OK,,,,28.0
01806.png,38,38,38,38,OK,,,,38.0
01807.png,16,16,16,16,OK,,,,16.0
01808.png,9,9,9,9,OK,,,,9.0
01809.png,35,35,35,35,OK,,,,35.0
01810.png,12,12,12,12,OK,,,,12.0
01811.png,4,4,4,4,OK,,,,4.0
01812.png,12,12,12,12,OK,,,,12.0
01813.png,9,9,9,9,OK,,,,9.0
01814.png,36,36,36,36,OK,,,,36.0
01815.png,10,10,10,10,OK,,,,10.0
01816.png,8,8,8,8,OK,,,,8.0
01817.png,18,18,18,18,OK,,,,18.0
01818.png,13,13,13,13,OK,,,,13.0
01819.png,6,6,6,6,OK,,,,42.0
01820.png,5,5,5,5,OK,,,,5.0
01821.png,28,28,28,28,OK,,,,28.0
01822.png,13,13,13,13,OK,,,,13.0
01823.png,35,35,35,35,OK,,,,35.0
01824.png,30,30,30,30,OK,,,,30.0
01825.png,4,4,4,4,OK,,,,4.0
01826.png,14,14,14,14,OK,,,,14.0
01827.png,23,23,23,23,OK,,,,23.0
01828.png,35,35,35,35,OK,,,,35.0
01829.png,38,38,38,38,OK,,,,38.0
01830.png,7,7,7,7,OK,,,,7.0
01831.png,5,5,5,5,OK,,,,5.0
01832.png,5,5,5,5,OK,,,,5.0
01833.png,16,16,16,16,OK,,,,16.0
01834.png,4,4,4,4,OK,,,,4.0
01835.png,2,2,2,2,OK,,,,2.0
01836.png,15,15,15,15,OK,,,,15.0
01837.png,4,4,4,4,OK,,,,4.0
01838.png,17,17,17,17,OK,,,,17.0
01839.png,35,35,35,35,OK,,,,35.0
01840.png,27,27,27,27,OK,,,,27.0
01841.png,33,33,33,33,OK,,,,33.0
01842.png,2,2,2,2,OK,,,,2.0
01843.png,29,29,29,29,OK,,,,29.0
01844.png,5,5,5,5,OK,,,,5.0
01845.png,11,11,11,11,OK,,,,11.0
01846.png,4,4,4,4,OK,,,,4.0
01847.png,10,10,10,10,OK,,,,10.0
01848.png,14,14,14,14,OK,,,,14.0
01849.png,13,13,13,13,OK,,,,13.0
01850.png,35,35,35,35,OK,,,,35.0
01851.png,28,28,28,28,OK,,,,28.0
01852.png,13,13,13,13,OK,,,,13.0
01853.png,0,0,0,0,OK,,,,0.0
01854.png,29,29,29,29,OK,,,,29.0
01855.png,5,5,5,5,OK,,,,5.0
01856.png,24,24,24,24,OK,,,,24.0
01857.png,12,12,12,12,OK,,,,12.0
01858.png,10,10,10,10,OK,,,,10.0
01859.png,38,38,38,38,OK,,,,38.0
01860.png,9,9,9,9,OK,,,,9.0
01861.png,42,42,42,42,OK,,,,42.0
01862.png,5,5,5,5,OK,,,,5.0
01863.png,1,1,1,1,OK,,,,1.0
01864.png,13,13,13,13,OK,,,,13.0
01865.png,21,21,21,21,OK,,,,21.0
01866.png,9,9,9,9,OK,,,,9.0
01867.png,33,33,33,33,OK,,,,33.0
01868.png,25,25,25,25,OK,,,,25.0
01869.png,25,25,25,25,OK,,,,25.0
01870.png,10,10,10,10,OK,,,,10.0
01871.png,33,33,33,33,OK,,,,33.0
01872.png,9,9,9,9,OK,,,,9.0
01873.png,12,12,12,12,OK,,,,12.0
01874.png,14,14,14,14,OK,,,,14.0
01875.png,38,38,38,38,OK,,,,38.0
01876.png,38,38,38,38,OK,,,,38.0
01877.png,2,2,2,2,OK,,,,2.0
01878.png,7,7,7,7,OK,,,,7.0
01879.png,25,25,25,25,OK,,,,25.0
01880.png,5,5,5,5,OK,,,,5.0
01881.png,15,15,15,15,OK,,,,15.0
01882.png,12,12,12,12,OK,,,,12.0
01883.png,1,1,1,1,OK,,,,1.0
01884.png,5,5,5,5,OK,,,,5.0
01885.png,1,1,1,1,OK,,,,1.0
01886.png,18,18,18,18,OK,,,,18.0
01887.png,8,8,8,8,OK,,,,8.0
01888.png,16,16,16,16,OK,,,,16.0
01889.png,39,39,39,39,OK,,,,39.0
01890.png,13,13,13,13,OK,,,,13.0
01891.png,10,10,10,10,OK,,,,10.0
01892.png,1,1,1,1,OK,,,,1.0
01893.png,4,4,4,4,OK,,,,4.0
01894.png,2,2,2,2,OK,,,,2.0
01895.png,17,17,17,17,OK,,,,17.0
01896.png,23,23,23,23,OK,,,,23.0
01897.png,9,9,9,9,OK,,,,9.0
01898.png,21,21,21,21,OK,,,,21.0
01899.png,38,38,38,38,OK,,,,38.0
01900.png,10,10,10,10,OK,,,,10.0
01901.png,10,10,10,10,OK,,,,10.0
01902.png,31,31,31,31,OK,,,,31.0
01903.png,2,2,2,2,OK,,,,2.0
01904.png,36,36,36,36,OK,,,,36.0
01905.png,38,38,38,38,OK,,,,38.0
01906.png,2,2,2,2,OK,,,,2.0
01907.png,31,31,31,31,OK,,,,31.0
01908.png,38,38,38,38,OK,,,,38.0
01909.png,8,8,8,8,OK,,,,8.0
01910.png,22,22,22,22,OK,,,,22.0
01911.png,25,25,25,25,OK,,,,25.0
01912.png,9,9,9,9,OK,,,,9.0
01913.png,38,38,38,38,OK,,,,38.0
01914.png,34,34,34,34,OK,,,,34.0
01915.png,38,38,38,38,OK,,,,38.0
01916.png,29,29,29,29,OK,,,,29.0
01917.png,16,16,16,16,OK,,,,16.0
01918.png,25,25,25,25,OK,,,,25.0
01919.png,35,35,35,35,OK,,,,35.0
01920.png,8,8,8,8,OK,,,,8.0
01921.png,22,22,22,22,OK,,,,22.0
01922.png,5,5,5,5,OK,,,,5.0
01923.png,13,13,13,13,OK,,,,13.0
01924.png,4,4,4,4,OK,,,,4.0
01925.png,11,11,11,11,OK,,,,11.0
01926.png,34,34,34,34,OK,,,,34.0
01927.png,31,31,31,31,OK,,,,31.0
01928.png,25,25,25,25,OK,,,,25.0
01929.png,1,1,1,1,OK,,,,1.0
01930.png,13,13,13,13,OK,,,,13.0
01931.png,8,8,8,8,OK,,,,8.0
01932.png,1,1,1,1,OK,,,,1.0
01933.png,12,12,12,12,OK,,,,12.0
01934.png,2,2,2,2,OK,,,,2.0
01935.png,17,17,17,17,OK,,,,17.0
01936.png,8,8,8,8,OK,,,,8.0
01937.png,23,23,23,23,OK,,,,23.0
01938.png,5,5,5,5,OK,,,,5.0
01939.png,5,5,5,5,OK,,,,5.0
01940.png,5,5,5,5,OK,,,,5.0
01941.png,15,15,15,15,OK,,,,15.0
01942.png,1,1,1,1,OK,,,,1.0
01943.png,10,10,10,10,OK,,,,10.0
01944.png,11,11,11,11,OK,,,,11.0
01945.png,8,8,8,8,OK,,,,8.0
01946.png,25,25,25,25,OK,,,,25.0
01947.png,18,18,18,18,OK,,,,18.0
01948.png,17,17,17,17,OK,,,,17.0
01949.png,10,10,10,10,OK,,,,10.0
01950.png,15,15,15,15,OK,,,,15.0
01951.png,25,25,25,25,OK,,,,25.0
01952.png,5,5,5,5,OK,,,,5.0
01953.png,4,4,4,4,OK,,,,4.0
01954.png,4,4,4,4,OK,,,,4.0
01955.png,1,1,1,1,OK,,,,1.0
01956.png,4,4,4,4,OK,,,,4.0
01957.png,7,7,7,7,OK,,,,7.0
01958.png,40,40,40,40,OK,,,,40.0
01959.png,11,11,11,11,OK,,,,11.0
01960.png,1,1,1,1,OK,,,,1.0
01961.png,20,20,20,20,OK,,,,20.0
01962.png,17,17,17,17,OK,,,,17.0
01963.png,26,26,26,26,OK,,,,26.0
01964.png,38,38,38,38,OK,,,,38.0
01965.png,12,12,12,12,OK,,,,12.0
01966.png,7,7,7,7,OK,,,,7.0
01967.png,4,4,4,4,OK,,,,4.0
01968.png,1,1,1,1,OK,,,,1.0
01969.png,37,37,36,37,KO,,,,36.0
01970.png,9,9,9,9,OK,,,,9.0
01971.png,9,9,9,9,OK,,,,9.0
01972.png,5,5,5,5,OK,,,,5.0
01973.png,1,1,1,1,OK,,,,1.0
01974.png,34,34,34,34,OK,,,,34.0
01975.png,12,12,12,12,OK,,,,12.0
01976.png,30,30,30,30,OK,,,,30.0
01977.png,12,12,12,12,OK,,,,12.0
01978.png,10,10,10,10,OK,,,,10.0
01979.png,3,3,3,3,OK,,,,3.0
01980.png,10,10,10,10,OK,,,,10.0
01981.png,17,17,17,17,OK,,,,17.0
01982.png,10,10,10,10,OK,,,,10.0
01983.png,7,7,7,7,OK,,,,7.0
01984.png,10,10,10,10,OK,,,,10.0
01985.png,25,25,25,25,OK,,,,25.0
01986.png,2,2,2,2,OK,,,,2.0
01987.png,22,22,22,22,OK,,,,22.0
01988.png,8,8,8,8,OK,,,,8.0
01989.png,38,38,38,38,OK,,,,38.0
01990.png,7,7,7,7,OK,,,,7.0
01991.png,2,2,2,2,OK,,,,2.0
01992.png,22,22,22,22,OK,,,,22.0
01993.png,11,11,11,11,OK,,,,11.0
01994.png,11,11,11,11,OK,,,,11.0
01995.png,13,13,13,13,OK,,,,13.0
01996.png,35,35,35,35,OK,,,,35.0
01997.png,12,12,12,12,OK,,,,12.0
01998.png,3,3,3,3,OK,,,,3.0
01999.png,3,3,3,3,OK,,,,3.0
02000.png,34,34,34,34,OK,,,,34.0
02001.png,38,38,38,38,OK,,,,38.0
02002.png,8,8,8,8,OK,,,,8.0
02003.png,11,11,11,11,OK,,,,11.0
02004.png,9,9,9,9,OK,,,,9.0
02005.png,26,26,26,26,OK,,,,26.0
02006.png,17,17,17,17,OK,,,,17.0
02007.png,2,2,2,2,OK,,,,2.0
02008.png,4,4,4,4,OK,,,,4.0
02009.png,35,35,35,35,OK,,,,35.0
02010.png,36,36,36,36,OK,,,,36.0
02011.png,12,12,12,12,OK,,,,12.0
02012.png,38,38,38,38,OK,,,,38.0
02013.png,10,10,10,10,OK,,,,10.0
02014.png,22,22,22,22,OK,,,,22.0
02015.png,38,38,38,38,OK,,,,38.0
02016.png,8,8,8,8,OK,,,,8.0
02017.png,7,7,7,7,OK,,,,7.0
02018.png,9,9,9,9,OK,,,,9.0
02019.png,17,17,17,17,OK,,,,17.0
02020.png,3,3,3,3,OK,,,,3.0
02021.png,25,25,25,25,OK,,,,25.0
02022.png,7,7,7,7,OK,,,,7.0
02023.png,4,4,4,4,OK,,,,4.0
02024.png,1,1,1,1,OK,,,,1.0
02025.png,25,4,4,2,KO,,,,4.0
02026.png,1,1,1,1,OK,,,,1.0
02027.png,38,38,38,38,OK,,,,38.0
02028.png,4,4,4,4,OK,,,,4.0
02029.png,25,25,25,25,OK,,,,25.0
02030.png,10,10,10,10,OK,,,,10.0
02031.png,7,7,7,7,OK,,,,7.0
02032.png,38,38,38,38,OK,,,,38.0
02033.png,13,13,13,13,OK,,,,13.0
02034.png,14,14,14,14,OK,,,,14.0
02035.png,35,35,35,35,OK,,,,35.0
02036.png,26,26,26,26,OK,,,,26.0
02037.png,35,35,35,35,OK,,,,35.0
02038.png,25,25,25,25,OK,,,,25.0
02039.png,12,12,12,12,OK,,,,12.0
02040.png,13,13,13,13,OK,,,,13.0
02041.png,4,4,4,4,OK,,,,4.0
02042.png,7,7,7,7,OK,,,,7.0
02043.png,1,1,1,1,OK,,,,1.0
02044.png,3,3,3,3,OK,,,,3.0
02045.png,0,0,0,0,OK,,,,0.0
02046.png,38,38,38,38,OK,,,,38.0
02047.png,7,7,7,7,OK,,,,7.0
02048.png,2,2,2,2,OK,,,,2.0
02049.png,13,13,13,13,OK,,,,13.0
02050.png,39,39,39,39,OK,,,,39.0
02051.png,1,1,1,1,OK,,,,1.0
02052.png,25,25,25,25,OK,,,,25.0
02053.png,3,3,3,3,OK,,,,3.0
02054.png,26,18,18,18,KO,,,,26.0
02055.png,1,1,1,1,OK,,,,1.0
02056.png,32,32,32,32,OK,,,,32.0
02057.png,36,36,36,36,OK,,,,36.0
02058.png,12,12,12,12,OK,,,,12.0
02059.png,9,9,9,9,OK,,,,9.0
02060.png,14,14,14,14,OK,,,,14.0
02061.png,9,9,9,9,OK,,,,9.0
02062.png,2,2,2,2,OK,,,,2.0
02063.png,2,2,2,2,OK,,,,2.0
02064.png,5,5,5,5,OK,,,,5.0
02065.png,18,18,18,18,OK,,,,18.0
02066.png,11,11,11,11,OK,,,,11.0
02067.png,12,12,12,12,OK,,,,12.0
02068.png,15,15,15,15,OK,,,,15.0
02069.png,18,18,18,18,OK,,,,18.0
02070.png,11,11,11,11,OK,,,,11.0
02071.png,12,12,12,12,OK,,,,12.0
02072.png,30,30,30,30,OK,,,,30.0
02073.png,1,1,1,1,OK,,,,1.0
02074.png,9,9,9,9,OK,,,,9.0
02075.png,18,18,18,18,OK,,,,18.0
02076.png,33,33,33,33,OK,,,,33.0
02077.png,7,7,7,7,OK,,,,7.0
02078.png,38,38,38,38,OK,,,,38.0
02079.png,17,17,17,17,OK,,,,17.0
02080.png,2,2,2,2,OK,,,,2.0
02081.png,9,9,9,9,OK,,,,9.0
02082.png,15,15,15,15,OK,,,,15.0
02083.png,13,13,13,13,OK,,,,13.0
02084.png,10,10,10,10,OK,,,,10.0
02085.png,31,31,31,31,OK,,,,31.0
02086.png,28,28,28,28,OK,,,,28.0
02087.png,18,18,18,18,OK,,,,18.0
02088.png,1,1,1,1,OK,,,,1.0
02089.png,13,13,13,13,OK,,,,13.0
02090.png,31,31,31,31,OK,,,,31.0
02091.png,28,28,28,28,OK,,,,28.0
02092.png,9,9,9,9,OK,,,,9.0
02093.png,11,11,11,11,OK,,,,11.0
02094.png,25,25,25,25,OK,,,,25.0
02095.png,37,37,37,37,OK,,,,37.0
02096.png,25,25,25,25,OK,,,,25.0
02097.png,12,12,12,12,OK,,,,12.0
02098.png,18,18,18,18,OK,,,,18.0
02099.png,1,1,1,1,OK,,,,1.0
02100.png,29,29,29,29,OK,,,,29.0
02101.png,31,31,31,31,OK,,,,31.0
02102.png,7,7,7,7,OK,,,,7.0
02103.png,2,2,2,2,OK,,,,2.0
02104.png,2,2,2,2,OK,,,,2.0
02105.png,6,6,6,6,OK,,,,6.0
02106.png,7,7,7,7,OK,,,,7.0
02107.png,4,4,4,4,OK,,,,4.0
02108.png,36,36,36,36,OK,,,,36.0
02109.png,30,30,30,30,OK,,,,30.0
02110.png,2,2,2,2,OK,,,,2.0
02111.png,17,17,17,17,OK,,,,17.0
02112.png,18,18,18,18,OK,,,,18.0
02113.png,5,5,5,5,OK,,,,5.0
02114.png,2,2,2,2,OK,,,,2.0
02115.png,13,13,13,13,OK,,,,13.0
02116.png,26,26,26,26,OK,,,,26.0
02117.png,7,7,7,7,OK,,,,7.0
02118.png,9,9,9,9,OK,,,,9.0
02119.png,3,3,3,3,OK,,,,3.0
02120.png,38,38,38,38,OK,,,,38.0
02121.png,18,18,18,18,OK,,,,18.0
02122.png,11,11,11,11,OK,,,,11.0
02123.png,13,13,13,13,OK,,,,13.0
02124.png,11,11,11,11,OK,,,,11.0
02125.png,13,13,13,13,OK,,,,13.0
02126.png,10,10,10,10,OK,,,,10.0
02127.png,5,5,5,5,OK,,,,5.0
02128.png,16,16,16,16,OK,,,,16.0
02129.png,13,13,13,13,OK,,,,13.0
02130.png,16,16,16,16,OK,,,,16.0
02131.png,9,9,9,9,OK,,,,9.0
02132.png,3,3,3,3,OK,,,,3.0
02133.png,16,16,16,16,OK,,,,16.0
02134.png,13,13,13,13,OK,,,,13.0
02135.png,35,35,35,35,OK,,,,35.0
02136.png,13,13,13,13,OK,,,,13.0
02137.png,10,10,10,10,OK,,,,10.0
02138.png,36,36,36,36,OK,,,,36.0
02139.png,1,1,1,1,OK,,,,1.0
02140.png,38,38,38,38,OK,,,,38.0
02141.png,17,17,17,17,OK,,,,17.0
02142.png,12,12,12,12,OK,,,,12.0
02143.png,11,11,11,11,OK,,,,11.0
02144.png,2,2,2,2,OK,,,,2.0
02145.png,4,4,4,4,OK,,,,4.0
02146.png,13,13,13,13,OK,,,,13.0
02147.png,18,18,18,18,OK,,,,18.0
02148.png,12,12,12,12,OK,,,,12.0
02149.png,33,33,33,33,OK,,,,33.0
02150.png,11,11,11,11,OK,,,,11.0
02151.png,36,36,36,36,OK,,,,36.0
02152.png,31,31,31,31,OK,,,,31.0
02153.png,7,7,7,7,OK,,,,7.0
02154.png,1,1,1,1,OK,,,,1.0
02155.png,5,5,5,5,OK,,,,5.0
02156.png,10,10,10,10,OK,,,,10.0
02157.png,27,27,27,27,OK,,,,27.0
02158.png,3,3,3,3,OK,,,,3.0
02159.png,40,40,40,40,OK,,,,40.0
02160.png,0,0,0,0,OK,,,,0.0
02161.png,4,4,4,4,OK,,,,4.0
02162.png,9,9,9,9,OK,,,,9.0
02163.png,2,2,2,2,OK,,,,2.0
02164.png,2,2,2,2,OK,,,,2.0
02165.png,2,2,2,2,OK,,,,2.0
02166.png,13,13,13,13,OK,,,,13.0
02167.png,16,16,16,16,OK,,,,16.0
02168.png,13,13,13,13,OK,,,,13.0
02169.png,2,2,2,2,OK,,,,2.0
02170.png,18,18,18,18,OK,,,,18.0
02171.png,2,2,2,2,OK,,,,2.0
02172.png,18,18,18,18,OK,,,,18.0
02173.png,6,6,6,6,OK,,,,6.0
02174.png,9,9,9,9,OK,,,,9.0
02175.png,2,2,2,2,OK,,,,2.0
02176.png,17,17,17,17,OK,,,,17.0
02177.png,14,14,14,14,OK,,,,14.0
02178.png,5,5,5,5,OK,,,,5.0
02179.png,12,12,12,12,OK,,,,12.0
02180.png,5,5,5,5,OK,,,,5.0
02181.png,26,26,26,26,OK,,,,26.0
02182.png,3,3,3,3,OK,,,,3.0
02183.png,17,17,17,17,OK,,,,17.0
02184.png,40,40,40,40,OK,,,,40.0
02185.png,38,38,38,38,OK,,,,38.0
02186.png,14,14,14,14,OK,,,,14.0
02187.png,16,16,16,16,OK,,,,16.0
02188.png,6,6,6,6,OK,,,,6.0
02189.png,8,8,8,8,OK,,,,8.0
02190.png,4,4,4,4,OK,,,,4.0
02191.png,5,5,5,5,OK,,,,5.0
02192.png,4,4,4,4,OK,,,,4.0
02193.png,11,11,11,11,OK,,,,11.0
02194.png,5,5,5,5,OK,,,,5.0
02195.png,13,13,13,13,OK,,,,13.0
02196.png,2,2,2,2,OK,,,,2.0
02197.png,11,11,11,11,OK,,,,11.0
02198.png,12,12,12,12,OK,,,,12.0
02199.png,4,4,4,4,OK,,,,4.0
02200.png,7,7,7,7,OK,,,,7.0
02201.png,38,38,38,38,OK,,,,38.0
02202.png,33,33,33,33,OK,,,,33.0
02203.png,10,10,10,10,OK,,,,10.0
02204.png,33,33,33,33,OK,,,,33.0
02205.png,12,12,12,12,OK,,,,12.0
02206.png,14,14,14,14,OK,,,,14.0
02207.png,38,38,38,38,OK,,,,38.0
02208.png,1,1,1,1,OK,,,,1.0
02209.png,23,23,23,23,OK,,,,23.0
02210.png,7,7,7,7,OK,,,,7.0
02211.png,27,27,27,27,OK,,,,27.0
02212.png,35,35,35,35,OK,,,,35.0
02213.png,10,10,10,10,OK,,,,10.0
02214.png,4,4,4,4,OK,,,,4.0
02215.png,1,1,1,1,OK,,,,1.0
02216.png,11,11,11,11,OK,,,,11.0
02217.png,35,35,35,35,OK,,,,35.0
02218.png,42,42,42,42,OK,,,,42.0
02219.png,28,28,28,28,OK,,,,28.0
02220.png,8,8,8,8,OK,,,,8.0
02221.png,12,12,12,12,OK,,,,12.0
02222.png,5,5,5,5,OK,,,,5.0
02223.png,18,18,18,18,OK,,,,18.0
02224.png,35,35,35,35,OK,,,,35.0
02225.png,17,17,17,17,OK,,,,17.0
02226.png,4,4,4,4,OK,,,,4.0
02227.png,8,8,8,8,OK,,,,8.0
02228.png,26,26,26,26,OK,,,,26.0
02229.png,17,17,17,17,OK,,,,17.0
02230.png,14,14,14,14,OK,,,,14.0
02231.png,8,8,8,8,OK,,,,8.0
02232.png,15,15,15,15,OK,,,,15.0
02233.png,10,10,10,10,OK,,,,10.0
02234.png,5,5,5,5,OK,,,,5.0
02235.png,8,8,8,8,OK,,,,8.0
02236.png,6,6,6,6,OK,,,,6.0
02237.png,14,14,14,14,OK,,,,14.0
02238.png,10,10,10,10,OK,,,,10.0
02239.png,35,35,35,35,OK,,,,35.0
02240.png,1,1,1,1,OK,,,,1.0
02241.png,13,13,13,13,OK,,,,13.0
02242.png,22,22,22,22,OK,,,,22.0
02243.png,16,16,16,16,OK,,,,16.0
02244.png,1,1,1,1,OK,,,,1.0
02245.png,35,35,35,35,OK,,,,35.0
02246.png,5,5,5,5,OK,,,,5.0
02247.png,13,13,13,13,OK,,,,13.0
02248.png,38,38,38,38,OK,,,,38.0
02249.png,7,7,7,7,OK,,,,7.0
02250.png,1,1,1,1,OK,,,,1.0
02251.png,4,4,4,4,OK,,,,4.0
02252.png,25,25,25,25,OK,,,,25.0
02253.png,11,11,11,11,OK,,,,11.0
02254.png,3,3,3,3,OK,,,,3.0
02255.png,12,12,12,12,OK,,,,12.0
02256.png,2,2,2,2,OK,,,,2.0
02257.png,12,12,12,12,OK,,,,12.0
02258.png,26,12,13,12,KO,,,,13.0
02259.png,10,10,10,10,OK,,,,10.0
02260.png,10,10,10,10,OK,,,,10.0
02261.png,13,13,13,13,OK,,,,13.0
02262.png,6,6,6,6,OK,,,,6.0
02263.png,23,23,23,23,OK,,,,23.0
02264.png,13,13,13,13,OK,,,,13.0
02265.png,25,25,25,25,OK,,,,25.0
02266.png,2,2,2,2,OK,,,,2.0
02267.png,12,12,12,12,OK,,,,12.0
02268.png,13,13,13,13,OK,,,,13.0
02269.png,2,2,2,2,OK,,,,2.0
02270.png,12,12,12,12,OK,,,,12.0
02271.png,13,13,13,13,OK,,,,13.0
02272.png,4,4,4,4,OK,,,,4.0
02273.png,16,16,16,16,OK,,,,16.0
02274.png,20,20,20,20,OK,,,,20.0
02275.png,12,12,12,12,OK,,,,12.0
02276.png,25,25,25,25,OK,,,,25.0
02277.png,10,10,10,10,OK,,,,10.0
02278.png,1,1,1,1,OK,,,,1.0
02279.png,7,7,7,7,OK,,,,7.0
02280.png,38,38,38,38,OK,,,,38.0
02281.png,5,5,5,5,OK,,,,5.0
02282.png,13,13,13,13,OK,,,,13.0
02283.png,9,9,9,9,OK,,,,9.0
02284.png,4,4,4,4,OK,,,,4.0
02285.png,38,38,38,38,OK,,,,38.0
02286.png,10,10,10,10,OK,,,,10.0
02287.png,17,17,17,17,OK,,,,17.0
02288.png,30,30,30,30,OK,,,,30.0
02289.png,13,13,13,13,OK,,,,13.0
02290.png,1,1,1,1,OK,,,,1.0
02291.png,14,14,14,14,OK,,,,14.0
02292.png,10,10,10,10,OK,,,,10.0
02293.png,10,10,10,10,OK,,,,10.0
02294.png,33,33,33,33,OK,,,,33.0
02295.png,2,2,2,2,OK,,,,2.0
02296.png,13,13,13,13,OK,,,,13.0
02297.png,2,2,2,2,OK,,,,2.0
02298.png,7,7,7,7,OK,,,,7.0
02299.png,36,36,36,36,OK,,,,36.0
02300.png,6,6,6,6,OK,,,,6.0
02301.png,1,1,1,1,OK,,,,1.0
02302.png,12,12,12,12,OK,,,,12.0
02303.png,17,17,17,17,OK,,,,17.0
02304.png,17,17,17,17,OK,,,,17.0
02305.png,1,1,1,1,OK,,,,1.0
02306.png,4,4,4,4,OK,,,,4.0
02307.png,1,1,1,1,OK,,,,1.0
02308.png,34,34,34,34,OK,,,,34.0
02309.png,3,3,3,3,OK,,,,3.0
02310.png,5,5,5,5,OK,,,,5.0
02311.png,35,35,35,35,OK,,,,35.0
02312.png,1,1,1,1,OK,,,,1.0
02313.png,1,1,1,1,OK,,,,1.0
02314.png,4,4,4,4,OK,,,,4.0
02315.png,13,13,13,13,OK,,,,13.0
02316.png,21,21,21,21,OK,,,,21.0
02317.png,25,25,25,25,OK,,,,25.0
02318.png,3,3,3,3,OK,,,,3.0
02319.png,7,7,7,7,OK,,,,7.0
02320.png,5,5,5,5,OK,,,,5.0
02321.png,3,3,3,3,OK,,,,3.0
02322.png,7,7,7,7,OK,,,,7.0
02323.png,2,2,2,2,OK,,,,2.0
02324.png,5,5,5,5,OK,,,,5.0
02325.png,15,15,15,15,OK,,,,15.0
02326.png,19,19,19,19,OK,,,,19.0
02327.png,2,2,2,2,OK,,,,2.0
02328.png,10,10,10,10,OK,,,,10.0
02329.png,14,14,14,14,OK,,,,14.0
02330.png,28,28,28,28,OK,,,,28.0
02331.png,38,38,38,38,OK,,,,38.0
02332.png,42,42,42,42,OK,,,,42.0
02333.png,36,36,36,36,OK,,,,36.0
02334.png,17,17,17,17,OK,,,,17.0
02335.png,1,1,1,1,OK,,,,1.0
02336.png,5,5,5,5,OK,,,,5.0
02337.png,38,38,38,38,OK,,,,38.0
02338.png,8,8,8,8,OK,,,,8.0
02339.png,16,16,16,16,OK,,,,16.0
02340.png,7,7,7,7,OK,,,,7.0
02341.png,13,13,13,13,OK,,,,13.0
02342.png,18,31,31,21,KO,,,,31.0
02343.png,1,1,1,1,OK,,,,1.0
02344.png,25,25,25,25,OK,,,,25.0
02345.png,32,32,32,32,OK,,,,32.0
02346.png,5,5,5,5,OK,,,,5.0
02347.png,29,29,29,29,OK,,,,29.0
02348.png,4,4,4,4,OK,,,,4.0
02349.png,13,13,13,13,OK,,,,13.0
02350.png,35,35,35,35,OK,,,,35.0
02351.png,33,33,33,33,OK,,,,33.0
02352.png,5,5,5,5,OK,,,,5.0
02353.png,4,4,4,4,OK,,,,4.0
02354.png,10,10,10,10,OK,,,,10.0
02355.png,18,18,18,18,OK,,,,18.0
02356.png,1,1,1,1,OK,,,,1.0
02357.png,11,11,11,11,OK,,,,11.0
02358.png,33,33,33,33,OK,,,,33.0
02359.png,10,10,10,10,OK,,,,10.0
02360.png,30,30,30,30,OK,,,,30.0
02361.png,30,30,30,30,OK,,,,30.0
02362.png,5,5,5,5,OK,,,,5.0
02363.png,31,31,31,31,OK,,,,31.0
02364.png,12,12,12,12,OK,,,,12.0
02365.png,2,2,2,2,OK,,,,2.0
02366.png,2,2,2,2,OK,,,,2.0
02367.png,1,1,1,1,OK,,,,1.0
02368.png,8,8,8,8,OK,,,,8.0
02369.png,13,13,13,13,OK,,,,13.0
02370.png,21,21,21,21,OK,,,,21.0
02371.png,2,2,2,2,OK,,,,2.0
02372.png,1,1,1,1,OK,,,,1.0
02373.png,25,25,25,25,OK,,,,25.0
02374.png,8,8,8,8,OK,,,,8.0
02375.png,33,33,33,33,OK,,,,33.0
02376.png,4,4,4,4,OK,,,,4.0
02377.png,17,17,17,17,OK,,,,17.0
02378.png,25,25,25,25,OK,,,,25.0
02379.png,26,13,12,12,KO,,,,13.0
02380.png,26,26,26,26,OK,,,,26.0
02381.png,11,11,11,11,OK,,,,11.0
02382.png,2,2,2,2,OK,,,,2.0
02383.png,7,7,7,7,OK,,,,7.0
02384.png,22,22,22,22,OK,,,,22.0
02385.png,10,10,10,10,OK,,,,10.0
02386.png,4,4,4,4,OK,,,,4.0
02387.png,25,25,25,25,OK,,,,25.0
02388.png,31,31,31,31,OK,,,,31.0
02389.png,10,10,10,10,OK,,,,10.0
02390.png,18,18,18,18,OK,,,,18.0
02391.png,1,1,1,1,OK,,,,1.0
02392.png,11,11,11,11,OK,,,,11.0
02393.png,17,17,17,17,OK,,,,17.0
02394.png,7,7,7,7,OK,,,,7.0
02395.png,2,2,2,2,OK,,,,2.0
02396.png,24,24,24,24,OK,,,,24.0
02397.png,3,3,3,3,OK,,,,3.0
02398.png,7,7,7,7,OK,,,,7.0
02399.png,5,5,5,5,OK,,,,5.0
02400.png,28,28,28,28,OK,,,,28.0
02401.png,12,12,12,12,OK,,,,12.0
02402.png,8,8,8,8,OK,,,,8.0
02403.png,23,23,23,23,OK,,,,23.0
02404.png,38,38,38,38,OK,,,,38.0
02405.png,1,1,1,1,OK,,,,1.0
02406.png,34,34,34,34,OK,,,,34.0
02407.png,23,23,23,23,OK,,,,23.0
02408.png,2,2,2,2,OK,,,,2.0
02409.png,8,8,8,8,OK,,,,8.0
02410.png,38,38,38,38,OK,,,,38.0
02411.png,9,9,9,9,OK,,,,9.0
02412.png,38,38,38,38,OK,,,,38.0
02413.png,8,8,8,8,OK,,,,8.0
02414.png,25,25,25,25,OK,,,,25.0
02415.png,13,13,13,13,OK,,,,13.0
02416.png,38,38,38,38,OK,,,,38.0
02417.png,13,13,13,13,OK,,,,13.0
02418.png,4,4,4,4,OK,,,,4.0
02419.png,31,31,31,31,OK,,,,31.0
02420.png,12,12,12,12,OK,,,,12.0
02421.png,8,8,8,8,OK,,,,8.0
02422.png,31,31,31,31,OK,,,,31.0
02423.png,22,22,22,22,OK,,,,22.0
02424.png,6,6,6,6,OK,,,,6.0
02425.png,18,18,18,18,OK,,,,18.0
02426.png,10,10,10,10,OK,,,,10.0
02427.png,33,33,33,33,OK,,,,33.0
02428.png,5,5,5,5,OK,,,,5.0
02429.png,1,1,1,1,OK,,,,1.0
02430.png,4,4,4,4,OK,,,,4.0
02431.png,12,12,12,12,OK,,,,12.0
02432.png,35,35,35,35,OK,,,,35.0
02433.png,25,25,25,25,OK,,,,25.0
02434.png,5,2,5,5,KO,,,,5.0
02435.png,11,11,11,11,OK,,,,11.0
02436.png,13,13,13,13,OK,,,,13.0
02437.png,7,7,7,7,OK,,,,7.0
02438.png,14,14,14,14,OK,,,,14.0
02439.png,8,8,8,8,OK,,,,8.0
02440.png,11,11,11,11,OK,,,,11.0
02441.png,1,1,1,1,OK,,,,1.0
02442.png,11,11,11,11,OK,,,,11.0
02443.png,17,17,17,17,OK,,,,17.0
02444.png,35,35,35,35,OK,,,,35.0
02445.png,4,4,4,4,OK,,,,4.0
02446.png,26,26,26,26,OK,,,,26.0
02447.png,6,6,6,6,OK,,,,6.0
02448.png,19,19,19,19,OK,,,,19.0
02449.png,9,9,9,9,OK,,,,9.0
02450.png,11,11,11,11,OK,,,,11.0
02451.png,35,35,35,35,OK,,,,35.0
02452.png,38,38,38,38,OK,,,,38.0
02453.png,25,25,25,25,OK,,,,25.0
02454.png,2,2,2,2,OK,,,,2.0
02455.png,9,9,9,9,OK,,,,9.0
02456.png,13,13,13,13,OK,,,,13.0
02457.png,2,2,2,2,OK,,,,2.0
02458.png,13,13,13,13,OK,,,,13.0
02459.png,18,18,18,18,OK,,,,18.0
02460.png,11,11,11,11,OK,,,,11.0
02461.png,38,38,38,38,OK,,,,38.0
02462.png,10,10,10,10,OK,,,,10.0
02463.png,2,2,2,2,OK,,,,2.0
02464.png,9,9,9,9,OK,,,,9.0
02465.png,12,12,12,12,OK,,,,12.0
02466.png,2,2,2,2,OK,,,,2.0
02467.png,9,9,9,9,OK,,,,9.0
02468.png,5,5,5,5,OK,,,,5.0
02469.png,1,1,1,1,OK,,,,1.0
02470.png,10,10,10,10,OK,,,,10.0
02471.png,25,25,25,25,OK,,,,25.0
02472.png,2,2,2,2,OK,,,,2.0
02473.png,38,38,38,38,OK,,,,38.0
02474.png,16,16,16,16,OK,,,,16.0
02475.png,38,38,38,38,OK,,,,38.0
02476.png,23,23,23,23,OK,,,,23.0
02477.png,12,12,12,12,OK,,,,12.0
02478.png,12,12,12,12,OK,,,,12.0
02479.png,31,31,31,31,OK,,,,31.0
02480.png,6,6,6,6,OK,,,,6.0
02481.png,11,11,11,11,OK,,,,11.0
02482.png,25,25,25,25,OK,,,,25.0
02483.png,17,17,17,17,OK,,,,17.0
02484.png,25,25,25,25,OK,,,,25.0
02485.png,36,36,36,36,OK,,,,36.0
02486.png,9,9,9,9,OK,,,,9.0
02487.png,40,40,40,40,OK,,,,40.0
02488.png,13,13,13,13,OK,,,,13.0
02489.png,25,25,25,25,OK,,,,25.0
02490.png,4,4,4,4,OK,,,,4.0
02491.png,9,9,9,9,OK,,,,9.0
02492.png,22,22,22,22,OK,,,,22.0
02493.png,2,2,2,2,OK,,,,2.0
02494.png,1,2,1,1,KO,,,,1.0
02495.png,13,13,13,13,OK,,,,13.0
02496.png,3,3,3,3,OK,,,,3.0
02497.png,4,4,4,4,OK,,,,4.0
02498.png,38,38,38,38,OK,,,,38.0
02499.png,12,12,12,12,OK,,,,12.0
02500.png,32,32,32,32,OK,,,,32.0
02501.png,12,12,12,12,OK,,,,12.0
02502.png,23,23,23,23,OK,,,,23.0
02503.png,39,39,39,39,OK,,,,39.0
02504.png,35,35,35,35,OK,,,,35.0
02505.png,31,31,31,31,OK,,,,31.0
02506.png,40,40,40,40,OK,,,,40.0
02507.png,2,2,2,2,OK,,,,2.0
02508.png,9,9,9,9,OK,,,,9.0
02509.png,5,5,5,5,OK,,,,5.0
02510.png,8,8,8,8,OK,,,,8.0
02511.png,20,20,20,20,OK,,,,20.0
02512.png,5,5,5,5,OK,,,,5.0
02513.png,9,9,9,9,OK,,,,9.0
02514.png,2,2,2,2,OK,,,,2.0
02515.png,11,11,11,11,OK,,,,11.0
02516.png,12,12,12,12,OK,,,,12.0
02517.png,29,29,29,29,OK,,,,29.0
02518.png,9,17,17,17,KO,,,,17.0
02519.png,8,8,8,8,OK,,,,8.0
02520.png,3,3,3,3,OK,,,,3.0
02521.png,15,15,15,15,OK,,,,15.0
02522.png,3,3,3,3,OK,,,,3.0
02523.png,13,13,13,13,OK,,,,13.0
02524.png,10,10,10,10,OK,,,,10.0
02525.png,13,13,13,13,OK,,,,13.0
02526.png,4,4,4,4,OK,,,,4.0
02527.png,1,1,1,1,OK,,,,1.0
02528.png,25,25,25,25,OK,,,,25.0
02529.png,5,5,5,5,OK,,,,5.0
02530.png,26,26,26,26,OK,,,,26.0
02531.png,25,25,25,25,OK,,,,25.0
02532.png,10,10,10,10,OK,,,,10.0
02533.png,1,1,1,1,OK,,,,1.0
02534.png,8,8,8,8,OK,,,,8.0
02535.png,40,40,40,40,OK,,,,40.0
02536.png,9,9,9,9,OK,,,,9.0
02537.png,10,10,10,10,OK,,,,10.0
02538.png,3,3,3,3,OK,,,,3.0
02539.png,25,25,25,25,OK,,,,25.0
02540.png,25,25,25,25,OK,,,,25.0
02541.png,12,12,12,12,OK,,,,12.0
02542.png,10,10,10,10,OK,,,,10.0
02543.png,13,13,13,13,OK,,,,13.0
02544.png,39,39,39,39,OK,,,,39.0
02545.png,17,17,17,17,OK,,,,17.0
02546.png,7,7,7,7,OK,,,,7.0
02547.png,17,17,17,17,OK,,,,17.0
02548.png,9,9,9,9,OK,,,,9.0
02549.png,12,12,12,12,OK,,,,12.0
02550.png,1,1,1,1,OK,,,,1.0
02551.png,9,9,9,9,OK,,,,9.0
02552.png,10,10,10,10,OK,,,,10.0
02553.png,4,4,4,4,OK,,,,4.0
02554.png,9,9,9,9,OK,,,,9.0
02555.png,18,18,18,18,OK,,,,18.0
02556.png,7,7,7,7,OK,,,,7.0
02557.png,4,4,4,4,OK,,,,4.0
02558.png,1,1,1,1,OK,,,,1.0
02559.png,23,23,23,23,OK,,,,23.0
02560.png,2,2,2,2,OK,,,,2.0
02561.png,4,4,4,4,OK,,,,4.0
02562.png,35,35,35,35,OK,,,,35.0
02563.png,11,11,11,11,OK,,,,11.0
02564.png,9,9,9,9,OK,,,,9.0
02565.png,5,5,5,5,OK,,,,5.0
02566.png,2,2,2,2,OK,,,,2.0
02567.png,7,7,7,7,OK,,,,7.0
02568.png,25,25,25,25,OK,,,,25.0
02569.png,14,14,14,14,OK,,,,14.0
02570.png,26,26,26,26,OK,,,,26.0
02571.png,23,23,23,23,OK,,,,23.0
02572.png,5,5,5,5,OK,,,,5.0
02573.png,18,18,18,18,OK,,,,18.0
02574.png,2,2,2,2,OK,,,,2.0
02575.png,29,29,29,29,OK,,,,29.0
02576.png,25,25,25,25,OK,,,,25.0
02577.png,25,1,25,1,KO,,,,1.0
02578.png,22,22,22,22,OK,,,,22.0
02579.png,12,12,12,12,OK,,,,12.0
02580.png,1,1,1,1,OK,,,,1.0
02581.png,14,14,14,14,OK,,,,14.0
02582.png,34,34,34,34,OK,,,,34.0
02583.png,33,33,33,33,OK,,,,33.0
02584.png,19,19,19,19,OK,,,,19.0
02585.png,2,2,2,2,OK,,,,2.0
02586.png,12,12,12,12,OK,,,,12.0
02587.png,9,9,9,9,OK,,,,9.0
02588.png,17,17,17,17,OK,,,,17.0
02589.png,26,26,26,26,OK,,,,26.0
02590.png,13,13,13,13,OK,,,,13.0
02591.png,14,14,14,14,OK,,,,14.0
02592.png,3,3,3,3,OK,,,,3.0
02593.png,2,2,2,2,OK,,,,2.0
02594.png,2,2,2,2,OK,,,,2.0
02595.png,5,5,5,5,OK,,,,5.0
02596.png,17,17,17,17,OK,,,,17.0
02597.png,25,25,25,25,OK,,,,25.0
02598.png,17,17,17,17,OK,,,,17.0
02599.png,30,30,30,30,OK,,,,30.0
02600.png,30,30,30,30,OK,,,,30.0
02601.png,38,38,38,15,KO,,,,38.0
02602.png,35,35,35,35,OK,,,,35.0
02603.png,4,4,4,4,OK,,,,4.0
02604.png,2,2,2,2,OK,,,,2.0
02605.png,2,2,2,2,OK,,,,2.0
02606.png,28,28,28,28,OK,,,,28.0
02607.png,33,33,33,33,OK,,,,33.0
02608.png,33,33,33,33,OK,,,,33.0
02609.png,33,33,33,33,OK,,,,33.0
02610.png,27,27,27,27,OK,,,,27.0
02611.png,24,24,24,24,OK,,,,24.0
02612.png,25,25,25,25,OK,,,,25.0
02613.png,9,9,9,9,OK,,,,9.0
02614.png,16,16,16,16,OK,,,,16.0
02615.png,12,12,12,12,OK,,,,12.0
02616.png,1,1,1,1,OK,,,,1.0
02617.png,5,5,5,5,OK,,,,5.0
02618.png,34,34,34,34,OK,,,,34.0
02619.png,10,10,10,10,OK,,,,10.0
02620.png,25,25,25,25,OK,,,,25.0
02621.png,25,25,25,25,OK,,,,25.0
02622.png,35,35,35,35,OK,,,,35.0
02623.png,5,5,5,5,OK,,,,5.0
02624.png,13,13,13,13,OK,,,,13.0
02625.png,5,5,5,5,OK,,,,5.0
02626.png,7,7,7,7,OK,,,,7.0
02627.png,4,4,4,4,OK,,,,4.0
02628.png,34,34,34,34,OK,,,,34.0
02629.png,15,15,15,15,OK,,,,15.0
02630.png,7,7,7,7,OK,,,,7.0
02631.png,13,13,13,13,OK,,,,13.0
02632.png,1,1,1,1,OK,,,,1.0
02633.png,23,23,23,23,OK,,,,23.0
02634.png,35,35,35,35,OK,,,,35.0
02635.png,5,5,5,5,OK,,,,5.0
02636.png,13,13,13,13,OK,,,,13.0
02637.png,5,5,5,5,OK,,,,5.0
02638.png,28,28,28,28,OK,,,,28.0
02639.png,13,13,13,13,OK,,,,13.0
02640.png,12,12,12,12,OK,,,,12.0
02641.png,11,11,11,11,OK,,,,11.0
02642.png,25,25,25,25,OK,,,,25.0
02643.png,34,34,34,34,OK,,,,34.0
02644.png,10,10,10,10,OK,,,,10.0
02645.png,3,3,3,3,OK,,,,3.0
02646.png,5,5,5,5,OK,,,,5.0
02647.png,31,31,31,31,OK,,,,31.0
02648.png,11,11,11,11,OK,,,,11.0
02649.png,11,11,11,11,OK,,,,11.0
02650.png,37,37,37,37,OK,,,,37.0
02651.png,12,12,12,12,OK,,,,12.0
02652.png,25,25,25,25,OK,,,,25.0
02653.png,9,9,9,9,OK,,,,9.0
02654.png,13,13,13,13,OK,,,,13.0
02655.png,30,30,30,30,OK,,,,30.0
02656.png,25,25,25,25,OK,,,,25.0
02657.png,25,25,25,25,OK,,,,25.0
02658.png,12,12,12,12,OK,,,,12.0
02659.png,12,12,12,12,OK,,,,12.0
02660.png,30,30,30,30,OK,,,,30.0
02661.png,15,15,15,15,OK,,,,15.0
02662.png,13,13,13,13,OK,,,,13.0
02663.png,1,1,1,1,OK,,,,1.0
02664.png,25,25,25,25,OK,,,,25.0
02665.png,8,8,8,8,OK,,,,8.0
02666.png,13,13,13,13,OK,,,,13.0
02667.png,3,3,3,3,OK,,,,3.0
02668.png,10,10,10,10,OK,,,,10.0
02669.png,18,18,18,18,OK,,,,18.0
02670.png,42,42,42,42,OK,,,,42.0
02671.png,9,9,9,9,OK,,,,9.0
02672.png,16,16,16,16,OK,,,,16.0
02673.png,4,4,4,4,OK,,,,4.0
02674.png,12,12,12,12,OK,,,,12.0
02675.png,15,15,15,15,OK,,,,15.0
02676.png,25,25,25,25,OK,,,,25.0
02677.png,6,6,6,6,OK,,,,6.0
02678.png,41,41,41,41,OK,,,,41.0
02679.png,1,1,1,1,OK,,,,1.0
02680.png,1,1,1,1,OK,,,,1.0
02681.png,2,2,2,2,OK,,,,2.0
02682.png,30,25,11,30,KO,,,,11.0
02683.png,13,13,13,13,OK,,,,13.0
02684.png,33,33,33,33,OK,,,,33.0
02685.png,38,38,38,38,OK,,,,38.0
02686.png,4,4,4,4,OK,,,,4.0
02687.png,5,5,5,5,OK,,,,5.0
02688.png,7,7,7,7,OK,,,,7.0
02689.png,2,2,2,2,OK,,,,2.0
02690.png,35,35,35,35,OK,,,,35.0
02691.png,10,10,10,10,OK,,,,10.0
02692.png,38,38,38,38,OK,,,,38.0
02693.png,4,4,4,4,OK,,,,4.0
02694.png,1,1,1,1,OK,,,,1.0
02695.png,13,13,13,13,OK,,,,13.0
02696.png,11,11,11,11,OK,,,,11.0
02697.png,38,38,38,38,OK,,,,38.0
02698.png,7,7,7,7,OK,,,,7.0
02699.png,5,5,5,5,OK,,,,5.0
02700.png,5,5,5,5,OK,,,,5.0
02701.png,35,35,35,35,OK,,,,35.0
02702.png,37,37,37,37,OK,,,,37.0
02703.png,38,38,38,38,OK,,,,38.0
02704.png,38,38,38,38,OK,,,,38.0
02705.png,1,1,1,1,OK,,,,1.0
02706.png,33,33,33,33,OK,,,,33.0
02707.png,29,29,29,29,OK,,,,29.0
02708.png,26,26,26,26,OK,,,,26.0
02709.png,25,25,25,25,OK,,,,25.0
02710.png,25,25,25,25,OK,,,,25.0
02711.png,10,10,10,10,OK,,,,10.0
02712.png,1,1,1,1,OK,,,,1.0
02713.png,1,1,1,1,OK,,,,1.0
02714.png,1,1,1,1,OK,,,,1.0
02715.png,16,16,16,16,OK,,,,16.0
02716.png,5,5,5,5,OK,,,,5.0
02717.png,23,23,23,23,OK,,,,23.0
02718.png,10,10,10,10,OK,,,,10.0
02719.png,9,9,9,9,OK,,,,9.0
02720.png,17,17,17,17,OK,,,,17.0
02721.png,2,2,2,2,OK,,,,2.0
02722.png,12,12,12,12,OK,,,,12.0
02723.png,9,9,9,9,OK,,,,9.0
02724.png,18,18,18,18,OK,,,,18.0
02725.png,35,35,35,35,OK,,,,35.0
02726.png,10,10,10,10,OK,,,,10.0
02727.png,2,2,2,2,OK,,,,2.0
02728.png,15,15,15,15,OK,,,,15.0
02729.png,12,12,12,12,OK,,,,12.0
02730.png,4,4,4,4,OK,,,,4.0
02731.png,25,25,25,25,OK,,,,25.0
02732.png,10,10,10,10,OK,,,,10.0
02733.png,12,12,12,12,OK,,,,12.0
02734.png,5,5,5,5,OK,,,,5.0
02735.png,13,13,13,13,OK,,,,13.0
02736.png,2,2,2,2,OK,,,,2.0
02737.png,3,3,3,3,OK,,,,3.0
02738.png,28,28,28,28,OK,,,,28.0
02739.png,1,1,1,1,OK,,,,1.0
02740.png,23,23,23,23,OK,,,,23.0
02741.png,2,2,2,2,OK,,,,2.0
02742.png,1,1,1,1,OK,,,,1.0
02743.png,9,9,9,9,OK,,,,9.0
02744.png,5,5,5,5,OK,,,,5.0
02745.png,38,38,38,38,OK,,,,38.0
02746.png,12,12,12,12,OK,,,,12.0
02747.png,1,1,1,1,OK,,,,1.0
02748.png,27,27,27,28,KO,,,,27.0
02749.png,13,13,13,13,OK,,,,13.0
02750.png,9,9,9,9,OK,,,,9.0
02751.png,24,24,24,24,OK,,,,24.0
02752.png,0,0,0,0,OK,,,,0.0
02753.png,5,5,5,5,OK,,,,5.0
02754.png,38,38,38,38,OK,,,,38.0
02755.png,5,5,5,5,OK,,,,5.0
02756.png,4,4,4,4,OK,,,,4.0
02757.png,18,18,18,18,OK,,,,18.0
02758.png,3,5,5,5,KO,,,,5.0
02759.png,36,36,36,36,OK,,,,36.0
02760.png,30,30,30,30,OK,,,,30.0
02761.png,10,10,10,10,OK,,,,10.0
02762.png,38,38,38,38,OK,,,,38.0
02763.png,16,16,16,16,OK,,,,16.0
02764.png,2,2,2,2,OK,,,,2.0
02765.png,31,31,31,31,OK,,,,31.0
02766.png,24,24,24,24,OK,,,,24.0
02767.png,38,38,38,38,OK,,,,38.0
02768.png,25,25,25,25,OK,,,,25.0
02769.png,17,17,17,17,OK,,,,17.0
02770.png,12,12,12,12,OK,,,,12.0
02771.png,29,29,29,29,OK,,,,29.0
02772.png,4,4,4,4,OK,,,,4.0
02773.png,10,10,10,10,OK,,,,10.0
02774.png,14,14,14,14,OK,,,,14.0
02775.png,11,11,11,11,OK,,,,11.0
02776.png,25,25,25,25,OK,,,,25.0
02777.png,18,18,18,18,OK,,,,18.0
02778.png,4,4,4,4,OK,,,,4.0
02779.png,4,4,4,4,OK,,,,4.0
02780.png,8,8,8,8,OK,,,,8.0
02781.png,25,25,25,25,OK,,,,25.0
02782.png,18,18,18,18,OK,,,,18.0
02783.png,7,7,7,7,OK,,,,7.0
02784.png,38,38,38,38,OK,,,,38.0
02785.png,3,3,3,3,OK,,,,3.0
02786.png,13,13,13,13,OK,,,,13.0
02787.png,31,31,31,31,OK,,,,31.0
02788.png,8,8,8,8,OK,,,,8.0
02789.png,21,21,21,21,OK,,,,21.0
02790.png,31,31,31,31,OK,,,,31.0
02791.png,38,38,38,38,OK,,,,38.0
02792.png,2,2,2,2,OK,,,,2.0
02793.png,2,2,2,2,OK,,,,2.0
02794.png,34,34,34,34,OK,,,,34.0
02795.png,10,10,10,10,OK,,,,10.0
02796.png,7,7,7,7,OK,,,,7.0
02797.png,10,10,10,10,OK,,,,10.0
02798.png,38,38,38,38,OK,,,,38.0
02799.png,8,8,8,8,OK,,,,8.0
02800.png,4,4,4,4,OK,,,,4.0
02801.png,12,12,12,12,OK,,,,12.0
02802.png,28,28,28,28,OK,,,,28.0
02803.png,5,5,5,5,OK,,,,5.0
02804.png,39,39,39,39,OK,,,,39.0
02805.png,41,41,41,41,OK,,,,41.0
02806.png,10,10,10,10,OK,,,,10.0
02807.png,13,13,13,13,OK,,,,13.0
02808.png,38,38,38,38,OK,,,,38.0
02809.png,38,38,38,38,OK,,,,38.0
02810.png,19,19,19,19,OK,,,,19.0
02811.png,1,1,1,1,OK,,,,1.0
02812.png,7,7,7,7,OK,,,,7.0
02813.png,6,6,6,6,OK,,,,6.0
02814.png,39,39,39,39,OK,,,,39.0
02815.png,3,3,3,3,OK,,,,3.0
02816.png,1,1,1,1,OK,,,,1.0
02817.png,19,19,19,19,OK,,,,19.0
02818.png,32,32,32,32,OK,,,,32.0
02819.png,38,38,38,38,OK,,,,38.0
02820.png,12,12,12,12,OK,,,,12.0
02821.png,8,8,8,8,OK,,,,8.0
02822.png,35,35,35,35,OK,,,,35.0
02823.png,12,12,12,12,OK,,,,12.0
02824.png,38,38,38,38,OK,,,,38.0
02825.png,17,17,17,17,OK,,,,17.0
02826.png,2,2,2,2,OK,,,,2.0
02827.png,1,1,1,1,OK,,,,1.0
02828.png,14,14,14,14,OK,,,,14.0
02829.png,35,35,35,35,OK,,,,35.0
02830.png,12,12,12,12,OK,,,,12.0
02831.png,35,35,35,35,OK,,,,35.0
02832.png,34,34,34,34,OK,,,,34.0
02833.png,17,17,17,17,OK,,,,17.0
02834.png,42,42,42,42,OK,,,,42.0
02835.png,1,1,1,1,OK,,,,1.0
02836.png,5,5,5,5,OK,,,,5.0
02837.png,31,31,31,31,OK,,,,31.0
02838.png,6,6,6,6,OK,,,,6.0
02839.png,28,28,28,28,OK,,,,28.0
02840.png,12,12,12,12,OK,,,,12.0
02841.png,38,38,38,38,OK,,,,38.0
02842.png,11,11,11,11,OK,,,,11.0
02843.png,5,5,5,5,OK,,,,5.0
02844.png,8,8,8,8,OK,,,,8.0
02845.png,8,8,8,8,OK,,,,8.0
02846.png,23,23,23,23,OK,,,,23.0
02847.png,27,27,27,27,OK,,,,27.0
02848.png,2,2,2,2,OK,,,,2.0
02849.png,1,1,1,1,OK,,,,1.0
02850.png,25,25,25,25,OK,,,,25.0
02851.png,10,10,10,10,OK,,,,10.0
02852.png,31,31,31,31,OK,,,,31.0
02853.png,3,3,3,3,OK,,,,3.0
02854.png,18,18,18,18,OK,,,,18.0
02855.png,18,18,18,18,OK,,,,18.0
02856.png,13,13,13,13,OK,,,,13.0
02857.png,18,18,18,18,OK,,,,18.0
02858.png,13,13,13,13,OK,,,,13.0
02859.png,34,34,34,34,OK,,,,34.0
02860.png,5,5,5,5,OK,,,,5.0
02861.png,4,4,4,4,OK,,,,4.0
02862.png,1,1,1,1,OK,,,,1.0
02863.png,23,23,23,23,OK,,,,23.0
02864.png,30,30,30,30,OK,,,,30.0
02865.png,4,4,4,4,OK,,,,4.0
02866.png,12,12,12,12,OK,,,,12.0
02867.png,1,1,1,1,OK,,,,1.0
02868.png,38,38,38,38,OK,,,,38.0
02869.png,1,1,1,1,OK,,,,1.0
02870.png,12,12,12,12,OK,,,,12.0
02871.png,25,25,25,25,OK,,,,25.0
02872.png,14,14,14,14,OK,,,,14.0
02873.png,38,38,38,38,OK,,,,38.0
02874.png,1,1,1,1,OK,,,,1.0
02875.png,17,17,17,17,OK,,,,17.0
02876.png,9,9,9,9,OK,,,,9.0
02877.png,16,16,16,16,OK,,,,16.0
02878.png,13,13,13,13,OK,,,,13.0
02879.png,7,7,7,7,OK,,,,7.0
02880.png,39,39,39,39,OK,,,,39.0
02881.png,2,2,2,2,OK,,,,2.0
02882.png,8,8,8,8,OK,,,,8.0
02883.png,2,2,2,2,OK,,,,2.0
02884.png,10,10,10,10,OK,,,,10.0
02885.png,25,25,25,25,OK,,,,25.0
02886.png,10,10,10,10,OK,,,,10.0
02887.png,4,4,4,4,OK,,,,4.0
02888.png,4,4,4,4,OK,,,,4.0
02889.png,10,10,10,10,OK,,,,10.0
02890.png,9,9,9,9,OK,,,,9.0
02891.png,39,39,39,39,OK,,,,39.0
02892.png,7,7,7,7,OK,,,,7.0
02893.png,22,22,22,22,OK,,,,22.0
02894.png,40,40,40,40,OK,,,,40.0
02895.png,4,4,4,4,OK,,,,4.0
02896.png,12,12,12,12,OK,,,,12.0
02897.png,10,10,10,10,OK,,,,10.0
02898.png,15,15,15,15,OK,,,,15.0
02899.png,12,12,12,12,OK,,,,12.0
02900.png,13,13,13,13,OK,,,,13.0
02901.png,34,34,34,34,OK,,,,34.0
02902.png,4,4,4,4,OK,,,,4.0
02903.png,2,2,2,2,OK,,,,2.0
02904.png,5,5,5,5,OK,,,,5.0
02905.png,25,25,25,25,OK,,,,25.0
02906.png,37,37,37,37,OK,,,,37.0
02907.png,17,14,17,17,KO,,,,17.0
02908.png,15,15,15,15,OK,,,,15.0
02909.png,14,14,14,14,OK,,,,14.0
02910.png,15,15,15,15,OK,,,,15.0
02911.png,12,12,12,12,OK,,,,12.0
02912.png,26,26,26,26,OK,,,,26.0
02913.png,18,18,18,18,OK,,,,18.0
02914.png,9,9,9,9,OK,,,,9.0
02915.png,17,17,17,17,OK,,,,17.0
02916.png,1,1,1,1,OK,,,,1.0
02917.png,7,7,7,7,OK,,,,7.0
02918.png,31,23,31,23,KO,,,,23.0
02919.png,1,1,1,1,OK,,,,1.0
02920.png,35,35,35,35,OK,,,,35.0
02921.png,11,11,11,11,OK,,,,11.0
02922.png,7,7,7,7,OK,,,,7.0
02923.png,10,10,10,10,OK,,,,10.0
02924.png,5,5,5,5,OK,,,,5.0
02925.png,13,13,13,13,OK,,,,13.0
02926.png,10,10,10,10,OK,,,,10.0
02927.png,9,9,9,9,OK,,,,9.0
02928.png,1,1,1,1,OK,,,,1.0
02929.png,10,10,10,10,OK,,,,10.0
02930.png,0,0,0,0,OK,,,,0.0
02931.png,1,1,1,1,OK,,,,1.0
02932.png,13,13,13,13,OK,,,,13.0
02933.png,10,10,10,10,OK,,,,10.0
02934.png,13,13,13,13,OK,,,,13.0
02935.png,2,2,2,2,OK,,,,2.0
02936.png,18,18,18,18,OK,,,,18.0
02937.png,13,13,13,13,OK,,,,13.0
02938.png,4,4,4,4,OK,,,,4.0
02939.png,2,2,2,2,OK,,,,2.0
02940.png,8,8,8,8,OK,,,,8.0
02941.png,16,16,16,16,OK,,,,16.0
02942.png,17,17,17,17,OK,,,,17.0
02943.png,18,18,18,18,OK,,,,18.0
02944.png,39,39,39,39,OK,,,,39.0
02945.png,15,15,15,15,OK,,,,15.0
02946.png,5,5,5,5,OK,,,,5.0
02947.png,9,9,9,9,OK,,,,9.0
02948.png,15,15,15,15,OK,,,,15.0
02949.png,17,17,17,17,OK,,,,17.0
02950.png,2,2,2,2,OK,,,,2.0
02951.png,8,8,8,8,OK,,,,8.0
02952.png,33,33,33,33,OK,,,,33.0
02953.png,33,33,33,33,OK,,,,33.0
02954.png,23,23,23,23,OK,,,,23.0
02955.png,1,1,1,1,OK,,,,1.0
02956.png,11,11,11,11,OK,,,,11.0
02957.png,28,28,28,28,OK,,,,28.0
02958.png,9,9,9,9,OK,,,,9.0
02959.png,4,4,4,4,OK,,,,4.0
02960.png,14,14,14,14,OK,,,,14.0
02961.png,3,3,3,3,OK,,,,3.0
02962.png,22,22,22,22,OK,,,,22.0
02963.png,17,17,17,17,OK,,,,17.0
02964.png,9,9,9,9,OK,,,,9.0
02965.png,3,3,3,3,OK,,,,3.0
02966.png,26,26,26,26,OK,,,,26.0
02967.png,2,2,2,2,OK,,,,2.0
02968.png,16,16,16,16,OK,,,,16.0
02969.png,17,17,17,17,OK,,,,17.0
02970.png,18,18,18,18,OK,,,,18.0
02971.png,12,12,12,12,OK,,,,12.0
02972.png,29,29,29,29,OK,,,,29.0
02973.png,11,11,11,11,OK,,,,11.0
02974.png,18,18,18,18,OK,,,,18.0
02975.png,1,1,1,1,OK,,,,1.0
02976.png,2,2,2,2,OK,,,,2.0
02977.png,38,38,38,38,OK,,,,38.0
02978.png,36,36,36,36,OK,,,,36.0
02979.png,25,25,25,25,OK,,,,25.0
02980.png,41,41,41,41,OK,,,,41.0
02981.png,5,5,5,5,OK,,,,5.0
02982.png,12,12,12,12,OK,,,,12.0
02983.png,7,7,7,7,OK,,,,7.0
02984.png,17,17,17,17,OK,,,,17.0
02985.png,4,4,4,4,OK,,,,4.0
02986.png,25,25,25,25,OK,,,,25.0
02987.png,6,6,6,6,OK,,,,6.0
02988.png,36,36,36,36,OK,,,,36.0
02989.png,26,26,26,26,OK,,,,26.0
02990.png,9,9,9,9,OK,,,,9.0
02991.png,7,7,7,7,OK,,,,7.0
02992.png,14,14,14,14,OK,,,,14.0
02993.png,30,30,30,30,OK,,,,30.0
02994.png,17,17,17,17,OK,,,,17.0
02995.png,20,20,20,20,OK,,,,20.0
02996.png,18,18,18,18,OK,,,,18.0
02997.png,12,12,12,12,OK,,,,12.0
02998.png,41,41,41,41,OK,,,,41.0
02999.png,5,5,5,5,OK,,,,5.0
03000.png,11,11,11,11,OK,,,,11.0
03001.png,36,36,36,36,OK,,,,36.0
03002.png,1,1,1,1,OK,,,,1.0
03003.png,15,15,15,15,OK,,,,15.0
03004.png,11,11,11,11,OK,,,,11.0
03005.png,12,12,12,12,OK,,,,12.0
03006.png,34,34,34,34,OK,,,,34.0
03007.png,33,33,33,33,OK,,,,33.0
03008.png,21,21,21,21,OK,,,,21.0
03009.png,0,0,0,0,OK,,,,0.0
03010.png,9,9,9,9,OK,,,,9.0
03011.png,9,9,9,9,OK,,,,9.0
03012.png,27,27,27,27,OK,,,,27.0
03013.png,3,3,3,3,OK,,,,3.0
03014.png,18,18,18,18,OK,,,,18.0
03015.png,31,31,31,31,OK,,,,31.0
03016.png,2,2,2,2,OK,,,,2.0
03017.png,26,26,26,26,OK,,,,26.0
03018.png,25,25,25,25,OK,,,,25.0
03019.png,38,38,38,38,OK,,,,38.0
03020.png,12,12,12,12,OK,,,,12.0
03021.png,6,6,6,6,OK,,,,6.0
03022.png,28,28,28,28,OK,,,,28.0
03023.png,35,35,35,35,OK,,,,35.0
03024.png,5,5,5,5,OK,,,,5.0
03025.png,30,30,30,30,OK,,,,30.0
03026.png,4,4,4,4,OK,,,,4.0
03027.png,8,8,8,8,OK,,,,8.0
03028.png,12,12,12,12,OK,,,,12.0
03029.png,17,17,17,17,OK,,,,17.0
03030.png,18,18,18,18,OK,,,,18.0
03031.png,1,1,1,1,OK,,,,1.0
03032.png,38,38,38,38,OK,,,,38.0
03033.png,38,38,38,38,OK,,,,38.0
03034.png,9,9,9,9,OK,,,,9.0
03035.png,25,25,25,25,OK,,,,25.0
03036.png,5,5,5,5,OK,,,,5.0
03037.png,1,1,1,1,OK,,,,1.0
03038.png,1,1,1,1,OK,,,,1.0
03039.png,42,42,42,42,OK,,,,42.0
03040.png,13,13,13,13,OK,,,,13.0
03041.png,13,13,13,13,OK,,,,13.0
03042.png,2,2,2,2,OK,,,,2.0
03043.png,30,30,30,30,OK,,,,30.0
03044.png,10,10,10,10,OK,,,,10.0
03045.png,35,35,35,35,OK,,,,35.0
03046.png,28,28,28,28,OK,,,,28.0
03047.png,5,5,5,5,OK,,,,5.0
03048.png,11,11,11,11,OK,,,,11.0
03049.png,30,30,30,30,OK,,,,30.0
03050.png,11,11,11,11,OK,,,,11.0
03051.png,1,1,1,1,OK,,,,1.0
03052.png,25,25,25,25,OK,,,,25.0
03053.png,38,38,38,38,OK,,,,38.0
03054.png,38,38,38,38,OK,,,,38.0
03055.png,31,31,31,31,OK,,,,31.0
03056.png,19,19,19,19,OK,,,,19.0
03057.png,13,13,13,13,OK,,,,13.0
03058.png,21,21,21,21,OK,,,,21.0
03059.png,20,20,20,20,OK,,,,20.0
03060.png,8,8,8,8,OK,,,,8.0
03061.png,38,38,38,38,OK,,,,38.0
03062.png,22,22,22,22,OK,,,,22.0
03063.png,28,28,28,28,OK,,,,28.0
03064.png,12,12,12,12,OK,,,,12.0
03065.png,17,17,17,17,OK,,,,17.0
03066.png,12,12,12,12,OK,,,,12.0
03067.png,35,35,35,35,OK,,,,35.0
03068.png,10,10,10,10,OK,,,,10.0
03069.png,13,13,13,13,OK,,,,13.0
03070.png,12,12,12,12,OK,,,,12.0
03071.png,1,1,1,1,OK,,,,1.0
03072.png,2,2,2,2,OK,,,,2.0
03073.png,10,10,10,10,OK,,,,10.0
03074.png,5,5,5,5,OK,,,,5.0
03075.png,13,13,13,13,OK,,,,13.0
03076.png,34,34,34,34,OK,,,,34.0
03077.png,2,2,2,2,OK,,,,2.0
03078.png,2,2,2,2,OK,,,,2.0
03079.png,17,17,17,17,OK,,,,17.0
03080.png,9,9,9,9,OK,,,,9.0
03081.png,13,13,13,13,OK,,,,13.0
03082.png,34,34,34,34,OK,,,,34.0
03083.png,2,2,2,2,OK,,,,2.0
03084.png,13,13,13,13,OK,,,,13.0
03085.png,10,10,10,10,OK,,,,10.0
03086.png,8,8,8,8,OK,,,,8.0
03087.png,4,4,4,4,OK,,,,4.0
03088.png,38,38,38,38,OK,,,,38.0
03089.png,10,10,10,10,OK,,,,10.0
03090.png,4,4,4,4,OK,,,,4.0
03091.png,1,1,1,1,OK,,,,1.0
03092.png,33,33,33,33,OK,,,,33.0
03093.png,2,2,2,2,OK,,,,2.0
03094.png,14,14,14,14,OK,,,,14.0
03095.png,35,35,35,35,OK,,,,35.0
03096.png,10,10,10,10,OK,,,,10.0
03097.png,13,13,13,13,OK,,,,13.0
03098.png,9,9,9,9,OK,,,,9.0
03099.png,5,5,5,5,OK,,,,5.0
03100.png,35,35,35,35,OK,,,,35.0
03101.png,18,18,18,18,OK,,,,18.0
03102.png,25,25,25,25,OK,,,,25.0
03103.png,40,40,40,40,OK,,,,40.0
03104.png,3,3,3,3,OK,,,,3.0
03105.png,13,13,13,13,OK,,,,13.0
03106.png,31,31,31,31,OK,,,,31.0
03107.png,22,22,22,22,OK,,,,22.0
03108.png,38,38,38,38,OK,,,,38.0
03109.png,39,39,39,39,OK,,,,39.0
03110.png,2,2,2,2,OK,,,,2.0
03111.png,25,25,25,25,OK,,,,25.0
03112.png,23,23,23,23,OK,,,,23.0
03113.png,11,11,11,11,OK,,,,11.0
03114.png,23,23,23,23,OK,,,,23.0
03115.png,12,12,12,12,OK,,,,12.0
03116.png,17,17,17,17,OK,,,,17.0
03117.png,36,36,36,36,OK,,,,36.0
03118.png,1,1,1,1,OK,,,,1.0
03119.png,38,38,38,38,OK,,,,38.0
03120.png,2,2,2,2,OK,,,,2.0
03121.png,8,8,8,8,OK,,,,8.0
03122.png,18,18,18,18,OK,,,,18.0
03123.png,4,4,4,4,OK,,,,4.0
03124.png,10,10,10,10,OK,,,,10.0
03125.png,7,7,7,7,OK,,,,7.0
03126.png,38,38,38,38,OK,,,,38.0
03127.png,14,14,14,14,OK,,,,14.0
03128.png,10,10,10,10,OK,,,,10.0
03129.png,38,38,38,38,OK,,,,38.0
03130.png,9,9,9,9,OK,,,,9.0
03131.png,14,14,14,14,OK,,,,14.0
03132.png,1,1,1,1,OK,,,,1.0
03133.png,25,25,25,25,OK,,,,25.0
03134.png,14,14,14,14,OK,,,,14.0
03135.png,1,1,1,1,OK,,,,1.0
03136.png,1,1,1,1,OK,,,,1.0
03137.png,25,25,25,25,OK,,,,25.0
03138.png,7,7,7,7,OK,,,,7.0
03139.png,10,10,10,10,OK,,,,10.0
03140.png,5,5,5,5,OK,,,,5.0
03141.png,40,40,40,40,OK,,,,40.0
03142.png,28,28,28,28,OK,,,,28.0
03143.png,20,20,20,20,OK,,,,20.0
03144.png,4,4,4,4,OK,,,,4.0
03145.png,9,9,9,9,OK,,,,9.0
03146.png,3,3,3,3,OK,,,,3.0
03147.png,2,1,1,1,KO,,,,1.0
03148.png,35,35,35,35,OK,,,,35.0
03149.png,2,2,2,2,OK,,,,2.0
03150.png,22,22,22,22,OK,,,,22.0
03151.png,2,2,2,2,OK,,,,2.0
03152.png,2,2,2,2,OK,,,,2.0
03153.png,1,1,1,1,OK,,,,1.0
03154.png,14,14,14,14,OK,,,,14.0
03155.png,4,4,4,4,OK,,,,4.0
03156.png,3,3,3,3,OK,,,,3.0
03157.png,11,11,11,11,OK,,,,11.0
03158.png,10,10,10,10,OK,,,,10.0
03159.png,5,5,5,5,OK,,,,5.0
03160.png,29,29,29,29,OK,,,,29.0
03161.png,10,10,10,10,OK,,,,10.0
03162.png,33,33,33,33,OK,,,,33.0
03163.png,38,38,38,38,OK,,,,38.0
03164.png,12,12,12,12,OK,,,,12.0
03165.png,17,17,17,17,OK,,,,17.0
03166.png,16,16,16,16,OK,,,,16.0
03167.png,12,12,12,12,OK,,,,12.0
03168.png,3,3,3,3,OK,,,,3.0
03169.png,4,4,4,4,OK,,,,4.0
03170.png,10,10,10,10,OK,,,,10.0
03171.png,8,8,8,8,OK,,,,8.0
03172.png,18,18,18,18,OK,,,,18.0
03173.png,38,38,38,13,KO,,,,38.0
03174.png,35,35,35,35,OK,,,,35.0
03175.png,1,1,1,1,OK,,,,1.0
03176.png,17,17,17,17,OK,,,,17.0
03177.png,26,26,26,26,OK,,,,26.0
03178.png,34,34,34,34,OK,,,,34.0
03179.png,7,7,7,7,OK,,,,7.0
03180.png,8,8,8,8,OK,,,,8.0
03181.png,10,10,10,10,OK,,,,10.0
03182.png,7,7,7,7,OK,,,,7.0
03183.png,17,17,17,17,OK,,,,17.0
03184.png,3,3,3,3,OK,,,,3.0
03185.png,12,12,12,12,OK,,,,12.0
03186.png,13,13,13,13,OK,,,,13.0
03187.png,31,31,31,31,OK,,,,31.0
03188.png,36,36,36,36,OK,,,,36.0
03189.png,7,7,7,7,OK,,,,7.0
03190.png,8,8,8,8,OK,,,,8.0
03191.png,12,12,12,12,OK,,,,12.0
03192.png,3,3,3,3,OK,,,,3.0
03193.png,5,5,5,5,OK,,,,5.0
03194.png,24,24,24,24,OK,,,,24.0
03195.png,11,11,11,11,OK,,,,11.0
03196.png,28,28,28,28,OK,,,,28.0
03197.png,2,2,2,2,OK,,,,2.0
03198.png,1,1,1,1,OK,,,,1.0
03199.png,5,5,5,5,OK,,,,5.0
03200.png,5,5,5,5,OK,,,,5.0
03201.png,9,9,9,9,OK,,,,9.0
03202.png,1,1,1,1,OK,,,,1.0
03203.png,13,13,13,13,OK,,,,13.0
03204.png,13,13,13,13,OK,,,,13.0
03205.png,13,13,13,13,OK,,,,13.0
03206.png,7,7,7,7,OK,,,,7.0
03207.png,31,31,31,31,OK,,,,31.0
03208.png,1,1,1,1,OK,,,,1.0
03209.png,2,2,2,2,OK,,,,2.0
03210.png,7,7,7,7,OK,,,,7.0
03211.png,1,1,1,1,OK,,,,1.0
03212.png,2,2,2,2,OK,,,,2.0
03213.png,12,12,12,12,OK,,,,12.0
03214.png,2,2,2,2,OK,,,,2.0
03215.png,4,4,4,4,OK,,,,4.0
03216.png,11,11,11,11,OK,,,,11.0
03217.png,24,24,24,24,OK,,,,24.0
03218.png,38,38,38,38,OK,,,,38.0
03219.png,10,10,10,10,OK,,,,10.0
03220.png,24,24,24,24,OK,,,,24.0
03221.png,26,26,26,26,OK,,,,26.0
03222.png,6,6,6,6,OK,,,,6.0
03223.png,4,4,4,4,OK,,,,4.0
03224.png,11,11,11,11,OK,,,,11.0
03225.png,23,23,23,23,OK,,,,23.0
03226.png,4,4,4,4,OK,,,,4.0
03227.png,35,35,35,35,OK,,,,35.0
03228.png,7,7,7,7,OK,,,,7.0
03229.png,15,15,15,15,OK,,,,15.0
03230.png,31,31,31,31,OK,,,,31.0
03231.png,23,23,23,23,OK,,,,23.0
03232.png,11,11,11,11,OK,,,,11.0
03233.png,25,25,25,25,OK,,,,25.0
03234.png,18,18,18,18,OK,,,,18.0
03235.png,27,27,27,27,OK,,,,27.0
03236.png,41,41,41,41,OK,,,,41.0
03237.png,1,1,1,1,OK,,,,1.0
03238.png,23,23,23,23,OK,,,,23.0
03239.png,8,8,8,8,OK,,,,8.0
03240.png,4,4,4,4,OK,,,,4.0
03241.png,15,15,15,15,OK,,,,15.0
03242.png,7,7,7,7,OK,,,,7.0
03243.png,25,25,25,25,OK,,,,25.0
03244.png,12,12,12,12,OK,,,,12.0
03245.png,9,9,9,9,OK,,,,9.0
03246.png,20,20,20,20,OK,,,,20.0
03247.png,1,1,1,1,OK,,,,1.0
03248.png,1,1,1,1,OK,,,,1.0
03249.png,11,11,11,11,OK,,,,11.0
03250.png,27,27,27,27,OK,,,,27.0
03251.png,13,13,13,13,OK,,,,13.0
03252.png,13,13,13,13,OK,,,,13.0
03253.png,15,15,15,15,OK,,,,15.0
03254.png,35,35,35,35,OK,,,,35.0
03255.png,25,25,25,25,OK,,,,25.0
03256.png,11,11,11,11,OK,,,,11.0
03257.png,8,8,8,8,OK,,,,8.0
03258.png,36,36,36,36,OK,,,,36.0
03259.png,2,2,2,2,OK,,,,2.0
03260.png,10,10,10,10,OK,,,,10.0
03261.png,12,12,12,12,OK,,,,12.0
03262.png,2,2,2,2,OK,,,,2.0
03263.png,3,3,3,3,OK,,,,3.0
03264.png,34,34,34,34,OK,,,,34.0
03265.png,16,16,16,16,OK,,,,16.0
03266.png,8,8,8,8,OK,,,,8.0
03267.png,10,10,10,10,OK,,,,10.0
03268.png,12,12,12,12,OK,,,,12.0
03269.png,9,9,9,9,OK,,,,9.0
03270.png,11,11,11,11,OK,,,,11.0
03271.png,11,11,11,11,OK,,,,11.0
03272.png,35,35,35,35,OK,,,,35.0
03273.png,30,30,30,30,OK,,,,30.0
03274.png,40,40,40,40,OK,,,,40.0
03275.png,4,4,4,4,OK,,,,4.0
03276.png,2,2,2,2,OK,,,,2.0
03277.png,1,1,1,1,OK,,,,1.0
03278.png,18,18,18,18,OK,,,,18.0
03279.png,17,17,17,17,OK,,,,17.0
03280.png,35,35,35,35,OK,,,,35.0
03281.png,0,0,0,0,OK,,,,0.0
03282.png,2,2,2,2,OK,,,,2.0
03283.png,12,12,12,12,OK,,,,12.0
03284.png,12,12,12,12,OK,,,,12.0
03285.png,12,12,12,12,OK,,,,12.0
03286.png,14,14,14,14,OK,,,,14.0
03287.png,8,8,8,8,OK,,,,8.0
03288.png,31,31,31,31,OK,,,,31.0
03289.png,1,1,1,1,OK,,,,1.0
03290.png,26,26,26,26,OK,,,,26.0
03291.png,7,7,7,7,OK,,,,7.0
03292.png,10,10,10,10,OK,,,,10.0
03293.png,5,5,5,5,OK,,,,5.0
03294.png,21,21,21,21,OK,,,,21.0
03295.png,13,13,13,13,OK,,,,13.0
03296.png,3,3,3,3,OK,,,,3.0
03297.png,13,13,13,13,OK,,,,13.0
03298.png,18,18,18,18,OK,,,,18.0
03299.png,2,2,2,2,OK,,,,2.0
03300.png,25,25,25,25,OK,,,,25.0
03301.png,10,10,10,10,OK,,,,10.0
03302.png,1,1,1,1,OK,,,,1.0
03303.png,6,6,6,6,OK,,,,5.0
03304.png,1,1,1,1,OK,,,,1.0
03305.png,7,7,7,7,OK,,,,7.0
03306.png,34,34,34,34,OK,,,,34.0
03307.png,14,14,14,14,OK,,,,14.0
03308.png,7,7,7,7,OK,,,,7.0
03309.png,2,2,2,2,OK,,,,2.0
03310.png,25,25,25,25,OK,,,,25.0
03311.png,15,15,15,15,OK,,,,15.0
03312.png,8,8,8,8,OK,,,,8.0
03313.png,33,33,33,33,OK,,,,33.0
03314.png,10,10,10,10,OK,,,,10.0
03315.png,10,10,10,10,OK,,,,10.0
03316.png,3,3,3,3,OK,,,,3.0
03317.png,17,17,17,17,OK,,,,17.0
03318.png,13,13,13,13,OK,,,,13.0
03319.png,11,11,11,11,OK,,,,11.0
03320.png,25,25,25,25,OK,,,,25.0
03321.png,1,1,1,1,OK,,,,1.0
03322.png,15,15,15,15,OK,,,,15.0
03323.png,1,1,1,1,OK,,,,1.0
03324.png,35,35,35,35,OK,,,,35.0
03325.png,14,14,14,14,OK,,,,14.0
03326.png,9,9,9,9,OK,,,,9.0
03327.png,13,13,13,13,OK,,,,13.0
03328.png,9,9,9,9,OK,,,,9.0
03329.png,25,25,25,25,OK,,,,25.0
03330.png,4,4,4,4,OK,,,,4.0
03331.png,1,1,1,1,OK,,,,1.0
03332.png,7,7,7,7,OK,,,,7.0
03333.png,31,31,31,31,OK,,,,31.0
03334.png,3,3,3,3,OK,,,,3.0
03335.png,1,1,1,1,OK,,,,1.0
03336.png,2,2,2,2,OK,,,,2.0
03337.png,20,20,20,20,OK,,,,20.0
03338.png,18,18,18,18,OK,,,,18.0
03339.png,38,38,38,38,OK,,,,38.0
03340.png,0,0,0,0,OK,,,,0.0
03341.png,39,39,39,39,OK,,,,39.0
03342.png,3,3,3,3,OK,,,,3.0
03343.png,15,15,15,15,OK,,,,15.0
03344.png,12,12,12,12,OK,,,,12.0
03345.png,2,2,2,2,OK,,,,2.0
03346.png,3,3,3,3,OK,,,,3.0
03347.png,35,35,35,35,OK,,,,35.0
03348.png,5,5,5,5,OK,,,,5.0
03349.png,11,11,11,11,OK,,,,11.0
03350.png,3,3,3,3,OK,,,,3.0
03351.png,1,1,1,1,OK,,,,1.0
03352.png,9,9,9,9,OK,,,,9.0
03353.png,37,37,37,37,OK,,,,37.0
03354.png,12,12,12,12,OK,,,,12.0
03355.png,7,7,7,7,OK,,,,7.0
03356.png,2,2,2,2,OK,,,,2.0
03357.png,38,38,38,38,OK,,,,38.0
03358.png,22,22,22,22,OK,,,,22.0
03359.png,16,16,16,16,OK,,,,16.0
03360.png,41,41,41,41,OK,,,,41.0
03361.png,31,31,31,31,OK,,,,31.0
03362.png,25,25,25,25,OK,,,,25.0
03363.png,29,29,29,29,OK,,,,29.0
03364.png,10,10,10,10,OK,,,,10.0
03365.png,16,16,16,16,OK,,,,16.0
03366.png,2,2,2,2,OK,,,,2.0
03367.png,29,29,29,29,OK,,,,29.0
03368.png,13,13,13,13,OK,,,,13.0
03369.png,22,22,22,22,OK,,,,22.0
03370.png,12,12,12,12,OK,,,,12.0
03371.png,12,12,12,12,OK,,,,12.0
03372.png,9,9,9,9,OK,,,,9.0
03373.png,23,23,23,23,OK,,,,23.0
03374.png,15,15,15,15,OK,,,,15.0
03375.png,13,13,13,13,OK,,,,13.0
03376.png,3,3,3,3,OK,,,,3.0
03377.png,12,12,12,12,OK,,,,12.0
03378.png,40,40,40,40,OK,,,,40.0
03379.png,25,25,25,25,OK,,,,25.0
03380.png,38,38,38,38,OK,,,,38.0
03381.png,10,10,10,10,OK,,,,10.0
03382.png,1,1,1,1,OK,,,,1.0
03383.png,11,11,11,11,OK,,,,11.0
03384.png,4,4,4,4,OK,,,,4.0
03385.png,36,36,36,36,OK,,,,36.0
03386.png,42,42,42,42,OK,,,,42.0
03387.png,30,30,30,30,OK,,,,30.0
03388.png,22,22,22,22,OK,,,,22.0
03389.png,5,5,5,5,OK,,,,5.0
03390.png,4,4,4,4,OK,,,,4.0
03391.png,31,31,31,31,OK,,,,31.0
03392.png,4,4,4,4,OK,,,,4.0
03393.png,9,9,9,9,OK,,,,9.0
03394.png,28,28,28,28,OK,,,,28.0
03395.png,13,13,13,13,OK,,,,13.0
03396.png,13,13,13,13,OK,,,,13.0
03397.png,16,16,16,16,OK,,,,16.0
03398.png,7,7,7,7,OK,,,,7.0
03399.png,5,5,5,5,OK,,,,5.0
03400.png,3,3,3,3,OK,,,,3.0
03401.png,9,9,9,9,OK,,,,9.0
03402.png,15,15,15,15,OK,,,,15.0
03403.png,14,14,14,14,OK,,,,14.0
03404.png,9,9,9,9,OK,,,,9.0
03405.png,19,19,19,19,OK,,,,19.0
03406.png,5,5,5,5,OK,,,,5.0
03407.png,5,5,5,5,OK,,,,5.0
03408.png,1,1,1,1,OK,,,,1.0
03409.png,13,13,13,13,OK,,,,13.0
03410.png,28,28,28,28,OK,,,,28.0
03411.png,8,8,8,8,OK,,,,8.0
03412.png,14,14,14,14,OK,,,,14.0
03413.png,6,6,6,6,OK,,,,6.0
03414.png,10,10,10,10,OK,,,,10.0
03415.png,1,1,1,1,OK,,,,1.0
03416.png,23,23,23,23,OK,,,,23.0
03417.png,13,13,13,13,OK,,,,13.0
03418.png,36,36,36,36,OK,,,,36.0
03419.png,2,2,2,2,OK,,,,2.0
03420.png,0,0,0,0,OK,,,,0.0
03421.png,28,28,28,28,OK,,,,28.0
03422.png,40,40,40,40,OK,,,,40.0
03423.png,2,2,2,2,OK,,,,2.0
03424.png,12,12,12,12,OK,,,,12.0
03425.png,15,15,15,15,OK,,,,15.0
03426.png,5,5,5,5,OK,,,,5.0
03427.png,4,4,4,4,OK,,,,4.0
03428.png,13,13,13,13,OK,,,,13.0
03429.png,35,35,35,35,OK,,,,35.0
03430.png,12,12,12,12,OK,,,,12.0
03431.png,4,4,4,4,OK,,,,4.0
03432.png,5,5,5,5,OK,,,,5.0
03433.png,11,11,11,11,OK,,,,11.0
03434.png,5,5,5,5,OK,,,,5.0
03435.png,2,2,2,2,OK,,,,2.0
03436.png,9,9,9,9,OK,,,,9.0
03437.png,18,18,18,18,OK,,,,18.0
03438.png,7,7,7,7,OK,,,,7.0
03439.png,1,1,1,1,OK,,,,1.0
03440.png,18,18,18,18,OK,,,,18.0
03441.png,2,2,2,2,OK,,,,2.0
03442.png,3,3,3,3,OK,,,,3.0
03443.png,12,12,12,12,OK,,,,12.0
03444.png,8,8,8,8,OK,,,,8.0
03445.png,1,1,1,1,OK,,,,1.0
03446.png,4,4,4,4,OK,,,,4.0
03447.png,4,4,4,4,OK,,,,4.0
03448.png,15,15,15,15,OK,,,,15.0
03449.png,14,14,14,14,OK,,,,14.0
03450.png,8,8,8,8,OK,,,,8.0
03451.png,2,2,2,2,OK,,,,2.0
03452.png,1,1,1,1,OK,,,,1.0
03453.png,8,8,8,8,OK,,,,8.0
03454.png,40,40,40,40,OK,,,,40.0
03455.png,5,5,5,5,OK,,,,5.0
03456.png,35,35,35,35,OK,,,,35.0
03457.png,25,22,22,25,KO,,,,22.0
03458.png,5,5,5,5,OK,,,,5.0
03459.png,35,35,35,35,OK,,,,35.0
03460.png,12,12,12,12,OK,,,,12.0
03461.png,1,1,1,1,OK,,,,1.0
03462.png,35,35,35,35,OK,,,,35.0
03463.png,12,12,12,12,OK,,,,12.0
03464.png,10,10,10,10,OK,,,,10.0
03465.png,38,38,38,38,OK,,,,38.0
03466.png,11,11,11,11,OK,,,,11.0
03467.png,38,38,38,38,OK,,,,38.0
03468.png,1,1,1,1,OK,,,,1.0
03469.png,36,36,36,36,OK,,,,36.0
03470.png,8,8,8,8,OK,,,,8.0
03471.png,11,11,11,11,OK,,,,11.0
03472.png,16,16,16,16,OK,,,,16.0
03473.png,42,42,42,42,OK,,,,42.0
03474.png,0,0,0,0,OK,,,,0.0
03475.png,1,1,1,1,OK,,,,1.0
03476.png,16,16,16,16,OK,,,,16.0
03477.png,12,12,12,12,OK,,,,12.0
03478.png,11,11,11,11,OK,,,,11.0
03479.png,15,15,15,15,OK,,,,15.0
03480.png,25,25,25,25,OK,,,,25.0
03481.png,20,20,20,20,OK,,,,20.0
03482.png,17,17,17,17,OK,,,,17.0
03483.png,1,1,1,1,OK,,,,1.0
03484.png,4,4,4,4,OK,,,,4.0
03485.png,18,18,18,18,OK,,,,18.0
03486.png,15,15,15,15,OK,,,,15.0
03487.png,25,25,25,25,OK,,,,25.0
03488.png,35,35,35,35,OK,,,,35.0
03489.png,12,12,12,12,OK,,,,12.0
03490.png,11,30,11,11,KO,,,,11.0
03491.png,2,2,2,2,OK,,,,2.0
03492.png,18,18,18,18,OK,,,,18.0
03493.png,24,24,24,24,OK,,,,24.0
03494.png,25,25,25,25,OK,,,,25.0
03495.png,18,18,18,18,OK,,,,18.0
03496.png,7,7,7,7,OK,,,,7.0
03497.png,9,9,9,9,OK,,,,9.0
03498.png,5,5,5,5,OK,,,,5.0
03499.png,8,8,8,8,OK,,,,8.0
03500.png,2,2,2,2,OK,,,,2.0
03501.png,32,32,32,32,OK,,,,32.0
03502.png,8,8,8,8,OK,,,,8.0
03503.png,10,10,10,10,OK,,,,10.0
03504.png,12,12,12,12,OK,,,,12.0
03505.png,13,13,13,13,OK,,,,13.0
03506.png,16,16,16,16,OK,,,,16.0
03507.png,12,12,12,12,OK,,,,12.0
03508.png,14,14,14,14,OK,,,,14.0
03509.png,38,38,38,38,OK,,,,38.0
03510.png,4,4,4,4,OK,,,,4.0
03511.png,38,38,38,38,OK,,,,38.0
03512.png,18,18,18,18,OK,,,,18.0
03513.png,38,38,38,38,OK,,,,38.0
03514.png,12,12,12,12,OK,,,,12.0
03515.png,7,7,7,7,OK,,,,7.0
03516.png,9,9,9,9,OK,,,,9.0
03517.png,38,38,38,38,OK,,,,38.0
03518.png,2,2,2,2,OK,,,,2.0
03519.png,2,2,2,2,OK,,,,2.0
03520.png,2,2,2,2,OK,,,,2.0
03521.png,24,24,24,24,OK,,,,24.0
03522.png,1,1,1,1,OK,,,,1.0
03523.png,6,6,6,6,OK,,,,6.0
03524.png,1,1,1,1,OK,,,,1.0
03525.png,5,5,5,5,OK,,,,5.0
03526.png,10,10,10,10,OK,,,,10.0
03527.png,9,9,9,9,OK,,,,9.0
03528.png,38,38,38,38,OK,,,,38.0
03529.png,18,18,18,18,OK,,,,18.0
03530.png,4,4,4,4,OK,,,,4.0
03531.png,4,4,4,4,OK,,,,4.0
03532.png,17,17,17,17,OK,,,,17.0
03533.png,12,12,12,12,OK,,,,12.0
03534.png,1,1,1,1,OK,,,,1.0
03535.png,35,35,35,35,OK,,,,35.0
03536.png,13,13,13,13,OK,,,,13.0
03537.png,9,9,9,9,OK,,,,9.0
03538.png,10,10,10,10,OK,,,,10.0
03539.png,17,17,17,17,OK,,,,17.0
03540.png,10,10,10,10,OK,,,,10.0
03541.png,5,5,5,5,OK,,,,5.0
03542.png,11,11,11,11,OK,,,,11.0
03543.png,8,8,8,8,OK,,,,8.0
03544.png,2,2,2,2,OK,,,,2.0
03545.png,13,13,13,13,OK,,,,13.0
03546.png,14,14,14,14,OK,,,,14.0
03547.png,11,11,11,11,OK,,,,11.0
03548.png,38,38,38,38,OK,,,,38.0
03549.png,10,10,10,10,OK,,,,10.0
03550.png,14,14,14,14,OK,,,,14.0
03551.png,18,18,18,18,OK,,,,18.0
03552.png,19,19,19,19,OK,,,,19.0
03553.png,32,32,32,32,OK,,,,32.0
03554.png,8,8,8,8,OK,,,,8.0
03555.png,5,5,5,5,OK,,,,5.0
03556.png,2,2,2,2,OK,,,,2.0
03557.png,12,12,12,12,OK,,,,12.0
03558.png,22,22,22,22,OK,,,,22.0
03559.png,2,2,2,2,OK,,,,2.0
03560.png,17,17,17,17,OK,,,,17.0
03561.png,6,6,6,6,OK,,,,42.0
03562.png,5,5,5,5,OK,,,,5.0
03563.png,35,35,35,35,OK,,,,35.0
03564.png,27,27,27,27,OK,,,,27.0
03565.png,9,9,9,9,OK,,,,9.0
03566.png,5,5,5,5,OK,,,,5.0
03567.png,30,30,11,11,KO,,,,11.0
03568.png,13,13,13,13,OK,,,,13.0
03569.png,13,13,13,13,OK,,,,13.0
03570.png,13,13,13,13,OK,,,,13.0
03571.png,11,11,11,11,OK,,,,11.0
03572.png,38,38,38,38,OK,,,,38.0
03573.png,10,10,10,10,OK,,,,10.0
03574.png,12,12,12,12,OK,,,,12.0
03575.png,8,8,8,8,OK,,,,8.0
03576.png,8,8,8,8,OK,,,,8.0
03577.png,8,8,8,8,OK,,,,8.0
03578.png,4,4,4,4,OK,,,,4.0
03579.png,38,38,38,38,OK,,,,38.0
03580.png,24,24,24,24,OK,,,,24.0
03581.png,35,35,35,35,OK,,,,35.0
03582.png,38,38,38,38,OK,,,,38.0
03583.png,17,17,17,17,OK,,,,17.0
03584.png,38,38,38,38,OK,,,,38.0
03585.png,10,10,10,10,OK,,,,10.0
03586.png,18,18,18,18,OK,,,,18.0
03587.png,11,11,11,11,OK,,,,11.0
03588.png,25,25,25,25,OK,,,,25.0
03589.png,3,3,3,3,OK,,,,3.0
03590.png,17,17,17,17,OK,,,,17.0
03591.png,7,7,7,7,OK,,,,7.0
03592.png,35,35,35,35,OK,,,,35.0
03593.png,41,41,41,41,OK,,,,41.0
03594.png,14,14,14,14,OK,,,,14.0
03595.png,3,3,3,3,OK,,,,3.0
03596.png,38,38,38,38,OK,,,,38.0
03597.png,12,12,12,12,OK,,,,12.0
03598.png,20,20,20,20,OK,,,,20.0
03599.png,38,38,38,38,OK,,,,38.0
03600.png,6,6,6,6,OK,,,,6.0
03601.png,14,14,14,14,OK,,,,14.0
03602.png,2,2,2,2,OK,,,,2.0
03603.png,4,4,4,4,OK,,,,4.0
03604.png,2,2,2,2,OK,,,,2.0
03605.png,37,37,37,37,OK,,,,37.0
03606.png,12,12,12,12,OK,,,,12.0
03607.png,8,8,8,8,OK,,,,8.0
03608.png,9,9,9,9,OK,,,,9.0
03609.png,38,38,38,38,OK,,,,38.0
03610.png,12,12,12,12,OK,,,,12.0
03611.png,4,4,4,4,OK,,,,4.0
03612.png,38,38,38,38,OK,,,,38.0
03613.png,9,9,9,9,OK,,,,9.0
03614.png,35,35,35,35,OK,,,,35.0
03615.png,4,4,4,4,OK,,,,4.0
03616.png,37,37,37,37,OK,,,,37.0
03617.png,21,21,21,21,OK,,,,21.0
03618.png,10,10,10,10,OK,,,,10.0
03619.png,2,2,2,2,OK,,,,2.0
03620.png,16,16,16,16,OK,,,,16.0
03621.png,23,23,23,23,OK,,,,23.0
03622.png,3,3,3,3,OK,,,,3.0
03623.png,2,2,2,2,OK,,,,2.0
03624.png,11,11,11,11,OK,,,,11.0
03625.png,25,25,25,25,OK,,,,25.0
03626.png,11,11,11,11,OK,,,,11.0
03627.png,1,1,1,1,OK,,,,1.0
03628.png,5,5,5,5,OK,,,,5.0
03629.png,1,1,1,1,OK,,,,1.0
03630.png,35,35,35,35,OK,,,,35.0
03631.png,10,10,10,10,OK,,,,10.0
03632.png,2,2,2,2,OK,,,,2.0
03633.png,5,5,5,5,OK,,,,5.0
03634.png,1,1,1,1,OK,,,,1.0
03635.png,12,12,12,12,OK,,,,12.0
03636.png,7,7,7,7,OK,,,,7.0
03637.png,7,7,7,7,OK,,,,7.0
03638.png,1,1,1,1,OK,,,,1.0
03639.png,38,38,38,38,OK,,,,38.0
03640.png,17,17,17,17,OK,,,,17.0
03641.png,10,10,10,10,OK,,,,10.0
03642.png,10,10,10,10,OK,,,,10.0
03643.png,18,18,18,18,OK,,,,18.0
03644.png,9,17,17,17,KO,,,,17.0
03645.png,1,1,1,1,OK,,,,1.0
03646.png,1,1,1,1,OK,,,,1.0
03647.png,14,14,14,14,OK,,,,14.0
03648.png,12,12,12,12,OK,,,,12.0
03649.png,7,7,7,7,OK,,,,7.0
03650.png,4,4,4,4,OK,,,,4.0
03651.png,14,14,14,14,OK,,,,14.0
03652.png,17,17,17,17,OK,,,,17.0
03653.png,38,38,38,38,OK,,,,38.0
03654.png,3,3,3,3,OK,,,,3.0
03655.png,3,3,3,3,OK,,,,3.0
03656.png,25,25,25,25,OK,,,,25.0
03657.png,25,25,25,25,OK,,,,25.0
03658.png,10,10,10,10,OK,,,,10.0
03659.png,13,13,13,13,OK,,,,13.0
03660.png,8,8,8,8,OK,,,,8.0
03661.png,2,2,2,2,OK,,,,2.0
03662.png,18,18,18,18,OK,,,,18.0
03663.png,31,31,31,31,OK,,,,31.0
03664.png,14,14,14,14,OK,,,,14.0
03665.png,26,26,26,26,OK,,,,26.0
03666.png,31,31,31,31,OK,,,,31.0
03667.png,14,14,14,14,OK,,,,14.0
03668.png,14,14,14,14,OK,,,,14.0
03669.png,9,9,9,9,OK,,,,9.0
03670.png,35,35,35,35,OK,,,,35.0
03671.png,3,3,3,3,OK,,,,3.0
03672.png,33,33,33,33,OK,,,,33.0
03673.png,1,1,1,1,OK,,,,1.0
03674.png,14,14,14,14,OK,,,,14.0
03675.png,25,25,25,25,OK,,,,25.0
03676.png,2,2,2,2,OK,,,,2.0
03677.png,0,0,0,0,OK,,,,0.0
03678.png,10,10,10,10,OK,,,,10.0
03679.png,17,17,17,17,OK,,,,17.0
03680.png,2,2,2,2,OK,,,,2.0
03681.png,25,25,25,25,OK,,,,25.0
03682.png,13,13,13,13,OK,,,,13.0
03683.png,4,4,4,4,OK,,,,4.0
03684.png,39,39,39,39,OK,,,,39.0
03685.png,5,5,5,5,OK,,,,5.0
03686.png,31,31,31,31,OK,,,,31.0
03687.png,10,10,10,10,OK,,,,10.0
03688.png,4,4,4,4,OK,,,,4.0
03689.png,4,4,4,4,OK,,,,4.0
03690.png,24,24,24,24,OK,,,,24.0
03691.png,1,1,1,1,OK,,,,1.0
03692.png,12,12,12,12,OK,,,,12.0
03693.png,8,8,8,8,OK,,,,8.0
03694.png,2,2,2,2,OK,,,,2.0
03695.png,41,41,41,41,OK,,,,41.0
03696.png,4,4,4,4,OK,,,,4.0
03697.png,12,12,12,12,OK,,,,12.0
03698.png,12,12,12,12,OK,,,,12.0
03699.png,10,10,10,10,OK,,,,10.0
03700.png,35,35,35,35,OK,,,,35.0
03701.png,21,21,21,21,OK,,,,21.0
03702.png,22,22,22,22,OK,,,,22.0
03703.png,2,2,2,2,OK,,,,2.0
03704.png,23,23,25,13,KO,,,,0.0
03705.png,6,6,6,6,OK,,,,6.0
03706.png,35,35,35,35,OK,,,,35.0
03707.png,3,3,3,3,OK,,,,3.0
03708.png,14,14,14,14,OK,,,,14.0
03709.png,2,2,2,2,OK,,,,2.0
03710.png,17,17,17,17,OK,,,,17.0
03711.png,2,2,2,2,OK,,,,2.0
03712.png,17,17,17,17,OK,,,,17.0
03713.png,11,11,11,11,OK,,,,11.0
03714.png,19,19,19,19,OK,,,,19.0
03715.png,33,33,33,33,OK,,,,33.0
03716.png,2,2,2,2,OK,,,,2.0
03717.png,4,4,4,4,OK,,,,4.0
03718.png,33,33,33,33,OK,,,,33.0
03719.png,28,28,28,28,OK,,,,28.0
03720.png,41,41,41,41,OK,,,,41.0
03721.png,6,6,6,6,OK,,,,6.0
03722.png,28,28,28,28,OK,,,,28.0
03723.png,38,38,38,38,OK,,,,38.0
03724.png,38,38,38,38,OK,,,,38.0
03725.png,11,11,11,11,OK,,,,11.0
03726.png,7,7,7,7,OK,,,,7.0
03727.png,26,26,26,26,OK,,,,26.0
03728.png,18,18,18,18,OK,,,,18.0
03729.png,10,10,10,10,OK,,,,10.0
03730.png,25,25,25,25,OK,,,,25.0
03731.png,13,13,13,13,OK,,,,13.0
03732.png,3,3,3,3,OK,,,,3.0
03733.png,11,11,11,11,OK,,,,11.0
03734.png,38,38,38,38,OK,,,,38.0
03735.png,35,35,35,35,OK,,,,35.0
03736.png,17,17,17,17,OK,,,,17.0
03737.png,22,22,22,22,OK,,,,22.0
03738.png,31,31,31,31,OK,,,,31.0
03739.png,18,31,31,18,KO,,,,31.0
03740.png,11,11,11,11,OK,,,,11.0
03741.png,25,25,25,25,OK,,,,25.0
03742.png,25,25,25,25,OK,,,,25.0
03743.png,31,31,31,31,OK,,,,31.0
03744.png,26,12,13,12,KO,,,,13.0
03745.png,30,30,30,30,OK,,,,30.0
03746.png,28,28,28,28,OK,,,,28.0
03747.png,12,12,12,12,OK,,,,12.0
03748.png,12,12,12,12,OK,,,,12.0
03749.png,31,31,31,31,OK,,,,31.0
03750.png,35,35,35,35,OK,,,,35.0
03751.png,34,34,34,34,OK,,,,34.0
03752.png,28,28,28,28,OK,,,,28.0
03753.png,29,29,29,29,OK,,,,29.0
03754.png,10,10,10,10,OK,,,,10.0
03755.png,9,9,9,9,OK,,,,9.0
03756.png,13,13,13,13,OK,,,,13.0
03757.png,31,31,31,31,OK,,,,31.0
03758.png,10,10,10,10,OK,,,,10.0
03759.png,1,1,1,1,OK,,,,1.0
03760.png,10,10,10,10,OK,,,,10.0
03761.png,6,6,6,6,OK,,,,6.0
03762.png,11,11,11,11,OK,,,,11.0
03763.png,13,13,13,13,OK,,,,13.0
03764.png,38,38,38,38,OK,,,,38.0
03765.png,4,4,4,4,OK,,,,4.0
03766.png,13,13,13,13,OK,,,,13.0
03767.png,13,13,13,13,OK,,,,13.0
03768.png,7,7,7,7,OK,,,,7.0
03769.png,1,1,1,1,OK,,,,1.0
03770.png,18,18,18,18,OK,,,,18.0
03771.png,7,7,7,7,OK,,,,7.0
03772.png,1,1,1,1,OK,,,,1.0
03773.png,2,2,2,2,OK,,,,2.0
03774.png,31,31,31,31,OK,,,,31.0
03775.png,11,11,11,11,OK,,,,11.0
03776.png,0,0,0,0,OK,,,,0.0
03777.png,11,11,11,11,OK,,,,11.0
03778.png,5,25,11,11,KO,,,,30.0
03779.png,0,0,0,0,OK,,,,0.0
03780.png,25,25,25,25,OK,,,,25.0
03781.png,18,18,18,18,OK,,,,18.0
03782.png,30,30,30,30,OK,,,,30.0
03783.png,23,23,23,23,OK,,,,23.0
03784.png,1,1,1,1,OK,,,,1.0
03785.png,1,1,1,1,OK,,,,1.0
03786.png,25,25,25,25,OK,,,,25.0
03787.png,13,13,13,13,OK,,,,13.0
03788.png,10,10,10,10,OK,,,,10.0
03789.png,37,37,37,37,OK,,,,37.0
03790.png,15,15,15,15,OK,,,,15.0
03791.png,5,5,5,5,OK,,,,5.0
03792.png,11,11,11,11,OK,,,,11.0
03793.png,26,12,12,12,KO,,,,12.0
03794.png,9,9,9,9,OK,,,,9.0
03795.png,11,11,11,11,OK,,,,11.0
03796.png,5,5,5,5,OK,,,,5.0
03797.png,2,2,2,2,OK,,,,2.0
03798.png,13,13,13,13,OK,,,,13.0
03799.png,30,30,30,30,OK,,,,30.0
03800.png,25,25,25,25,OK,,,,25.0
03801.png,9,9,9,9,OK,,,,9.0
03802.png,5,5,5,5,OK,,,,5.0
03803.png,13,13,13,13,OK,,,,13.0
03804.png,20,20,20,20,OK,,,,20.0
03805.png,3,3,3,3,OK,,,,3.0
03806.png,11,11,11,11,OK,,,,11.0
03807.png,10,10,10,10,OK,,,,10.0
03808.png,10,10,10,10,OK,,,,10.0
03809.png,14,14,14,14,OK,,,,14.0
03810.png,1,1,1,1,OK,,,,1.0
03811.png,25,25,25,25,OK,,,,25.0
03812.png,3,3,3,3,OK,,,,3.0
03813.png,10,10,10,10,OK,,,,10.0
03814.png,13,13,13,13,OK,,,,13.0
03815.png,35,35,35,35,OK,,,,35.0
03816.png,18,18,18,18,OK,,,,18.0
03817.png,18,18,18,18,OK,,,,18.0
03818.png,10,10,10,10,OK,,,,10.0
03819.png,4,4,4,4,OK,,,,4.0
03820.png,26,26,26,26,OK,,,,26.0
03821.png,28,28,28,28,OK,,,,28.0
03822.png,15,15,15,15,OK,,,,15.0
03823.png,17,17,17,17,OK,,,,17.0
03824.png,17,17,17,17,OK,,,,17.0
03825.png,14,14,14,14,OK,,,,14.0
03826.png,35,35,35,35,OK,,,,35.0
03827.png,12,12,12,12,OK,,,,12.0
03828.png,7,7,7,7,OK,,,,7.0
03829.png,38,38,38,38,OK,,,,38.0
03830.png,1,1,1,1,OK,,,,1.0
03831.png,1,1,1,1,OK,,,,1.0
03832.png,41,41,41,41,OK,,,,41.0
03833.png,7,7,7,7,OK,,,,7.0
03834.png,5,5,5,5,OK,,,,5.0
03835.png,20,20,20,20,OK,,,,20.0
03836.png,1,1,1,1,OK,,,,1.0
03837.png,6,6,6,6,OK,,,,6.0
03838.png,2,2,2,2,OK,,,,2.0
03839.png,2,2,2,2,OK,,,,2.0
03840.png,23,23,23,23,OK,,,,23.0
03841.png,11,11,11,11,OK,,,,11.0
03842.png,12,12,12,12,OK,,,,12.0
03843.png,1,1,1,1,OK,,,,1.0
03844.png,13,13,13,13,OK,,,,13.0
03845.png,35,35,35,35,OK,,,,35.0
03846.png,15,15,15,15,OK,,,,15.0
03847.png,25,25,25,25,OK,,,,25.0
03848.png,10,10,10,10,OK,,,,10.0
03849.png,38,38,38,38,OK,,,,38.0
03850.png,5,5,5,5,OK,,,,5.0
03851.png,28,28,28,28,OK,,,,28.0
03852.png,9,9,9,9,OK,,,,9.0
03853.png,34,34,34,34,OK,,,,34.0
03854.png,1,1,1,1,OK,,,,1.0
03855.png,38,38,38,38,OK,,,,38.0
03856.png,9,9,9,9,OK,,,,9.0
03857.png,5,5,5,5,OK,,,,5.0
03858.png,4,4,4,4,OK,,,,4.0
03859.png,16,16,16,16,OK,,,,16.0
03860.png,25,25,25,25,OK,,,,25.0
03861.png,23,23,23,23,OK,,,,23.0
03862.png,10,10,10,10,OK,,,,10.0
03863.png,0,0,0,0,OK,,,,0.0
03864.png,39,39,39,39,OK,,,,39.0
03865.png,12,12,12,12,OK,,,,12.0
03866.png,10,10,10,10,OK,,,,10.0
03867.png,41,41,41,41,OK,,,,41.0
03868.png,25,25,25,25,OK,,,,25.0
03869.png,33,33,33,33,OK,,,,33.0
03870.png,15,15,15,15,OK,,,,15.0
03871.png,33,33,33,33,OK,,,,33.0
03872.png,25,25,25,25,OK,,,,25.0
03873.png,27,27,27,27,OK,,,,27.0
03874.png,7,7,7,7,OK,,,,7.0
03875.png,13,13,13,13,OK,,,,13.0
03876.png,11,11,11,11,OK,,,,11.0
03877.png,1,1,1,1,OK,,,,1.0
03878.png,1,1,1,1,OK,,,,1.0
03879.png,7,7,7,7,OK,,,,7.0
03880.png,28,28,28,28,OK,,,,28.0
03881.png,17,17,17,17,OK,,,,17.0
03882.png,12,12,12,12,OK,,,,12.0
03883.png,7,7,7,7,OK,,,,7.0
03884.png,12,12,12,12,OK,,,,12.0
03885.png,31,31,31,31,OK,,,,31.0
03886.png,5,5,5,5,OK,,,,5.0
03887.png,38,38,38,38,OK,,,,38.0
03888.png,13,13,13,13,OK,,,,13.0
03889.png,24,24,24,24,OK,,,,24.0
03890.png,13,13,13,13,OK,,,,13.0
03891.png,14,14,14,14,OK,,,,14.0
03892.png,10,10,10,10,OK,,,,10.0
03893.png,1,1,1,1,OK,,,,1.0
03894.png,25,25,25,25,OK,,,,25.0
03895.png,5,5,5,5,OK,,,,5.0
03896.png,22,22,22,25,KO,,,,22.0
03897.png,1,1,1,1,OK,,,,1.0
03898.png,15,15,15,15,OK,,,,15.0
03899.png,8,8,8,8,OK,,,,8.0
03900.png,1,1,1,1,OK,,,,1.0
03901.png,25,25,25,25,OK,,,,25.0
03902.png,13,13,13,13,OK,,,,13.0
03903.png,12,12,12,12,OK,,,,12.0
03904.png,28,28,28,28,OK,,,,28.0
03905.png,41,41,41,41,OK,,,,41.0
03906.png,38,38,38,38,OK,,,,38.0
03907.png,17,17,17,17,OK,,,,17.0
03908.png,7,7,7,7,OK,,,,7.0
03909.png,33,33,33,33,OK,,,,33.0
03910.png,38,38,38,38,OK,,,,38.0
03911.png,3,3,3,3,OK,,,,3.0
03912.png,28,28,28,28,OK,,,,28.0
03913.png,35,35,35,35,OK,,,,35.0
03914.png,4,4,4,4,OK,,,,4.0
03915.png,4,4,4,4,OK,,,,4.0
03916.png,2,2,2,2,OK,,,,2.0
03917.png,31,31,31,31,OK,,,,31.0
03918.png,16,16,16,16,OK,,,,16.0
03919.png,12,12,12,12,OK,,,,12.0
03920.png,12,12,12,12,OK,,,,12.0
03921.png,12,12,12,12,OK,,,,12.0
03922.png,0,0,0,0,OK,,,,0.0
03923.png,2,2,2,2,OK,,,,2.0
03924.png,9,9,9,9,OK,,,,9.0
03925.png,4,4,4,4,OK,,,,4.0
03926.png,20,20,20,20,OK,,,,20.0
03927.png,31,31,31,31,OK,,,,31.0
03928.png,7,7,7,7,OK,,,,7.0
03929.png,4,4,4,4,OK,,,,4.0
03930.png,8,8,8,8,OK,,,,8.0
03931.png,9,9,9,9,OK,,,,9.0
03932.png,35,35,35,35,OK,,,,35.0
03933.png,13,13,13,13,OK,,,,13.0
03934.png,9,9,9,9,OK,,,,9.0
03935.png,38,38,38,38,OK,,,,38.0
03936.png,12,12,12,12,OK,,,,12.0
03937.png,7,7,7,7,OK,,,,7.0
03938.png,32,32,32,32,OK,,,,32.0
03939.png,9,9,9,9,OK,,,,9.0
03940.png,11,11,11,11,OK,,,,11.0
03941.png,7,7,7,7,OK,,,,7.0
03942.png,5,5,5,5,OK,,,,5.0
03943.png,13,13,13,13,OK,,,,13.0
03944.png,7,7,7,7,OK,,,,7.0
03945.png,12,12,12,12,OK,,,,12.0
03946.png,11,11,11,11,OK,,,,11.0
03947.png,1,1,1,1,OK,,,,1.0
03948.png,25,25,25,25,OK,,,,25.0
03949.png,12,12,12,12,OK,,,,12.0
03950.png,4,4,4,4,OK,,,,4.0
03951.png,17,17,17,17,OK,,,,17.0
03952.png,6,6,6,6,OK,,,,6.0
03953.png,38,38,38,38,OK,,,,38.0
03954.png,38,38,38,38,OK,,,,38.0
03955.png,12,12,12,12,OK,,,,12.0
03956.png,31,31,31,31,OK,,,,31.0
03957.png,6,6,6,6,OK,,,,6.0
03958.png,22,22,22,22,OK,,,,22.0
03959.png,4,4,4,4,OK,,,,4.0
03960.png,18,31,31,21,KO,,,,31.0
03961.png,15,15,15,15,OK,,,,15.0
03962.png,1,1,1,1,OK,,,,1.0
03963.png,8,8,8,8,OK,,,,8.0
03964.png,40,40,40,40,OK,,,,40.0
03965.png,26,26,26,26,OK,,,,26.0
03966.png,9,9,9,9,OK,,,,9.0
03967.png,3,3,3,3,OK,,,,3.0
03968.png,40,40,40,40,OK,,,,40.0
03969.png,13,13,13,13,OK,,,,13.0
03970.png,8,8,8,8,OK,,,,8.0
03971.png,34,34,34,34,OK,,,,34.0
03972.png,17,17,17,17,OK,,,,17.0
03973.png,36,36,36,36,OK,,,,36.0
03974.png,12,12,12,12,OK,,,,12.0
03975.png,40,40,40,40,OK,,,,40.0
03976.png,38,38,38,38,OK,,,,38.0
03977.png,4,4,4,4,OK,,,,4.0
03978.png,31,31,31,31,OK,,,,31.0
03979.png,35,35,35,35,OK,,,,35.0
03980.png,31,31,31,31,OK,,,,31.0
03981.png,18,18,18,18,OK,,,,18.0
03982.png,13,13,13,13,OK,,,,13.0
03983.png,25,25,25,25,OK,,,,25.0
03984.png,1,1,1,1,OK,,,,1.0
03985.png,1,1,1,1,OK,,,,1.0
03986.png,17,17,17,17,OK,,,,17.0
03987.png,31,31,31,31,OK,,,,31.0
03988.png,16,16,16,16,OK,,,,16.0
03989.png,10,10,10,10,OK,,,,10.0
03990.png,12,12,12,12,OK,,,,12.0
03991.png,42,42,42,42,OK,,,,42.0
03992.png,9,9,9,9,OK,,,,9.0
03993.png,39,39,39,39,OK,,,,39.0
03994.png,35,35,35,35,OK,,,,35.0
03995.png,13,13,13,13,OK,,,,13.0
03996.png,10,10,10,10,OK,,,,10.0
03997.png,13,13,13,13,OK,,,,13.0
03998.png,4,4,4,4,OK,,,,4.0
03999.png,4,4,4,4,OK,,,,4.0
04000.png,25,25,25,25,OK,,,,25.0
04001.png,34,34,34,34,OK,,,,34.0
04002.png,12,12,12,12,OK,,,,12.0
04003.png,2,2,2,2,OK,,,,2.0
04004.png,8,8,8,8,OK,,,,8.0
04005.png,29,29,29,29,OK,,,,29.0
04006.png,31,31,31,31,OK,,,,31.0
04007.png,4,4,4,4,OK,,,,4.0
04008.png,1,1,1,1,OK,,,,1.0
04009.png,8,8,8,8,OK,,,,8.0
04010.png,4,4,4,4,OK,,,,4.0
04011.png,30,30,30,30,OK,,,,30.0
04012.png,0,0,0,0,OK,,,,0.0
04013.png,15,15,15,15,OK,,,,15.0
04014.png,13,13,13,13,OK,,,,13.0
04015.png,25,25,25,25,OK,,,,25.0
04016.png,2,2,2,2,OK,,,,2.0
04017.png,4,4,4,4,OK,,,,4.0
04018.png,2,2,2,2,OK,,,,2.0
04019.png,12,12,12,12,OK,,,,12.0
04020.png,28,28,28,28,OK,,,,28.0
04021.png,11,11,11,11,OK,,,,11.0
04022.png,35,35,35,35,OK,,,,35.0
04023.png,4,4,4,4,OK,,,,4.0
04024.png,10,10,10,10,OK,,,,10.0
04025.png,38,38,38,38,OK,,,,38.0
04026.png,31,31,31,31,OK,,,,31.0
04027.png,12,12,12,12,OK,,,,12.0
04028.png,7,7,7,7,OK,,,,7.0
04029.png,16,16,16,16,OK,,,,16.0
04030.png,6,6,6,6,OK,,,,6.0
04031.png,1,1,1,1,OK,,,,1.0
04032.png,21,21,21,21,OK,,,,21.0
04033.png,5,5,5,5,OK,,,,5.0
04034.png,13,13,13,13,OK,,,,13.0
04035.png,2,2,2,2,OK,,,,2.0
04036.png,38,38,38,38,OK,,,,38.0
04037.png,2,2,2,2,OK,,,,2.0
04038.png,24,24,24,24,OK,,,,24.0
04039.png,5,5,5,5,OK,,,,5.0
04040.png,34,34,34,34,OK,,,,34.0
04041.png,9,9,9,9,OK,,,,9.0
04042.png,17,17,17,17,OK,,,,17.0
04043.png,26,26,26,26,OK,,,,26.0
04044.png,25,25,25,25,OK,,,,25.0
04045.png,24,24,24,24,OK,,,,24.0
04046.png,12,12,12,12,OK,,,,12.0
04047.png,17,17,17,17,OK,,,,17.0
04048.png,27,27,27,27,OK,,,,27.0
04049.png,35,35,35,35,OK,,,,35.0
04050.png,29,29,29,29,OK,,,,29.0
04051.png,8,8,8,8,OK,,,,8.0
04052.png,31,31,31,31,OK,,,,31.0
04053.png,5,5,5,5,OK,,,,5.0
04054.png,15,15,15,15,OK,,,,15.0
04055.png,22,22,22,25,KO,,,,22.0
04056.png,10,10,10,10,OK,,,,10.0
04057.png,28,28,28,28,OK,,,,28.0
04058.png,25,25,25,25,OK,,,,25.0
04059.png,12,12,12,12,OK,,,,12.0
04060.png,8,8,8,8,OK,,,,8.0
04061.png,9,9,9,9,OK,,,,9.0
04062.png,11,11,11,11,OK,,,,11.0
04063.png,1,1,1,1,OK,,,,1.0
04064.png,17,17,17,17,OK,,,,17.0
04065.png,29,29,29,29,OK,,,,29.0
04066.png,38,38,38,38,OK,,,,38.0
04067.png,2,2,2,2,OK,,,,2.0
04068.png,36,36,36,36,OK,,,,36.0
04069.png,30,30,30,30,OK,,,,30.0
04070.png,30,30,30,30,OK,,,,30.0
04071.png,1,1,1,1,OK,,,,1.0
04072.png,8,8,8,8,OK,,,,8.0
04073.png,13,13,13,13,OK,,,,13.0
04074.png,38,38,38,38,OK,,,,38.0
04075.png,1,1,1,1,OK,,,,1.0
04076.png,5,5,5,5,OK,,,,5.0
04077.png,29,29,29,29,OK,,,,29.0
04078.png,11,11,11,11,OK,,,,11.0
04079.png,18,18,18,18,OK,,,,18.0
04080.png,11,11,11,11,OK,,,,11.0
04081.png,10,10,10,10,OK,,,,10.0
04082.png,4,4,4,4,OK,,,,4.0
04083.png,15,15,15,15,OK,,,,15.0
04084.png,12,12,12,12,OK,,,,12.0
04085.png,7,7,7,7,OK,,,,7.0
04086.png,21,21,21,21,OK,,,,21.0
04087.png,38,38,38,38,OK,,,,38.0
04088.png,28,28,28,28,OK,,,,28.0
04089.png,13,13,13,13,OK,,,,13.0
04090.png,7,7,7,7,OK,,,,7.0
04091.png,12,12,12,12,OK,,,,12.0
04092.png,10,10,10,10,OK,,,,10.0
04093.png,1,1,1,1,OK,,,,1.0
04094.png,35,35,35,35,OK,,,,35.0
04095.png,1,1,1,1,OK,,,,1.0
04096.png,8,8,8,8,OK,,,,8.0
04097.png,38,38,38,38,OK,,,,38.0
04098.png,25,25,25,25,OK,,,,25.0
04099.png,13,13,13,13,OK,,,,13.0
04100.png,15,15,15,15,OK,,,,15.0
04101.png,12,12,12,12,OK,,,,12.0
04102.png,8,8,8,8,OK,,,,8.0
04103.png,17,17,17,17,OK,,,,17.0
04104.png,38,38,38,38,OK,,,,38.0
04105.png,41,41,41,41,OK,,,,41.0
04106.png,31,31,31,31,OK,,,,31.0
04107.png,10,10,10,10,OK,,,,10.0
04108.png,25,25,25,25,OK,,,,25.0
04109.png,1,1,1,1,OK,,,,1.0
04110.png,14,14,14,14,OK,,,,14.0
04111.png,17,17,17,17,OK,,,,17.0
04112.png,23,23,23,23,OK,,,,23.0
04113.png,10,10,10,10,OK,,,,10.0
04114.png,26,26,26,26,OK,,,,26.0
04115.png,31,31,31,31,OK,,,,31.0
04116.png,5,5,5,5,OK,,,,5.0
04117.png,36,36,36,36,OK,,,,36.0
04118.png,14,14,14,14,OK,,,,14.0
04119.png,4,4,4,4,OK,,,,4.0
04120.png,4,4,4,4,OK,,,,4.0
04121.png,7,7,7,7,OK,,,,7.0
04122.png,20,20,20,20,OK,,,,20.0
04123.png,34,34,34,34,OK,,,,34.0
04124.png,1,1,1,1,OK,,,,1.0
04125.png,21,21,21,21,OK,,,,21.0
04126.png,14,14,14,14,OK,,,,14.0
04127.png,4,4,4,4,OK,,,,4.0
04128.png,13,13,13,13,OK,,,,13.0
04129.png,6,6,6,6,OK,,,,6.0
04130.png,39,39,39,39,OK,,,,39.0
04131.png,11,11,11,11,OK,,,,11.0
04132.png,33,33,33,33,OK,,,,33.0
04133.png,30,30,30,30,OK,,,,30.0
04134.png,2,2,2,2,OK,,,,2.0
04135.png,3,3,3,3,OK,,,,3.0
04136.png,33,33,33,33,OK,,,,33.0
04137.png,1,1,1,1,OK,,,,1.0
04138.png,40,40,40,40,OK,,,,40.0
04139.png,1,1,1,1,OK,,,,1.0
04140.png,13,13,13,13,OK,,,,13.0
04141.png,23,23,23,23,OK,,,,23.0
04142.png,18,18,18,18,OK,,,,18.0
04143.png,10,10,10,10,OK,,,,10.0
04144.png,35,35,35,35,OK,,,,35.0
04145.png,1,1,1,1,OK,,,,1.0
04146.png,15,15,15,15,OK,,,,15.0
04147.png,21,21,21,21,OK,,,,21.0
04148.png,14,14,14,14,OK,,,,14.0
04149.png,3,3,3,3,OK,,,,3.0
04150.png,35,35,35,35,OK,,,,35.0
04151.png,12,12,12,12,OK,,,,12.0
04152.png,9,9,9,9,OK,,,,9.0
04153.png,33,33,33,33,OK,,,,33.0
04154.png,17,17,17,17,OK,,,,17.0
04155.png,12,12,12,12,OK,,,,12.0
04156.png,25,25,25,25,OK,,,,25.0
04157.png,18,18,18,18,OK,,,,18.0
04158.png,4,4,4,4,OK,,,,4.0
04159.png,31,31,31,31,OK,,,,31.0
04160.png,11,11,11,11,OK,,,,11.0
04161.png,5,5,5,5,OK,,,,5.0
04162.png,29,29,29,29,OK,,,,29.0
04163.png,11,11,11,11,OK,,,,11.0
04164.png,5,5,5,5,OK,,,,5.0
04165.png,14,14,14,14,OK,,,,14.0
04166.png,15,15,15,15,OK,,,,15.0
04167.png,5,5,5,5,OK,,,,5.0
04168.png,38,38,38,38,OK,,,,38.0
04169.png,14,14,14,14,OK,,,,14.0
04170.png,4,4,4,4,OK,,,,4.0
04171.png,10,10,10,10,OK,,,,10.0
04172.png,12,12,12,12,OK,,,,12.0
04173.png,2,2,2,2,OK,,,,2.0
04174.png,13,13,13,13,OK,,,,13.0
04175.png,17,14,17,17,KO,,,,17.0
04176.png,10,10,10,10,OK,,,,10.0
04177.png,4,4,4,4,OK,,,,4.0
04178.png,5,5,5,5,OK,,,,5.0
04179.png,4,4,4,4,OK,,,,4.0
04180.png,0,0,0,0,OK,,,,0.0
04181.png,8,8,8,8,OK,,,,8.0
04182.png,31,31,31,31,OK,,,,31.0
04183.png,4,4,4,4,OK,,,,4.0
04184.png,41,41,41,41,OK,,,,41.0
04185.png,21,21,21,21,OK,,,,21.0
04186.png,20,20,20,20,OK,,,,20.0
04187.png,25,25,25,25,OK,,,,25.0
04188.png,14,14,14,14,OK,,,,14.0
04189.png,1,1,1,1,OK,,,,1.0
04190.png,11,11,11,11,OK,,,,11.0
04191.png,21,21,21,21,OK,,,,21.0
04192.png,11,11,11,11,OK,,,,11.0
04193.png,18,18,18,18,OK,,,,18.0
04194.png,10,10,10,10,OK,,,,10.0
04195.png,5,5,5,5,OK,,,,5.0
04196.png,12,12,12,12,OK,,,,12.0
04197.png,13,13,13,13,OK,,,,13.0
04198.png,31,31,31,31,OK,,,,31.0
04199.png,12,12,12,12,OK,,,,12.0
04200.png,2,2,2,2,OK,,,,2.0
04201.png,12,12,12,12,OK,,,,12.0
04202.png,13,13,13,13,OK,,,,13.0
04203.png,16,16,16,16,OK,,,,16.0
04204.png,3,3,3,3,OK,,,,3.0
04205.png,2,2,2,2,OK,,,,2.0
04206.png,10,10,10,10,OK,,,,10.0
04207.png,5,5,5,5,OK,,,,5.0
04208.png,31,31,31,31,OK,,,,31.0
04209.png,12,12,12,12,OK,,,,12.0
04210.png,14,14,14,14,OK,,,,14.0
04211.png,17,17,17,17,OK,,,,17.0
04212.png,17,17,17,17,OK,,,,17.0
04213.png,13,13,13,13,OK,,,,13.0
04214.png,17,17,17,17,OK,,,,17.0
04215.png,16,16,16,16,OK,,,,16.0
04216.png,31,31,31,31,OK,,,,31.0
04217.png,11,11,11,11,OK,,,,11.0
04218.png,26,26,26,26,OK,,,,26.0
04219.png,39,13,13,13,KO,,,,13.0
04220.png,13,13,13,13,OK,,,,13.0
04221.png,7,7,7,7,OK,,,,7.0
04222.png,13,13,13,13,OK,,,,13.0
04223.png,2,2,2,2,OK,,,,2.0
04224.png,18,18,18,18,OK,,,,18.0
04225.png,8,8,8,8,OK,,,,8.0
04226.png,7,7,7,7,OK,,,,7.0
04227.png,1,1,1,1,OK,,,,1.0
04228.png,9,9,9,9,OK,,,,9.0
04229.png,38,38,38,38,OK,,,,38.0
04230.png,9,9,9,9,OK,,,,9.0
04231.png,13,13,13,13,OK,,,,13.0
04232.png,13,13,13,13,OK,,,,13.0
04233.png,1,1,1,1,OK,,,,1.0
04234.png,1,1,1,1,OK,,,,1.0
04235.png,8,8,8,8,OK,,,,8.0
04236.png,2,2,2,2,OK,,,,2.0
04237.png,8,8,8,8,OK,,,,8.0
04238.png,13,13,13,13,OK,,,,13.0
04239.png,38,38,38,38,OK,,,,38.0
04240.png,7,7,7,7,OK,,,,7.0
04241.png,18,18,18,18,OK,,,,18.0
04242.png,2,2,2,2,OK,,,,2.0
04243.png,14,14,14,14,OK,,,,14.0
04244.png,38,38,38,38,OK,,,,38.0
04245.png,5,5,5,5,OK,,,,5.0
04246.png,38,38,38,38,OK,,,,38.0
04247.png,12,12,12,12,OK,,,,12.0
04248.png,25,25,25,25,OK,,,,25.0
04249.png,5,5,5,5,OK,,,,5.0
04250.png,25,25,25,25,OK,,,,25.0
04251.png,11,11,11,11,OK,,,,11.0
04252.png,18,18,18,18,OK,,,,18.0
04253.png,5,5,5,5,OK,,,,5.0
04254.png,14,14,14,14,OK,,,,14.0
04255.png,12,12,12,12,OK,,,,12.0
04256.png,13,13,13,13,OK,,,,13.0
04257.png,5,5,5,5,OK,,,,5.0
04258.png,13,13,13,13,OK,,,,13.0
04259.png,9,9,9,9,OK,,,,9.0
04260.png,11,11,11,11,OK,,,,11.0
04261.png,25,25,25,25,OK,,,,25.0
04262.png,7,7,7,7,OK,,,,7.0
04263.png,12,12,12,12,OK,,,,12.0
04264.png,35,35,35,35,OK,,,,35.0
04265.png,15,15,15,15,OK,,,,15.0
04266.png,1,1,1,1,OK,,,,1.0
04267.png,3,3,3,3,OK,,,,3.0
04268.png,31,31,31,31,OK,,,,31.0
04269.png,17,14,17,17,KO,,,,17.0
04270.png,13,13,13,13,OK,,,,13.0
04271.png,6,6,42,6,KO,,,,42.0
04272.png,8,8,8,8,OK,,,,8.0
04273.png,25,25,25,25,OK,,,,25.0
04274.png,4,4,4,4,OK,,,,4.0
04275.png,38,38,38,38,OK,,,,38.0
04276.png,18,18,18,18,OK,,,,18.0
04277.png,10,10,10,10,OK,,,,10.0
04278.png,36,36,36,36,OK,,,,36.0
04279.png,17,17,17,17,OK,,,,17.0
04280.png,13,13,13,13,OK,,,,13.0
04281.png,8,8,8,8,OK,,,,8.0
04282.png,12,12,12,12,OK,,,,12.0
04283.png,4,4,4,4,OK,,,,4.0
04284.png,1,1,1,1,OK,,,,1.0
04285.png,2,2,2,2,OK,,,,2.0
04286.png,5,5,5,5,OK,,,,5.0
04287.png,17,17,17,17,OK,,,,17.0
04288.png,9,9,9,9,OK,,,,9.0
04289.png,25,25,25,25,OK,,,,25.0
04290.png,29,29,29,29,OK,,,,29.0
04291.png,35,35,35,35,OK,,,,35.0
04292.png,29,29,29,29,OK,,,,29.0
04293.png,35,35,35,35,OK,,,,35.0
04294.png,15,15,15,15,OK,,,,15.0
04295.png,2,2,2,2,OK,,,,2.0
04296.png,35,35,35,35,OK,,,,35.0
04297.png,11,11,11,11,OK,,,,11.0
04298.png,28,28,28,28,OK,,,,28.0
04299.png,26,26,26,26,OK,,,,26.0
04300.png,23,23,23,23,OK,,,,23.0
04301.png,3,3,3,3,OK,,,,3.0
04302.png,35,35,35,35,OK,,,,35.0
04303.png,25,25,25,25,OK,,,,25.0
04304.png,38,38,38,38,OK,,,,38.0
04305.png,1,1,1,1,OK,,,,1.0
04306.png,13,13,31,13,KO,,,,13.0
04307.png,9,9,9,9,OK,,,,9.0
04308.png,11,11,11,11,OK,,,,11.0
04309.png,7,7,7,7,OK,,,,7.0
04310.png,9,9,9,9,OK,,,,9.0
04311.png,38,38,38,38,OK,,,,38.0
04312.png,20,20,20,20,OK,,,,20.0
04313.png,39,39,39,39,OK,,,,39.0
04314.png,26,26,26,26,OK,,,,26.0
04315.png,13,13,13,13,OK,,,,13.0
04316.png,42,42,42,42,OK,,,,42.0
04317.png,11,11,11,11,OK,,,,11.0
04318.png,12,12,12,12,OK,,,,12.0
04319.png,38,38,38,38,OK,,,,38.0
04320.png,7,7,7,7,OK,,,,7.0
04321.png,3,3,3,3,OK,,,,3.0
04322.png,10,10,10,10,OK,,,,10.0
04323.png,8,8,8,8,OK,,,,8.0
04324.png,35,35,35,35,OK,,,,35.0
04325.png,4,4,4,4,OK,,,,4.0
04326.png,5,5,5,5,OK,,,,5.0
04327.png,5,5,5,5,OK,,,,5.0
04328.png,9,9,9,9,OK,,,,9.0
04329.png,35,35,35,35,OK,,,,35.0
04330.png,31,31,31,31,OK,,,,31.0
04331.png,24,24,24,24,OK,,,,24.0
04332.png,0,0,0,0,OK,,,,0.0
04333.png,0,0,0,0,OK,,,,0.0
04334.png,8,8,8,8,OK,,,,8.0
04335.png,41,41,41,41,OK,,,,41.0
04336.png,1,1,1,1,OK,,,,1.0
04337.png,1,1,1,1,OK,,,,1.0
04338.png,4,4,4,4,OK,,,,4.0
04339.png,7,7,7,7,OK,,,,7.0
04340.png,25,25,25,25,OK,,,,25.0
04341.png,26,12,12,12,KO,,,,12.0
04342.png,33,33,33,33,OK,,,,33.0
04343.png,14,14,14,14,OK,,,,14.0
04344.png,2,2,2,2,OK,,,,2.0
04345.png,15,15,15,15,OK,,,,15.0
04346.png,9,9,9,9,OK,,,,9.0
04347.png,12,12,12,12,OK,,,,12.0
04348.png,1,1,1,1,OK,,,,1.0
04349.png,11,11,11,11,OK,,,,11.0
04350.png,33,33,33,33,OK,,,,33.0
04351.png,4,4,4,4,OK,,,,4.0
04352.png,1,1,1,1,OK,,,,1.0
04353.png,18,18,18,18,OK,,,,18.0
04354.png,13,13,13,13,OK,,,,13.0
04355.png,12,12,12,12,OK,,,,12.0
04356.png,13,13,13,13,OK,,,,13.0
04357.png,2,2,2,2,OK,,,,2.0
04358.png,13,13,13,13,OK,,,,13.0
04359.png,10,10,10,10,OK,,,,10.0
04360.png,36,36,36,36,OK,,,,36.0
04361.png,10,10,10,10,OK,,,,10.0
04362.png,38,38,38,38,OK,,,,38.0
04363.png,3,3,3,3,OK,,,,3.0
04364.png,11,11,11,11,OK,,,,11.0
04365.png,38,38,38,38,OK,,,,38.0
04366.png,15,15,15,15,OK,,,,15.0
04367.png,30,30,30,30,OK,,,,30.0
04368.png,18,18,18,18,OK,,,,18.0
04369.png,35,35,35,35,OK,,,,35.0
04370.png,5,5,5,5,OK,,,,5.0
04371.png,9,9,9,9,OK,,,,9.0
04372.png,18,18,18,18,OK,,,,18.0
04373.png,8,8,8,8,OK,,,,8.0
04374.png,12,12,12,12,OK,,,,12.0
04375.png,15,15,15,15,OK,,,,15.0
04376.png,5,5,5,5,OK,,,,5.0
04377.png,1,1,1,1,OK,,,,1.0
04378.png,35,35,35,35,OK,,,,35.0
04379.png,4,4,4,4,OK,,,,4.0
04380.png,25,25,25,25,OK,,,,25.0
04381.png,5,5,5,5,OK,,,,5.0
04382.png,2,2,2,2,OK,,,,2.0
04383.png,5,11,11,11,KO,,,,11.0
04384.png,12,12,23,12,KO,,,,23.0
04385.png,8,8,8,8,OK,,,,8.0
04386.png,1,1,1,1,OK,,,,1.0
04387.png,1,1,1,1,OK,,,,1.0
04388.png,4,4,4,4,OK,,,,4.0
04389.png,4,4,4,4,OK,,,,4.0
04390.png,9,9,9,9,OK,,,,9.0
04391.png,17,17,17,17,OK,,,,17.0
04392.png,4,4,4,4,OK,,,,4.0
04393.png,10,10,10,10,OK,,,,10.0
04394.png,17,17,17,17,OK,,,,17.0
04395.png,38,38,38,38,OK,,,,38.0
04396.png,2,2,2,2,OK,,,,2.0
04397.png,2,2,2,2,OK,,,,2.0
04398.png,39,39,39,39,OK,,,,39.0
04399.png,1,1,1,1,OK,,,,1.0
04400.png,21,21,21,21,OK,,,,21.0
04401.png,15,15,15,15,OK,,,,15.0
04402.png,10,10,10,10,OK,,,,10.0
04403.png,4,4,4,4,OK,,,,4.0
04404.png,3,3,3,3,OK,,,,3.0
04405.png,13,13,13,13,OK,,,,13.0
04406.png,5,5,5,5,OK,,,,5.0
04407.png,9,9,9,9,OK,,,,9.0
04408.png,3,3,3,3,OK,,,,3.0
04409.png,18,18,18,18,OK,,,,18.0
04410.png,6,6,6,6,OK,,,,6.0
04411.png,7,7,7,7,OK,,,,7.0
04412.png,12,12,12,12,OK,,,,12.0
04413.png,42,42,42,42,OK,,,,42.0
04414.png,19,19,19,19,OK,,,,19.0
04415.png,11,11,11,11,OK,,,,11.0
04416.png,17,17,17,17,OK,,,,17.0
04417.png,1,1,1,1,OK,,,,1.0
04418.png,33,33,33,33,OK,,,,33.0
04419.png,8,8,8,8,OK,,,,8.0
04420.png,31,31,31,31,OK,,,,31.0
04421.png,31,31,31,31,OK,,,,31.0
04422.png,5,5,5,5,OK,,,,5.0
04423.png,1,1,1,1,OK,,,,1.0
04424.png,12,12,12,12,OK,,,,12.0
04425.png,28,28,28,28,OK,,,,28.0
04426.png,5,5,5,5,OK,,,,5.0
04427.png,12,12,12,12,OK,,,,12.0
04428.png,8,8,8,8,OK,,,,8.0
04429.png,20,20,20,20,OK,,,,20.0
04430.png,10,10,10,10,OK,,,,10.0
04431.png,10,10,10,10,OK,,,,10.0
04432.png,8,8,8,8,OK,,,,8.0
04433.png,8,8,8,8,OK,,,,8.0
04434.png,0,0,0,0,OK,,,,0.0
04435.png,5,5,5,5,OK,,,,5.0
04436.png,7,7,7,7,OK,,,,7.0
04437.png,20,20,20,20,OK,,,,20.0
04438.png,33,33,33,33,OK,,,,33.0
04439.png,10,10,10,10,OK,,,,10.0
04440.png,5,5,5,5,OK,,,,5.0
04441.png,12,12,12,12,OK,,,,12.0
04442.png,38,38,38,38,OK,,,,38.0
04443.png,21,21,21,21,OK,,,,21.0
04444.png,2,2,2,2,OK,,,,2.0
04445.png,7,7,7,7,OK,,,,7.0
04446.png,5,5,5,5,OK,,,,5.0
04447.png,2,2,2,2,OK,,,,2.0
04448.png,17,17,17,17,OK,,,,17.0
04449.png,3,3,3,3,OK,,,,3.0
04450.png,17,17,17,17,OK,,,,17.0
04451.png,12,12,12,12,OK,,,,12.0
04452.png,31,31,31,31,OK,,,,31.0
04453.png,25,25,25,25,OK,,,,25.0
04454.png,18,18,18,18,OK,,,,18.0
04455.png,2,2,2,2,OK,,,,2.0
04456.png,27,27,27,27,OK,,,,27.0
04457.png,3,3,3,3,OK,,,,3.0
04458.png,37,37,37,37,OK,,,,37.0
04459.png,9,9,9,9,OK,,,,9.0
04460.png,38,38,38,38,OK,,,,38.0
04461.png,5,5,5,5,OK,,,,5.0
04462.png,38,38,38,38,OK,,,,38.0
04463.png,8,8,8,8,OK,,,,8.0
04464.png,13,13,13,13,OK,,,,13.0
04465.png,10,10,10,10,OK,,,,10.0
04466.png,14,14,14,14,OK,,,,14.0
04467.png,12,12,12,12,OK,,,,12.0
04468.png,17,17,17,17,OK,,,,17.0
04469.png,31,31,31,31,OK,,,,31.0
04470.png,26,26,26,26,OK,,,,26.0
04471.png,33,33,33,33,OK,,,,33.0
04472.png,38,38,38,38,OK,,,,38.0
04473.png,17,17,17,17,OK,,,,17.0
04474.png,12,12,12,12,OK,,,,12.0
04475.png,2,2,2,2,OK,,,,2.0
04476.png,2,2,2,2,OK,,,,2.0
04477.png,13,13,13,13,OK,,,,13.0
04478.png,1,1,1,1,OK,,,,1.0
04479.png,21,21,21,21,OK,,,,21.0
04480.png,2,2,2,2,OK,,,,2.0
04481.png,10,10,10,10,OK,,,,10.0
04482.png,9,9,9,9,OK,,,,9.0
04483.png,33,33,33,33,OK,,,,33.0
04484.png,5,5,5,5,OK,,,,5.0
04485.png,13,13,13,13,OK,,,,13.0
04486.png,1,1,1,1,OK,,,,1.0
04487.png,4,4,4,4,OK,,,,4.0
04488.png,8,8,8,8,OK,,,,8.0
04489.png,2,2,2,2,OK,,,,2.0
04490.png,36,36,36,36,OK,,,,36.0
04491.png,12,12,12,12,OK,,,,12.0
04492.png,38,38,38,38,OK,,,,38.0
04493.png,4,4,4,4,OK,,,,4.0
04494.png,34,34,34,34,OK,,,,34.0
04495.png,12,12,12,12,OK,,,,12.0
04496.png,42,42,42,42,OK,,,,42.0
04497.png,5,5,5,5,OK,,,,5.0
04498.png,2,2,2,2,OK,,,,2.0
04499.png,1,1,1,1,OK,,,,1.0
04500.png,22,22,22,22,OK,,,,22.0
04501.png,25,25,25,25,OK,,,,25.0
04502.png,28,28,28,28,OK,,,,28.0
04503.png,3,3,3,3,OK,,,,3.0
04504.png,0,0,0,0,OK,,,,0.0
04505.png,2,2,2,2,OK,,,,2.0
04506.png,2,2,2,2,OK,,,,2.0
04507.png,17,17,17,17,OK,,,,17.0
04508.png,12,12,12,12,OK,,,,12.0
04509.png,30,30,30,30,OK,,,,30.0
04510.png,31,31,31,31,OK,,,,31.0
04511.png,30,30,30,30,OK,,,,30.0
04512.png,0,0,0,0,OK,,,,0.0
04513.png,1,1,1,1,OK,,,,1.0
04514.png,35,35,35,35,OK,,,,35.0
04515.png,40,40,40,40,OK,,,,40.0
04516.png,2,2,2,2,OK,,,,2.0
04517.png,10,10,10,10,OK,,,,10.0
04518.png,10,10,10,10,OK,,,,10.0
04519.png,7,7,7,7,OK,,,,7.0
04520.png,9,9,9,9,OK,,,,9.0
04521.png,4,4,4,4,OK,,,,4.0
04522.png,34,34,34,34,OK,,,,34.0
04523.png,5,5,5,5,OK,,,,5.0
04524.png,7,7,7,7,OK,,,,7.0
04525.png,30,30,30,30,OK,,,,30.0
04526.png,12,12,12,12,OK,,,,12.0
04527.png,13,13,13,13,OK,,,,13.0
04528.png,35,35,35,35,OK,,,,35.0
04529.png,28,28,28,28,OK,,,,28.0
04530.png,12,12,12,12,OK,,,,12.0
04531.png,35,35,35,35,OK,,,,35.0
04532.png,10,10,10,10,OK,,,,10.0
04533.png,12,12,12,12,OK,,,,12.0
04534.png,8,8,8,8,OK,,,,8.0
04535.png,18,18,18,18,OK,,,,18.0
04536.png,5,5,5,5,OK,,,,5.0
04537.png,1,1,1,1,OK,,,,1.0
04538.png,5,5,5,5,OK,,,,5.0
04539.png,1,1,1,1,OK,,,,1.0
04540.png,2,2,2,2,OK,,,,2.0
04541.png,2,2,2,2,OK,,,,2.0
04542.png,12,12,12,12,OK,,,,12.0
04543.png,3,5,3,3,KO,,,,3.0
04544.png,7,7,7,7,OK,,,,7.0
04545.png,16,16,16,16,OK,,,,16.0
04546.png,2,2,2,2,OK,,,,2.0
04547.png,7,7,7,7,OK,,,,7.0
04548.png,14,14,14,14,OK,,,,14.0
04549.png,18,18,18,18,OK,,,,18.0
04550.png,38,38,38,38,OK,,,,38.0
04551.png,25,25,25,25,OK,,,,25.0
04552.png,2,2,2,2,OK,,,,2.0
04553.png,18,18,18,18,OK,,,,18.0
04554.png,9,9,9,9,OK,,,,9.0
04555.png,36,36,36,36,OK,,,,36.0
04556.png,9,9,9,9,OK,,,,9.0
04557.png,25,25,25,25,OK,,,,25.0
04558.png,5,5,5,5,OK,,,,5.0
04559.png,5,5,5,5,OK,,,,5.0
04560.png,5,5,5,5,OK,,,,5.0
04561.png,3,3,3,3,OK,,,,3.0
04562.png,27,27,27,27,OK,,,,27.0
04563.png,13,13,13,13,OK,,,,13.0
04564.png,1,1,1,1,OK,,,,1.0
04565.png,25,25,25,25,OK,,,,25.0
04566.png,25,25,25,25,OK,,,,25.0
04567.png,8,8,8,8,OK,,,,8.0
04568.png,10,10,10,10,OK,,,,10.0
04569.png,25,25,25,25,OK,,,,25.0
04570.png,0,0,0,0,OK,,,,0.0
04571.png,31,31,31,31,OK,,,,31.0
04572.png,9,9,9,9,OK,,,,9.0
04573.png,2,2,2,2,OK,,,,2.0
04574.png,2,2,2,2,OK,,,,2.0
04575.png,8,8,8,8,OK,,,,8.0
04576.png,4,4,4,4,OK,,,,4.0
04577.png,13,13,13,13,OK,,,,13.0
04578.png,7,7,7,7,OK,,,,7.0
04579.png,30,30,30,30,OK,,,,30.0
04580.png,5,5,5,5,OK,,,,5.0
04581.png,15,15,15,15,OK,,,,15.0
04582.png,12,12,12,12,OK,,,,12.0
04583.png,17,17,17,17,OK,,,,17.0
04584.png,1,1,1,1,OK,,,,1.0
04585.png,27,27,27,27,OK,,,,27.0
04586.png,7,7,7,7,OK,,,,7.0
04587.png,24,24,24,24,OK,,,,24.0
04588.png,3,5,3,3,KO,,,,3.0
04589.png,3,3,3,3,OK,,,,3.0
04590.png,10,10,10,10,OK,,,,10.0
04591.png,26,26,26,26,OK,,,,26.0
04592.png,38,38,38,38,OK,,,,38.0
04593.png,10,10,10,10,OK,,,,10.0
04594.png,12,12,12,12,OK,,,,12.0
04595.png,2,2,2,2,OK,,,,2.0
04596.png,10,10,10,10,OK,,,,10.0
04597.png,3,3,3,3,OK,,,,3.0
04598.png,5,5,5,5,OK,,,,5.0
04599.png,1,1,1,1,OK,,,,1.0
04600.png,12,12,12,12,OK,,,,12.0
04601.png,4,4,4,4,OK,,,,4.0
04602.png,29,29,29,29,OK,,,,29.0
04603.png,34,34,34,34,OK,,,,34.0
04604.png,1,1,1,1,OK,,,,1.0
04605.png,0,0,0,0,OK,,,,0.0
04606.png,4,4,4,4,OK,,,,4.0
04607.png,35,35,35,35,OK,,,,35.0
04608.png,4,4,4,4,OK,,,,4.0
04609.png,5,5,5,5,OK,,,,5.0
04610.png,13,13,13,13,OK,,,,13.0
04611.png,33,33,33,33,OK,,,,33.0
04612.png,37,37,37,37,OK,,,,37.0
04613.png,37,37,37,37,OK,,,,37.0
04614.png,38,38,38,38,OK,,,,38.0
04615.png,33,33,33,33,OK,,,,33.0
04616.png,38,38,38,38,OK,,,,38.0
04617.png,21,21,21,21,OK,,,,21.0
04618.png,31,31,31,31,OK,,,,31.0
04619.png,11,11,11,11,OK,,,,11.0
04620.png,19,19,19,19,OK,,,,19.0
04621.png,38,38,38,38,OK,,,,38.0
04622.png,4,4,4,4,OK,,,,4.0
04623.png,12,12,12,12,OK,,,,12.0
04624.png,8,8,8,8,OK,,,,8.0
04625.png,24,24,24,24,OK,,,,24.0
04626.png,12,12,12,12,OK,,,,12.0
04627.png,2,2,2,2,OK,,,,2.0
04628.png,13,13,13,13,OK,,,,13.0
04629.png,7,7,7,7,OK,,,,7.0
04630.png,7,7,7,7,OK,,,,7.0
04631.png,1,1,1,1,OK,,,,1.0
04632.png,9,9,9,9,OK,,,,9.0
04633.png,38,38,38,38,OK,,,,38.0
04634.png,26,26,26,26,OK,,,,26.0
04635.png,20,20,20,20,OK,,,,20.0
04636.png,33,33,33,33,OK,,,,33.0
04637.png,35,35,35,35,OK,,,,35.0
04638.png,25,25,25,25,OK,,,,25.0
04640.png,8,8,8,8,OK,,,,8.0
04641.png,2,2,2,2,OK,,,,2.0
04643.png,19,19,19,19,OK,,,,19.0
04644.png,5,5,5,5,OK,,,,5.0
04645.png,39,39,39,39,OK,,,,39.0
04646.png,2,2,2,2,OK,,,,2.0
04647.png,4,4,4,4,OK,,,,4.0
04648.png,35,35,35,35,OK,,,,35.0
04649.png,12,12,12,12,OK,,,,12.0
04650.png,4,4,4,4,OK,,,,4.0
04651.png,10,10,10,10,OK,,,,10.0
04652.png,25,25,25,25,OK,,,,25.0
04653.png,8,8,8,8,OK,,,,8.0
04654.png,4,4,4,4,OK,,,,4.0
04655.png,4,4,4,4,OK,,,,4.0
04656.png,38,38,38,38,OK,,,,38.0
04657.png,1,1,1,1,OK,,,,1.0
04658.png,37,35,37,37,KO,,,,37.0
04659.png,5,5,5,5,OK,,,,5.0
04660.png,10,10,10,10,OK,,,,10.0
04661.png,1,1,1,1,OK,,,,1.0
04662.png,6,6,6,6,OK,,,,6.0
04663.png,6,6,6,6,OK,,,,6.0
04664.png,38,38,38,38,OK,,,,38.0
04665.png,12,12,12,12,OK,,,,12.0
04666.png,33,33,33,33,OK,,,,33.0
04667.png,40,40,40,40,OK,,,,40.0
04668.png,1,1,1,1,OK,,,,1.0
04669.png,10,10,10,10,OK,,,,10.0
04670.png,4,4,4,4,OK,,,,4.0
04671.png,25,25,25,25,OK,,,,25.0
04672.png,18,18,18,18,OK,,,,18.0
04673.png,4,4,4,4,OK,,,,4.0
04674.png,9,9,9,9,OK,,,,9.0
04675.png,39,39,39,39,OK,,,,39.0
04676.png,10,10,10,10,OK,,,,10.0
04677.png,7,7,7,7,OK,,,,7.0
04678.png,6,6,6,6,OK,,,,6.0
04679.png,7,7,7,7,OK,,,,7.0
04680.png,1,1,1,1,OK,,,,1.0
04681.png,10,10,10,10,OK,,,,10.0
04682.png,12,12,12,12,OK,,,,12.0
04683.png,13,13,13,13,OK,,,,13.0
04684.png,2,2,2,2,OK,,,,2.0
04685.png,2,2,2,2,OK,,,,2.0
04686.png,22,22,22,22,OK,,,,22.0
04687.png,6,6,6,6,OK,,,,6.0
04688.png,10,10,10,10,OK,,,,10.0
04689.png,11,11,11,11,OK,,,,11.0
04690.png,12,12,12,12,OK,,,,12.0
04691.png,21,21,21,21,OK,,,,21.0
04692.png,11,11,11,11,OK,,,,11.0
04693.png,38,38,38,38,OK,,,,38.0
04694.png,5,5,5,5,OK,,,,5.0
04695.png,4,4,4,4,OK,,,,4.0
04696.png,31,31,31,31,OK,,,,31.0
04697.png,27,27,27,27,OK,,,,27.0
04698.png,26,26,26,26,OK,,,,26.0
04699.png,26,26,26,26,OK,,,,26.0
04700.png,33,33,33,33,OK,,,,33.0
04701.png,4,4,4,4,OK,,,,4.0
04702.png,25,25,25,25,OK,,,,25.0
04703.png,7,7,7,7,OK,,,,7.0
04704.png,1,1,1,1,OK,,,,1.0
04705.png,2,2,2,2,OK,,,,2.0
04706.png,39,39,39,39,OK,,,,39.0
04707.png,38,38,38,38,OK,,,,38.0
04708.png,38,38,38,38,OK,,,,38.0
04709.png,40,40,40,40,OK,,,,40.0
04710.png,38,38,38,38,OK,,,,38.0
04711.png,3,3,3,3,OK,,,,3.0
04712.png,5,5,5,5,OK,,,,5.0
04713.png,13,13,13,13,OK,,,,13.0
04714.png,11,11,11,11,OK,,,,11.0
04715.png,16,16,16,16,OK,,,,16.0
04716.png,7,7,7,7,OK,,,,7.0
04717.png,36,36,36,36,OK,,,,36.0
04718.png,22,22,22,22,OK,,,,22.0
04719.png,14,14,14,14,OK,,,,14.0
04720.png,7,7,7,7,OK,,,,7.0
04721.png,3,3,3,3,OK,,,,3.0
04722.png,4,4,4,4,OK,,,,4.0
04723.png,4,4,4,4,OK,,,,4.0
04724.png,25,25,25,25,OK,,,,25.0
04725.png,26,26,26,26,OK,,,,26.0
04726.png,0,0,0,0,OK,,,,0.0
04727.png,18,18,18,18,OK,,,,18.0
04728.png,5,5,5,5,OK,,,,5.0
04729.png,9,9,9,9,OK,,,,9.0
04730.png,3,3,3,3,OK,,,,3.0
04731.png,21,21,21,21,OK,,,,21.0
04732.png,19,19,19,19,OK,,,,19.0
04733.png,12,12,12,12,OK,,,,12.0
04734.png,1,1,1,1,OK,,,,1.0
04735.png,1,1,1,1,OK,,,,1.0
04736.png,7,7,7,7,OK,,,,7.0
04737.png,14,14,14,14,OK,,,,14.0
04738.png,7,7,7,7,OK,,,,7.0
04739.png,7,7,7,7,OK,,,,7.0
04740.png,13,13,13,13,OK,,,,13.0
04741.png,4,4,4,4,OK,,,,4.0
04742.png,13,13,13,13,OK,,,,13.0
04743.png,18,18,18,18,OK,,,,18.0
04744.png,4,4,4,4,OK,,,,4.0
04745.png,38,38,38,38,OK,,,,38.0
04746.png,12,12,12,12,OK,,,,12.0
04747.png,12,12,12,12,OK,,,,12.0
04748.png,13,13,13,13,OK,,,,13.0
04749.png,2,2,2,2,OK,,,,2.0
04750.png,17,17,17,17,OK,,,,17.0
04751.png,17,17,17,17,OK,,,,17.0
04752.png,1,1,1,1,OK,,,,1.0
04753.png,26,26,26,26,OK,,,,26.0
04754.png,19,19,19,19,OK,,,,19.0
04755.png,7,7,7,7,OK,,,,7.0
04756.png,18,18,18,18,OK,,,,18.0
04757.png,14,14,14,14,OK,,,,14.0
04758.png,4,4,4,4,OK,,,,4.0
04759.png,1,1,1,1,OK,,,,1.0
04760.png,7,7,7,7,OK,,,,7.0
04761.png,8,8,8,8,OK,,,,8.0
04762.png,20,20,20,20,OK,,,,20.0
04763.png,10,10,10,10,OK,,,,10.0
04764.png,16,16,16,16,OK,,,,16.0
04766.png,5,5,5,5,OK,,,,5.0
04767.png,17,17,17,17,OK,,,,17.0
04768.png,25,25,25,25,OK,,,,25.0
04769.png,12,12,12,12,OK,,,,12.0
04770.png,38,38,38,38,OK,,,,38.0
04771.png,3,3,3,3,OK,,,,3.0
04773.png,13,13,13,13,OK,,,,13.0
04774.png,31,31,31,31,OK,,,,31.0
04775.png,36,36,36,36,OK,,,,36.0
04776.png,13,13,13,13,OK,,,,13.0
04777.png,15,15,15,15,OK,,,,15.0
04778.png,38,38,38,38,OK,,,,38.0
04779.png,25,25,25,25,OK,,,,25.0
04780.png,18,18,18,18,OK,,,,18.0
04781.png,4,4,4,4,OK,,,,4.0
04782.png,11,11,11,11,OK,,,,11.0
04783.png,25,25,25,25,OK,,,,25.0
04784.png,2,2,2,2,OK,,,,2.0
04785.png,38,38,38,38,OK,,,,38.0
04786.png,23,23,23,23,OK,,,,23.0
04787.png,8,8,8,8,OK,,,,8.0
04788.png,10,10,10,10,OK,,,,10.0
04789.png,7,7,7,7,OK,,,,7.0
04790.png,15,15,15,15,OK,,,,15.0
04791.png,31,31,31,31,OK,,,,31.0
04792.png,4,4,4,4,OK,,,,4.0
04793.png,39,39,39,39,OK,,,,39.0
04794.png,25,25,25,25,OK,,,,25.0
04795.png,0,0,0,0,OK,,,,0.0
04796.png,25,25,25,25,OK,,,,25.0
04797.png,17,17,17,17,OK,,,,17.0
04798.png,38,38,38,38,OK,,,,38.0
04799.png,16,16,16,16,OK,,,,16.0
04800.png,10,10,10,10,OK,,,,10.0
04801.png,1,1,1,1,OK,,,,1.0
04802.png,7,7,7,7,OK,,,,7.0
04803.png,4,4,4,4,OK,,,,4.0
04804.png,17,17,17,17,OK,,,,17.0
04805.png,10,10,10,10,OK,,,,10.0
04806.png,9,9,9,9,OK,,,,9.0
04807.png,25,25,25,25,OK,,,,25.0
04808.png,4,4,4,4,OK,,,,4.0
04809.png,17,17,17,17,OK,,,,17.0
04810.png,13,13,13,13,OK,,,,13.0
04811.png,18,18,18,18,OK,,,,18.0
04812.png,5,5,5,5,OK,,,,5.0
04813.png,5,5,5,5,OK,,,,5.0
04814.png,5,5,5,5,OK,,,,5.0
04815.png,10,10,10,10,OK,,,,10.0
04816.png,25,25,25,25,OK,,,,25.0
04817.png,7,7,7,7,OK,,,,7.0
04818.png,10,10,10,10,OK,,,,10.0
04819.png,11,11,11,11,OK,,,,11.0
04820.png,11,11,11,11,OK,,,,11.0
04821.png,42,42,42,42,OK,,,,42.0
04822.png,13,13,13,13,OK,,,,13.0
04823.png,2,2,2,2,OK,,,,2.0
04824.png,4,4,4,4,OK,,,,4.0
04825.png,4,4,4,4,OK,,,,4.0
04826.png,2,2,2,2,OK,,,,2.0
04827.png,22,22,22,22,OK,,,,22.0
04828.png,35,35,35,35,OK,,,,35.0
04829.png,17,17,17,17,OK,,,,17.0
04830.png,4,4,4,4,OK,,,,4.0
04831.png,7,7,7,7,OK,,,,7.0
04832.png,8,8,8,8,OK,,,,8.0
04834.png,7,7,7,7,OK,,,,7.0
04835.png,10,10,10,10,OK,,,,10.0
04836.png,5,5,5,5,OK,,,,5.0
04837.png,10,10,10,10,OK,,,,10.0
04838.png,10,10,10,10,OK,,,,10.0
04839.png,4,4,4,4,OK,,,,4.0
04840.png,5,5,5,5,OK,,,,5.0
04841.png,7,7,7,7,OK,,,,7.0
04842.png,11,11,11,11,OK,,,,11.0
04843.png,3,3,3,3,OK,,,,3.0
04844.png,12,12,12,12,OK,,,,12.0
04845.png,38,38,38,38,OK,,,,38.0
04846.png,13,13,13,13,OK,,,,13.0
04847.png,9,9,9,9,OK,,,,9.0
04848.png,11,11,11,11,OK,,,,11.0
04849.png,29,29,29,29,OK,,,,29.0
04850.png,7,7,7,7,OK,,,,7.0
04851.png,3,3,3,3,OK,,,,3.0
04852.png,2,2,2,2,OK,,,,2.0
04853.png,12,12,12,12,OK,,,,12.0
04854.png,22,22,22,22,OK,,,,22.0
04855.png,10,10,10,10,OK,,,,10.0
04856.png,13,13,13,13,OK,,,,13.0
04857.png,38,38,38,38,OK,,,,38.0
04858.png,7,7,7,7,OK,,,,7.0
04859.png,14,14,14,14,OK,,,,14.0
04860.png,33,33,33,33,OK,,,,33.0
04861.png,3,3,3,3,OK,,,,3.0
04862.png,4,4,4,4,OK,,,,4.0
04863.png,15,15,15,15,OK,,,,15.0
04864.png,1,1,1,1,OK,,,,1.0
04865.png,9,9,9,9,OK,,,,9.0
04866.png,9,9,9,9,OK,,,,9.0
04867.png,11,11,11,11,OK,,,,11.0
04868.png,32,32,32,32,OK,,,,32.0
04869.png,39,39,39,39,OK,,,,39.0
04870.png,38,38,38,38,OK,,,,38.0
04871.png,12,12,12,12,OK,,,,12.0
04872.png,4,4,4,4,OK,,,,4.0
04873.png,3,3,3,3,OK,,,,3.0
04874.png,1,1,1,1,OK,,,,1.0
04875.png,14,14,14,14,OK,,,,14.0
04876.png,15,15,15,15,OK,,,,15.0
04877.png,38,38,38,38,OK,,,,38.0
04878.png,33,33,33,33,OK,,,,33.0
04879.png,27,27,27,27,OK,,,,27.0
04880.png,18,18,18,18,OK,,,,18.0
04881.png,10,10,10,10,OK,,,,10.0
04882.png,13,13,13,13,OK,,,,13.0
04883.png,18,18,18,18,OK,,,,18.0
04884.png,2,2,2,2,OK,,,,2.0
04885.png,31,31,31,31,OK,,,,31.0
04886.png,18,18,18,18,OK,,,,18.0
04887.png,11,11,11,11,OK,,,,11.0
04888.png,1,1,1,1,OK,,,,1.0
04889.png,19,19,19,19,OK,,,,19.0
04890.png,1,1,1,1,OK,,,,1.0
04891.png,38,38,38,38,OK,,,,38.0
04892.png,18,18,18,18,OK,,,,18.0
04893.png,24,24,24,24,OK,,,,24.0
04894.png,3,3,3,3,OK,,,,3.0
04895.png,11,11,11,11,OK,,,,11.0
04896.png,1,1,1,1,OK,,,,1.0
04897.png,4,4,4,4,OK,,,,4.0
04898.png,40,40,40,40,OK,,,,40.0
04899.png,7,7,7,7,OK,,,,7.0
04900.png,25,25,25,25,OK,,,,25.0
04901.png,31,31,31,31,OK,,,,31.0
04902.png,29,29,29,29,OK,,,,29.0
04903.png,7,7,7,7,OK,,,,7.0
04904.png,35,35,35,35,OK,,,,35.0
04905.png,10,10,10,10,OK,,,,10.0
04906.png,5,5,5,5,OK,,,,5.0
04907.png,12,12,12,12,OK,,,,12.0
04909.png,8,8,8,8,OK,,,,8.0
04910.png,13,13,13,13,OK,,,,13.0
04911.png,17,17,17,17,OK,,,,17.0
04912.png,10,10,10,10,OK,,,,10.0
04913.png,14,14,14,14,OK,,,,14.0
04914.png,23,23,23,23,OK,,,,23.0
04915.png,8,8,8,8,OK,,,,8.0
04916.png,17,17,17,17,OK,,,,17.0
04917.png,9,9,9,9,OK,,,,9.0
04918.png,25,25,25,25,OK,,,,25.0
04919.png,1,1,1,1,OK,,,,1.0
04920.png,1,1,1,1,OK,,,,1.0
04921.png,38,38,38,38,OK,,,,38.0
04922.png,12,12,12,12,OK,,,,12.0
04923.png,31,31,31,31,OK,,,,31.0
04924.png,10,10,10,10,OK,,,,10.0
04925.png,31,31,31,31,OK,,,,31.0
04926.png,5,5,5,5,OK,,,,5.0
04927.png,10,10,10,10,OK,,,,10.0
04928.png,2,2,2,2,OK,,,,2.0
04929.png,34,34,34,34,OK,,,,34.0
04930.png,35,35,35,35,OK,,,,35.0
04931.png,11,11,11,11,OK,,,,11.0
04932.png,42,42,42,42,OK,,,,42.0
04933.png,39,39,39,39,OK,,,,39.0
04934.png,8,8,8,8,OK,,,,8.0
04935.png,5,5,5,5,OK,,,,5.0
04936.png,38,38,38,38,OK,,,,38.0
04937.png,7,7,7,7,OK,,,,7.0
04938.png,10,10,10,10,OK,,,,10.0
04939.png,2,2,2,2,OK,,,,2.0
04940.png,9,9,9,9,OK,,,,9.0
04941.png,13,13,13,13,OK,,,,13.0
04942.png,10,10,10,10,OK,,,,10.0
04943.png,14,14,14,14,OK,,,,14.0
04944.png,25,25,25,25,OK,,,,25.0
04945.png,19,19,19,19,OK,,,,19.0
04946.png,5,5,5,5,OK,,,,5.0
04947.png,8,8,8,8,OK,,,,8.0
04948.png,31,31,31,31,OK,,,,31.0
04949.png,13,13,13,13,OK,,,,13.0
04950.png,9,9,9,9,OK,,,,9.0
04951.png,40,40,40,40,OK,,,,40.0
04954.png,18,18,18,18,OK,,,,18.0
04955.png,9,9,9,9,OK,,,,9.0
04956.png,2,2,2,2,OK,,,,2.0
04957.png,17,17,17,17,OK,,,,17.0
04958.png,25,25,25,25,OK,,,,25.0
04959.png,2,2,2,2,OK,,,,2.0
04960.png,7,7,7,7,OK,,,,7.0
04961.png,25,25,25,25,OK,,,,25.0
04962.png,5,5,5,5,OK,,,,5.0
04963.png,12,12,12,12,OK,,,,12.0
04964.png,14,14,14,14,OK,,,,14.0
04965.png,11,11,11,11,OK,,,,11.0
04966.png,39,39,39,39,OK,,,,39.0
04967.png,7,7,7,7,OK,,,,7.0
04968.png,10,10,10,10,OK,,,,10.0
04969.png,13,13,13,13,OK,,,,13.0
04970.png,9,9,9,9,OK,,,,9.0
04971.png,15,15,15,15,OK,,,,15.0
04972.png,7,7,7,7,OK,,,,7.0
04973.png,10,10,10,10,OK,,,,10.0
04974.png,13,13,13,13,OK,,,,13.0
04975.png,35,35,35,35,OK,,,,35.0
04976.png,4,4,4,4,OK,,,,4.0
04977.png,32,32,32,32,OK,,,,32.0
04978.png,23,23,23,23,OK,,,,23.0
04979.png,38,38,38,38,OK,,,,38.0
04980.png,40,40,40,40,OK,,,,40.0
04981.png,35,35,35,35,OK,,,,35.0
04982.png,2,2,2,2,OK,,,,2.0
04983.png,26,12,12,12,KO,,,,26.0
04984.png,2,2,2,2,OK,,,,2.0
04986.png,1,1,1,1,OK,,,,1.0
04987.png,25,25,25,25,OK,,,,25.0
04988.png,1,1,1,1,OK,,,,1.0
04989.png,35,35,35,35,OK,,,,35.0
04990.png,2,2,2,2,OK,,,,2.0
04991.png,39,39,39,39,OK,,,,39.0
04992.png,2,2,2,2,OK,,,,2.0
04993.png,3,3,3,3,OK,,,,3.0
04994.png,4,4,4,4,OK,,,,4.0
04995.png,26,26,26,26,OK,,,,26.0
04996.png,12,12,12,12,OK,,,,12.0
04997.png,4,4,4,4,OK,,,,4.0
04998.png,3,3,3,3,OK,,,,3.0
04999.png,35,35,35,35,OK,,,,35.0
05001.png,14,14,14,14,OK,,,,14.0
05002.png,18,18,18,18,OK,,,,18.0
05003.png,1,1,1,1,OK,,,,1.0
05004.png,5,5,5,5,OK,,,,5.0
05005.png,13,13,13,13,OK,,,,13.0
05006.png,1,1,1,1,OK,,,,1.0
05007.png,2,2,2,2,OK,,,,2.0
05008.png,35,35,35,35,OK,,,,35.0
05009.png,9,9,9,9,OK,,,,9.0
05010.png,29,29,29,29,OK,,,,29.0
05011.png,1,1,1,1,OK,,,,1.0
05012.png,38,38,38,38,OK,,,,38.0
05013.png,18,18,18,18,OK,,,,18.0
05014.png,3,3,3,3,OK,,,,3.0
05015.png,3,3,3,3,OK,,,,3.0
05016.png,4,4,4,4,OK,,,,4.0
05017.png,17,17,17,17,OK,,,,17.0
05018.png,12,12,12,12,OK,,,,12.0
05021.png,33,33,33,33,OK,,,,33.0
05022.png,42,42,42,42,OK,,,,42.0
05023.png,25,25,25,25,OK,,,,25.0
05024.png,13,13,13,13,OK,,,,13.0
05025.png,9,9,9,9,OK,,,,9.0
05026.png,18,18,18,18,OK,,,,18.0
05027.png,6,6,6,6,OK,,,,6.0
05028.png,2,2,2,2,OK,,,,2.0
05029.png,3,3,3,3,OK,,,,3.0
05030.png,13,13,13,13,OK,,,,13.0
05031.png,11,11,11,11,OK,,,,11.0
05032.png,38,38,38,38,OK,,,,38.0
05033.png,18,18,18,18,OK,,,,18.0
05034.png,3,3,3,3,OK,,,,3.0
05035.png,12,12,12,12,OK,,,,12.0
05036.png,32,32,32,32,OK,,,,32.0
05037.png,13,13,13,13,OK,,,,13.0
05038.png,2,2,2,2,OK,,,,2.0
05039.png,35,35,35,35,OK,,,,35.0
05040.png,13,13,13,13,OK,,,,13.0
05041.png,5,5,5,5,OK,,,,5.0
05042.png,10,10,10,10,OK,,,,10.0
05043.png,27,27,27,27,OK,,,,27.0
05044.png,35,35,35,35,OK,,,,35.0
05045.png,17,17,17,17,OK,,,,17.0
05046.png,1,1,1,1,OK,,,,1.0
05047.png,29,29,29,29,OK,,,,29.0
05048.png,35,35,35,35,OK,,,,35.0
05049.png,2,2,2,2,OK,,,,2.0
05050.png,25,25,25,25,OK,,,,25.0
05051.png,14,14,14,14,OK,,,,14.0
05052.png,8,8,8,8,OK,,,,8.0
05053.png,2,2,2,2,OK,,,,2.0
05054.png,14,14,14,14,OK,,,,14.0
05055.png,38,38,38,38,OK,,,,38.0
05056.png,8,8,8,8,OK,,,,8.0
05057.png,27,27,27,27,OK,,,,27.0
05058.png,9,9,9,9,OK,,,,9.0
05059.png,10,10,10,10,OK,,,,10.0
05060.png,3,3,3,3,OK,,,,3.0
05061.png,13,13,13,13,OK,,,,13.0
05062.png,38,38,38,38,OK,,,,38.0
05063.png,36,36,36,36,OK,,,,36.0
05064.png,11,11,11,11,OK,,,,11.0
05065.png,13,13,13,13,OK,,,,13.0
05066.png,24,24,24,24,OK,,,,24.0
05067.png,10,10,10,10,OK,,,,10.0
05068.png,19,19,19,19,OK,,,,19.0
05069.png,25,25,25,25,OK,,,,25.0
05070.png,10,10,10,10,OK,,,,10.0
05071.png,11,11,11,11,OK,,,,11.0
05073.png,13,13,13,13,OK,,,,13.0
05075.png,15,15,15,15,OK,,,,15.0
05076.png,1,1,1,1,OK,,,,1.0
05078.png,12,12,12,12,OK,,,,12.0
05079.png,4,4,4,4,OK,,,,4.0
05080.png,14,14,14,14,OK,,,,14.0
05081.png,10,10,10,10,OK,,,,10.0
05082.png,10,10,10,10,OK,,,,10.0
05083.png,12,12,12,12,OK,,,,12.0
05084.png,5,5,5,5,OK,,,,5.0
05085.png,2,2,2,2,OK,,,,2.0
05086.png,13,13,13,13,OK,,,,13.0
05087.png,1,1,1,1,OK,,,,1.0
05088.png,13,13,13,13,OK,,,,13.0
05089.png,9,9,9,9,OK,,,,9.0
05090.png,9,9,9,9,OK,,,,9.0
05091.png,2,2,2,2,OK,,,,2.0
05092.png,10,10,10,10,OK,,,,10.0
05093.png,23,23,23,23,OK,,,,23.0
05094.png,10,10,10,10,OK,,,,10.0
05095.png,25,22,22,25,KO,,,,22.0
05096.png,13,13,13,13,OK,,,,13.0
05097.png,2,2,2,2,OK,,,,2.0
05098.png,1,1,1,1,OK,,,,1.0
05099.png,7,7,7,7,OK,,,,7.0
05100.png,5,5,5,5,OK,,,,5.0
05101.png,18,18,18,18,OK,,,,18.0
05102.png,12,12,12,12,OK,,,,12.0
05103.png,5,5,5,5,OK,,,,5.0
05104.png,2,2,2,2,OK,,,,2.0
05105.png,25,25,25,25,OK,,,,25.0
05106.png,1,1,1,1,OK,,,,1.0
05107.png,38,38,38,38,OK,,,,38.0
05108.png,35,35,35,35,OK,,,,35.0
05109.png,25,25,25,25,OK,,,,25.0
05110.png,38,38,38,38,OK,,,,38.0
05111.png,1,1,1,1,OK,,,,1.0
05112.png,14,14,14,14,OK,,,,14.0
05113.png,5,5,5,5,OK,,,,5.0
05114.png,35,35,35,35,OK,,,,35.0
05115.png,14,14,14,14,OK,,,,14.0
05116.png,15,15,15,15,OK,,,,15.0
05117.png,15,15,15,15,OK,,,,15.0
05118.png,4,4,4,4,OK,,,,4.0
05119.png,9,9,9,9,OK,,,,9.0
05120.png,10,10,10,10,OK,,,,10.0
05121.png,1,1,1,1,OK,,,,1.0
05122.png,1,1,1,1,OK,,,,1.0
05123.png,38,38,38,38,OK,,,,38.0
05124.png,12,12,12,12,OK,,,,12.0
05125.png,39,39,39,39,OK,,,,39.0
05126.png,12,12,12,12,OK,,,,12.0
05127.png,40,40,40,40,OK,,,,40.0
05129.png,15,15,15,15,OK,,,,15.0
05130.png,18,18,18,18,OK,,,,18.0
05131.png,17,17,17,17,OK,,,,17.0
05132.png,39,39,39,39,OK,,,,39.0
05133.png,5,5,5,5,OK,,,,5.0
05134.png,25,25,25,25,OK,,,,22.0
05135.png,3,3,3,3,OK,,,,3.0
05136.png,3,3,3,3,OK,,,,3.0
05137.png,25,25,25,25,OK,,,,25.0
05138.png,38,38,38,38,OK,,,,38.0
05139.png,2,2,2,2,OK,,,,2.0
05140.png,13,13,13,13,OK,,,,13.0
05141.png,12,12,12,12,OK,,,,12.0
05142.png,14,14,14,14,OK,,,,14.0
05143.png,13,13,13,13,OK,,,,13.0
05144.png,38,38,38,38,OK,,,,38.0
05145.png,4,4,4,4,OK,,,,4.0
05146.png,10,10,10,10,OK,,,,10.0
05147.png,38,38,38,38,OK,,,,38.0
05148.png,2,2,2,2,OK,,,,2.0
05149.png,18,18,31,31,KO,,,,31.0
05150.png,4,4,4,4,OK,,,,4.0
05151.png,25,25,25,25,OK,,,,25.0
05152.png,18,18,18,18,OK,,,,18.0
05153.png,2,2,2,2,OK,,,,2.0
05154.png,3,3,3,3,OK,,,,3.0
05155.png,13,13,13,13,OK,,,,13.0
05157.png,5,5,5,5,OK,,,,5.0
05158.png,38,38,38,38,OK,,,,38.0
05159.png,4,4,4,4,OK,,,,4.0
05160.png,34,34,34,34,OK,,,,34.0
05161.png,5,5,5,5,OK,,,,5.0
05162.png,11,11,11,11,OK,,,,11.0
05163.png,11,11,11,11,OK,,,,11.0
05164.png,18,18,18,18,OK,,,,18.0
05166.png,17,17,17,17,OK,,,,17.0
05167.png,1,1,1,1,OK,,,,1.0
05168.png,10,10,10,10,OK,,,,10.0
05169.png,12,12,12,12,OK,,,,12.0
05170.png,3,3,3,3,OK,,,,3.0
05171.png,38,38,38,38,OK,,,,38.0
05172.png,23,23,23,23,OK,,,,23.0
05173.png,13,13,13,13,OK,,,,13.0
05174.png,4,4,4,4,OK,,,,4.0
05177.png,8,8,8,8,OK,,,,8.0
05178.png,4,4,4,4,OK,,,,4.0
05179.png,13,13,13,13,OK,,,,13.0
05180.png,18,18,18,18,OK,,,,18.0
05181.png,38,38,38,38,OK,,,,38.0
05182.png,26,12,13,12,KO,,,,13.0
05183.png,35,35,35,35,OK,,,,35.0
05184.png,7,7,7,7,OK,,,,7.0
05185.png,10,10,10,10,OK,,,,10.0
05186.png,7,7,7,7,OK,,,,7.0
05187.png,1,1,1,1,OK,,,,1.0
05188.png,4,4,4,4,OK,,,,4.0
05189.png,20,20,20,20,OK,,,,20.0
05190.png,14,14,14,14,OK,,,,14.0
05191.png,13,13,13,13,OK,,,,13.0
05192.png,2,2,2,2,OK,,,,2.0
05193.png,17,14,17,17,KO,,,,17.0
05194.png,13,13,13,13,OK,,,,13.0
05195.png,36,36,36,36,OK,,,,36.0
05196.png,1,1,1,1,OK,,,,1.0
05197.png,38,38,38,38,OK,,,,38.0
05198.png,3,3,3,3,OK,,,,3.0
05199.png,13,13,13,13,OK,,,,13.0
05200.png,35,35,35,35,OK,,,,35.0
05201.png,2,2,2,2,OK,,,,2.0
05202.png,18,18,18,18,OK,,,,18.0
05203.png,13,13,13,13,OK,,,,13.0
05204.png,12,12,12,12,OK,,,,12.0
05205.png,2,2,2,2,OK,,,,2.0
05206.png,1,1,1,1,OK,,,,1.0
05207.png,11,11,11,11,OK,,,,11.0
05208.png,5,5,5,5,OK,,,,5.0
05209.png,13,13,13,13,OK,,,,13.0
05210.png,10,10,10,10,OK,,,,10.0
05211.png,38,38,38,38,OK,,,,38.0
05212.png,25,25,25,25,OK,,,,25.0
05213.png,14,14,14,14,OK,,,,14.0
05214.png,5,5,5,5,OK,,,,5.0
05215.png,1,1,1,1,OK,,,,1.0
05216.png,9,9,9,9,OK,,,,9.0
05217.png,17,17,17,17,OK,,,,17.0
05218.png,40,40,40,40,OK,,,,40.0
05219.png,12,12,12,12,OK,,,,12.0
05220.png,4,4,4,4,OK,,,,4.0
05221.png,31,31,31,31,OK,,,,31.0
05222.png,40,40,40,40,OK,,,,40.0
05224.png,2,2,2,2,OK,,,,2.0
05225.png,6,6,6,6,OK,,,,6.0
05226.png,1,1,1,1,OK,,,,1.0
05227.png,11,11,11,11,OK,,,,11.0
05229.png,35,35,35,35,OK,,,,35.0
05230.png,9,9,9,9,OK,,,,9.0
05231.png,3,3,3,3,OK,,,,3.0
05232.png,14,14,14,14,OK,,,,14.0
05233.png,27,27,27,27,OK,,,,27.0
05234.png,38,38,38,38,OK,,,,38.0
05235.png,5,5,5,5,OK,,,,5.0
05236.png,4,4,4,4,OK,,,,4.0
05237.png,2,2,2,2,OK,,,,2.0
05238.png,38,38,38,38,OK,,,,38.0
05239.png,18,18,18,18,OK,,,,18.0
05240.png,4,4,4,4,OK,,,,4.0
05241.png,38,38,38,38,OK,,,,38.0
05242.png,38,38,38,38,OK,,,,38.0
05243.png,3,3,3,3,OK,,,,3.0
05244.png,12,12,12,12,OK,,,,12.0
05245.png,1,1,1,1,OK,,,,1.0
05246.png,20,20,20,20,OK,,,,20.0
05247.png,5,5,5,5,OK,,,,5.0
05248.png,40,40,40,40,OK,,,,40.0
05249.png,2,2,2,2,OK,,,,2.0
05250.png,38,38,38,38,OK,,,,38.0
05252.png,1,1,1,1,OK,,,,1.0
05253.png,12,12,12,12,OK,,,,12.0
05254.png,5,5,5,5,OK,,,,5.0
05255.png,3,3,3,3,OK,,,,3.0
05256.png,4,4,4,4,OK,,,,4.0
05257.png,15,15,15,15,OK,,,,15.0
05258.png,13,13,13,13,OK,,,,13.0
05259.png,38,38,38,38,OK,,,,38.0
05260.png,1,1,1,1,OK,,,,1.0
05261.png,38,38,38,38,OK,,,,38.0
05262.png,3,3,3,3,OK,,,,3.0
05263.png,2,2,2,2,OK,,,,2.0
05264.png,10,10,10,10,OK,,,,10.0
05265.png,1,1,1,1,OK,,,,1.0
05266.png,38,38,38,38,OK,,,,38.0
05267.png,13,13,13,13,OK,,,,13.0
05268.png,18,18,18,18,OK,,,,18.0
05269.png,1,1,1,1,OK,,,,1.0
05270.png,5,5,5,5,OK,,,,5.0
05271.png,23,23,23,23,OK,,,,23.0
05272.png,1,1,1,1,OK,,,,1.0
05273.png,4,4,4,4,OK,,,,4.0
05274.png,31,31,31,31,OK,,,,31.0
05275.png,12,12,12,12,OK,,,,12.0
05276.png,12,12,12,12,OK,,,,12.0
05277.png,25,25,25,25,OK,,,,25.0
05278.png,5,5,5,5,OK,,,,5.0
05279.png,4,4,4,4,OK,,,,4.0
05281.png,25,25,25,25,OK,,,,25.0
05282.png,7,7,7,7,OK,,,,7.0
05283.png,38,38,38,38,OK,,,,38.0
05284.png,17,17,17,17,OK,,,,17.0
05285.png,12,12,12,12,OK,,,,12.0
05286.png,10,10,10,10,OK,,,,10.0
05287.png,13,13,13,13,OK,,,,13.0
05288.png,15,15,15,15,OK,,,,15.0
05289.png,23,23,23,23,OK,,,,23.0
05290.png,18,18,18,18,OK,,,,18.0
05291.png,25,25,25,25,OK,,,,25.0
05292.png,34,34,34,34,OK,,,,34.0
05293.png,20,20,20,20,OK,,,,20.0
05294.png,11,11,11,11,OK,,,,11.0
05295.png,20,20,20,20,OK,,,,20.0
05296.png,23,23,23,23,OK,,,,23.0
05297.png,12,12,12,12,OK,,,,12.0
05298.png,26,13,13,13,KO,,,,13.0
05299.png,36,36,36,36,OK,,,,36.0
05300.png,18,18,18,18,OK,,,,18.0
05301.png,11,11,11,11,OK,,,,11.0
05302.png,33,33,33,33,OK,,,,33.0
05303.png,7,7,7,7,OK,,,,7.0
05304.png,17,17,17,17,OK,,,,17.0
05305.png,10,10,10,10,OK,,,,10.0
05306.png,38,38,38,38,OK,,,,38.0
05307.png,2,2,2,2,OK,,,,2.0
05308.png,2,2,2,2,OK,,,,2.0
05309.png,6,6,6,6,OK,,,,6.0
05310.png,13,13,13,13,OK,,,,13.0
05311.png,14,14,14,14,OK,,,,14.0
05312.png,1,1,1,1,OK,,,,1.0
05314.png,35,35,35,35,OK,,,,35.0
05315.png,38,38,38,38,OK,,,,38.0
05316.png,11,11,11,11,OK,,,,11.0
05317.png,35,35,35,35,OK,,,,35.0
05318.png,18,18,18,18,OK,,,,18.0
05319.png,18,18,18,18,OK,,,,18.0
05320.png,15,15,15,15,OK,,,,15.0
05321.png,2,2,2,2,OK,,,,2.0
05322.png,3,3,3,3,OK,,,,3.0
05323.png,13,13,13,13,OK,,,,13.0
05324.png,8,8,8,8,OK,,,,8.0
05325.png,31,31,31,31,OK,,,,31.0
05326.png,4,4,4,4,OK,,,,4.0
05327.png,18,18,18,18,OK,,,,18.0
05328.png,13,13,13,13,OK,,,,13.0
05329.png,25,25,25,25,OK,,,,25.0
05330.png,2,2,2,2,OK,,,,2.0
05331.png,25,25,25,25,OK,,,,25.0
05332.png,25,25,25,25,OK,,,,25.0
05333.png,1,1,1,1,OK,,,,1.0
05334.png,8,8,8,8,OK,,,,8.0
05335.png,31,31,31,31,OK,,,,31.0
05336.png,40,40,40,40,OK,,,,40.0
05337.png,22,22,22,25,KO,,,,22.0
05338.png,31,31,31,31,OK,,,,31.0
05339.png,9,9,9,9,OK,,,,9.0
05340.png,25,25,25,25,OK,,,,25.0
05341.png,25,25,25,25,OK,,,,25.0
05342.png,24,24,24,24,OK,,,,24.0
05343.png,1,1,1,1,OK,,,,1.0
05344.png,4,4,4,4,OK,,,,4.0
05345.png,12,12,12,12,OK,,,,12.0
05346.png,33,33,33,33,OK,,,,33.0
05347.png,5,5,5,5,OK,,,,5.0
05348.png,4,4,4,4,OK,,,,4.0
05350.png,1,1,1,1,OK,,,,1.0
05351.png,9,9,9,9,OK,,,,9.0
05352.png,30,30,30,30,OK,,,,30.0
05353.png,4,4,4,4,OK,,,,4.0
05354.png,33,33,33,33,OK,,,,33.0
05356.png,4,4,4,4,OK,,,,4.0
05357.png,17,17,17,17,OK,,,,17.0
05358.png,4,4,4,4,OK,,,,4.0
05359.png,40,40,40,40,OK,,,,40.0
05360.png,4,4,4,4,OK,,,,4.0
05361.png,5,5,5,5,OK,,,,5.0
05362.png,3,3,3,3,OK,,,,3.0
05364.png,6,6,6,6,OK,,,,6.0
05365.png,34,34,34,34,OK,,,,34.0
05366.png,13,13,13,13,OK,,,,13.0
05367.png,14,14,14,14,OK,,,,14.0
05368.png,1,1,1,1,OK,,,,1.0
05369.png,40,40,40,40,OK,,,,40.0
05370.png,5,5,5,5,OK,,,,5.0
05371.png,3,3,3,3,OK,,,,3.0
05372.png,1,1,1,1,OK,,,,1.0
05373.png,1,1,1,1,OK,,,,1.0
05374.png,9,9,9,9,OK,,,,9.0
05375.png,5,5,5,5,OK,,,,5.0
05376.png,12,12,12,12,OK,,,,12.0
05377.png,15,15,15,15,OK,,,,15.0
05378.png,13,13,13,13,OK,,,,13.0
05379.png,24,24,24,24,OK,,,,24.0
05380.png,15,15,15,15,OK,,,,15.0
05381.png,20,20,20,20,OK,,,,20.0
05382.png,2,2,2,2,OK,,,,2.0
05384.png,9,9,9,9,OK,,,,9.0
05385.png,7,7,7,7,OK,,,,7.0
05386.png,35,35,35,35,OK,,,,35.0
05387.png,10,10,10,10,OK,,,,10.0
05388.png,14,14,14,14,OK,,,,14.0
05389.png,17,17,17,17,OK,,,,17.0
05390.png,15,15,15,15,OK,,,,15.0
05391.png,2,2,2,2,OK,,,,2.0
05392.png,2,2,2,2,OK,,,,2.0
05393.png,18,18,18,18,OK,,,,18.0
05395.png,7,7,7,7,OK,,,,7.0
05396.png,8,8,8,8,OK,,,,8.0
05397.png,35,35,35,35,OK,,,,35.0
05398.png,12,12,12,12,OK,,,,12.0
05399.png,9,9,9,9,OK,,,,9.0
05401.png,13,13,13,13,OK,,,,13.0
05402.png,13,13,13,13,OK,,,,13.0
05404.png,20,20,20,20,OK,,,,20.0
05405.png,21,21,21,21,OK,,,,21.0
05406.png,34,34,34,34,OK,,,,34.0
05407.png,14,14,14,14,OK,,,,14.0
05408.png,12,12,12,12,OK,,,,12.0
05409.png,38,38,38,38,OK,,,,38.0
05410.png,4,4,4,4,OK,,,,4.0
05411.png,18,18,18,18,OK,,,,18.0
05412.png,13,13,13,13,OK,,,,13.0
05413.png,18,18,18,18,OK,,,,18.0
05414.png,4,4,4,4,OK,,,,4.0
05415.png,12,12,12,12,OK,,,,12.0
05416.png,11,11,11,11,OK,,,,11.0
05417.png,12,12,12,12,OK,,,,12.0
05418.png,15,15,15,15,OK,,,,15.0
05419.png,12,12,12,12,OK,,,,12.0
05420.png,37,37,37,37,OK,,,,37.0
05421.png,7,7,7,7,OK,,,,7.0
05422.png,31,31,31,31,OK,,,,31.0
05423.png,15,15,15,15,OK,,,,15.0
05424.png,14,14,14,14,OK,,,,14.0
05425.png,9,9,9,9,OK,,,,9.0
05426.png,36,36,36,36,OK,,,,36.0
05427.png,38,38,38,38,OK,,,,38.0
05428.png,5,5,5,5,OK,,,,5.0
05429.png,13,13,13,13,OK,,,,13.0
05430.png,31,31,31,31,OK,,,,31.0
05431.png,12,12,12,12,OK,,,,12.0
05432.png,8,8,8,8,OK,,,,8.0
05433.png,11,11,11,11,OK,,,,11.0
05434.png,4,4,4,4,OK,,,,4.0
05435.png,11,11,11,11,OK,,,,11.0
05436.png,38,38,38,38,OK,,,,38.0
05437.png,10,10,10,10,OK,,,,10.0
05438.png,38,38,38,38,OK,,,,38.0
05439.png,1,1,1,1,OK,,,,1.0
05440.png,12,12,12,12,OK,,,,12.0
05441.png,6,6,6,6,OK,,,,6.0
05442.png,4,4,4,4,OK,,,,4.0
05443.png,11,11,11,11,OK,,,,11.0
05445.png,20,20,20,20,OK,,,,20.0
05446.png,9,9,9,9,OK,,,,9.0
05447.png,10,10,10,10,OK,,,,10.0
05448.png,15,15,15,15,OK,,,,15.0
05449.png,10,10,10,10,OK,,,,10.0
05450.png,35,35,35,35,OK,,,,35.0
05451.png,15,15,15,15,OK,,,,15.0
05452.png,38,38,38,38,OK,,,,38.0
05453.png,8,8,8,8,OK,,,,8.0
05454.png,5,5,5,5,OK,,,,5.0
05456.png,11,11,11,11,OK,,,,11.0
05457.png,13,13,13,13,OK,,,,13.0
05458.png,12,12,12,12,OK,,,,12.0
05460.png,8,8,8,8,OK,,,,8.0
05461.png,3,3,3,3,OK,,,,3.0
05462.png,4,4,4,4,OK,,,,4.0
05463.png,13,13,13,13,OK,,,,13.0
05465.png,34,34,34,34,OK,,,,34.0
05466.png,36,36,36,36,OK,,,,36.0
05467.png,10,10,10,10,OK,,,,10.0
05468.png,2,2,2,2,OK,,,,2.0
05469.png,8,8,8,8,OK,,,,8.0
05470.png,22,22,22,22,OK,,,,22.0
05471.png,11,11,11,11,OK,,,,11.0
05472.png,25,25,25,25,OK,,,,25.0
05473.png,2,2,2,2,OK,,,,2.0
05474.png,38,38,38,38,OK,,,,38.0
05475.png,4,4,4,4,OK,,,,4.0
05476.png,11,11,11,11,OK,,,,11.0
05477.png,13,13,13,13,OK,,,,13.0
05478.png,21,21,21,21,OK,,,,21.0
05479.png,15,15,15,15,OK,,,,15.0
05480.png,10,10,10,10,OK,,,,10.0
05481.png,5,5,5,5,OK,,,,5.0
05482.png,15,15,15,15,OK,,,,15.0
05483.png,7,7,7,7,OK,,,,7.0
05484.png,38,38,38,38,OK,,,,38.0
05485.png,5,5,5,5,OK,,,,5.0
05486.png,10,10,10,10,OK,,,,10.0
05487.png,12,12,12,12,OK,,,,12.0
05488.png,10,10,10,10,OK,,,,10.0
05489.png,35,35,35,35,OK,,,,35.0
05490.png,40,40,40,40,OK,,,,40.0
05491.png,3,3,3,3,OK,,,,3.0
05492.png,8,8,8,8,OK,,,,8.0
05493.png,38,38,38,38,OK,,,,38.0
05494.png,2,2,2,2,OK,,,,2.0
05495.png,38,38,38,38,OK,,,,38.0
05497.png,31,31,31,31,OK,,,,31.0
05499.png,33,33,33,33,OK,,,,33.0
05500.png,17,17,17,17,OK,,,,17.0
05501.png,10,10,10,10,OK,,,,10.0
05502.png,2,2,2,2,OK,,,,2.0
05504.png,11,11,11,11,OK,,,,11.0
05505.png,38,38,38,38,OK,,,,38.0
05506.png,38,38,38,38,OK,,,,38.0
05507.png,25,25,25,25,OK,,,,25.0
05508.png,13,13,13,13,OK,,,,13.0
05510.png,38,38,38,38,OK,,,,38.0
05511.png,7,7,7,7,OK,,,,7.0
05512.png,13,13,13,13,OK,,,,13.0
05513.png,4,4,4,4,OK,,,,4.0
05514.png,38,38,38,38,OK,,,,38.0
05515.png,19,19,19,19,OK,,,,19.0
05516.png,35,35,35,35,OK,,,,35.0
05517.png,17,17,17,17,OK,,,,17.0
05518.png,27,27,27,25,KO,,,,27.0
05521.png,6,41,6,6,KO,,,,6.0
05522.png,38,38,38,38,OK,,,,38.0
05523.png,31,31,31,31,OK,,,,31.0
05524.png,31,31,31,31,OK,,,,31.0
05525.png,2,2,2,2,OK,,,,2.0
05526.png,11,11,11,11,OK,,,,11.0
05527.png,32,32,32,32,OK,,,,32.0
05528.png,37,37,37,37,OK,,,,37.0
05529.png,26,12,12,12,KO,,,,12.0
05530.png,9,9,9,9,OK,,,,9.0
05531.png,7,7,7,7,OK,,,,7.0
05532.png,17,17,17,17,OK,,,,17.0
05533.png,38,38,38,38,OK,,,,38.0
05534.png,7,7,7,7,OK,,,,7.0
05535.png,14,14,14,14,OK,,,,14.0
05536.png,2,2,2,2,OK,,,,2.0
05537.png,1,1,1,1,OK,,,,1.0
05538.png,11,11,11,11,OK,,,,11.0
05539.png,1,1,1,1,OK,,,,1.0
05540.png,29,29,29,29,OK,,,,29.0
05541.png,11,11,11,11,OK,,,,11.0
05542.png,5,5,5,5,OK,,,,5.0
05543.png,14,14,14,14,OK,,,,14.0
05544.png,9,9,9,9,OK,,,,9.0
05545.png,38,38,38,38,OK,,,,38.0
05546.png,10,10,10,10,OK,,,,10.0
05547.png,25,25,25,25,OK,,,,25.0
05549.png,17,17,17,17,OK,,,,17.0
05550.png,10,10,10,10,OK,,,,10.0
05551.png,1,1,1,1,OK,,,,1.0
05552.png,13,13,13,13,OK,,,,13.0
05553.png,9,9,9,9,OK,,,,9.0
05554.png,11,11,11,11,OK,,,,11.0
05555.png,39,39,39,39,OK,,,,39.0
05556.png,18,18,18,18,OK,,,,18.0
05557.png,25,25,25,25,OK,,,,25.0
05558.png,33,33,33,33,OK,,,,33.0
05559.png,13,13,13,13,OK,,,,13.0
05560.png,7,7,7,7,OK,,,,7.0
05561.png,12,12,12,12,OK,,,,12.0
05563.png,10,10,10,10,OK,,,,10.0
05564.png,8,8,8,8,OK,,,,8.0
05565.png,5,8,8,8,KO,,,,8.0
05566.png,38,38,38,38,OK,,,,38.0
05567.png,12,12,12,12,OK,,,,12.0
05568.png,32,32,32,32,OK,,,,32.0
05569.png,8,8,8,8,OK,,,,8.0
05570.png,13,13,13,13,OK,,,,13.0
05571.png,38,38,38,38,OK,,,,38.0
05572.png,7,7,7,7,OK,,,,7.0
05573.png,7,7,7,7,OK,,,,7.0
05574.png,18,18,18,18,OK,,,,18.0
05575.png,15,15,15,15,OK,,,,15.0
05576.png,4,4,4,4,OK,,,,4.0
05577.png,18,18,18,18,OK,,,,18.0
05578.png,33,33,33,33,OK,,,,33.0
05579.png,2,2,2,2,OK,,,,2.0
05580.png,1,1,1,1,OK,,,,1.0
05581.png,2,2,2,2,OK,,,,2.0
05582.png,11,11,11,11,OK,,,,11.0
05583.png,1,1,1,1,OK,,,,1.0
05584.png,17,17,17,17,OK,,,,17.0
05585.png,1,1,1,1,OK,,,,1.0
05586.png,1,1,1,1,OK,,,,1.0
05587.png,12,12,12,12,OK,,,,12.0
05588.png,10,10,10,10,OK,,,,10.0
05589.png,10,10,10,10,OK,,,,10.0
05590.png,13,13,13,13,OK,,,,13.0
05591.png,4,4,4,4,OK,,,,4.0
05592.png,2,2,2,2,OK,,,,2.0
05593.png,36,36,36,36,OK,,,,36.0
05594.png,8,8,8,8,OK,,,,8.0
05595.png,12,12,12,12,OK,,,,12.0
05596.png,7,7,7,7,OK,,,,7.0
05597.png,11,11,11,11,OK,,,,11.0
05598.png,5,5,5,5,OK,,,,5.0
05599.png,15,15,15,15,OK,,,,15.0
05601.png,40,40,40,40,OK,,,,40.0
05602.png,1,1,1,1,OK,,,,1.0
05603.png,7,7,7,7,OK,,,,7.0
05604.png,4,4,4,4,OK,,,,4.0
05605.png,17,17,17,17,OK,,,,17.0
05606.png,9,9,9,9,OK,,,,9.0
05607.png,17,17,17,17,OK,,,,17.0
05608.png,40,40,40,40,OK,,,,40.0
05609.png,7,7,7,7,OK,,,,7.0
05610.png,31,31,31,31,OK,,,,31.0
05611.png,10,10,10,10,OK,,,,10.0
05612.png,18,18,18,18,OK,,,,18.0
05613.png,13,13,13,13,OK,,,,13.0
05614.png,25,25,25,25,OK,,,,25.0
05615.png,17,17,17,17,OK,,,,17.0
05616.png,9,9,9,9,OK,,,,9.0
05617.png,38,38,38,38,OK,,,,38.0
05618.png,7,7,7,7,OK,,,,7.0
05619.png,3,3,3,3,OK,,,,3.0
05620.png,29,29,29,29,OK,,,,29.0
05621.png,12,12,12,12,OK,,,,12.0
05622.png,8,8,8,8,OK,,,,8.0
05623.png,10,10,10,10,OK,,,,10.0
05624.png,25,25,25,25,OK,,,,25.0
05625.png,10,10,10,10,OK,,,,10.0
05626.png,5,5,5,5,OK,,,,5.0
05627.png,3,3,3,3,OK,,,,3.0
05628.png,37,37,37,37,OK,,,,37.0
05630.png,7,7,7,7,OK,,,,7.0
05631.png,3,3,3,3,OK,,,,3.0
05632.png,14,14,14,14,OK,,,,14.0
05633.png,35,35,35,35,OK,,,,35.0
05634.png,13,13,13,13,OK,,,,13.0
05635.png,17,17,17,17,OK,,,,17.0
05636.png,15,15,15,15,OK,,,,15.0
05637.png,21,21,21,21,OK,,,,21.0
05638.png,13,13,13,13,OK,,,,13.0
05639.png,38,38,38,38,OK,,,,38.0
05640.png,3,3,3,3,OK,,,,3.0
05641.png,3,3,5,3,KO,,,,3.0
05642.png,11,11,11,11,OK,,,,11.0
05643.png,18,18,18,18,OK,,,,18.0
05644.png,20,20,20,20,OK,,,,20.0
05645.png,5,5,5,5,OK,,,,5.0
05646.png,8,8,8,8,OK,,,,8.0
05647.png,18,18,18,18,OK,,,,18.0
05648.png,5,5,5,5,OK,,,,5.0
05649.png,7,7,7,7,OK,,,,7.0
05650.png,12,12,12,12,OK,,,,12.0
05651.png,5,5,5,5,OK,,,,5.0
05652.png,38,38,38,38,OK,,,,38.0
05653.png,14,14,14,14,OK,,,,14.0
05654.png,2,2,2,2,OK,,,,2.0
05655.png,4,4,4,4,OK,,,,4.0
05656.png,17,17,17,17,OK,,,,17.0
05657.png,2,2,2,2,OK,,,,2.0
05658.png,37,37,37,37,OK,,,,37.0
05659.png,40,40,40,40,OK,,,,40.0
05660.png,31,31,31,31,OK,,,,31.0
05661.png,7,7,7,7,OK,,,,7.0
05662.png,18,18,18,18,OK,,,,18.0
05663.png,13,13,13,13,OK,,,,13.0
05665.png,13,13,13,13,OK,,,,13.0
05666.png,7,7,7,7,OK,,,,7.0
05667.png,27,27,27,27,OK,,,,27.0
05668.png,5,5,5,5,OK,,,,5.0
05669.png,7,7,7,7,OK,,,,7.0
05670.png,31,31,31,31,OK,,,,31.0
05671.png,2,2,2,2,OK,,,,2.0
05672.png,4,4,4,4,OK,,,,4.0
05673.png,8,8,8,8,OK,,,,8.0
05674.png,11,11,11,11,OK,,,,11.0
05675.png,8,8,8,8,OK,,,,8.0
05676.png,25,25,25,25,OK,,,,25.0
05677.png,9,9,9,9,OK,,,,9.0
05678.png,14,14,14,14,OK,,,,14.0
05679.png,12,12,12,12,OK,,,,12.0
05680.png,10,10,10,10,OK,,,,10.0
05682.png,17,17,17,17,OK,,,,17.0
05683.png,38,38,38,38,OK,,,,38.0
05684.png,25,25,25,25,OK,,,,25.0
05686.png,5,5,5,5,OK,,,,5.0
05687.png,1,1,1,1,OK,,,,1.0
05688.png,35,35,35,35,OK,,,,35.0
05689.png,2,2,2,2,OK,,,,2.0
05690.png,2,2,2,2,OK,,,,2.0
05691.png,11,11,11,11,OK,,,,11.0
05692.png,12,12,12,12,OK,,,,12.0
05693.png,27,27,27,27,OK,,,,27.0
05694.png,17,17,17,17,OK,,,,17.0
05695.png,12,12,12,12,OK,,,,12.0
05696.png,33,33,33,33,OK,,,,33.0
05697.png,38,38,38,38,OK,,,,38.0
05698.png,2,2,2,2,OK,,,,2.0
05699.png,4,4,4,4,OK,,,,4.0
05700.png,8,8,8,8,OK,,,,8.0
05702.png,12,12,12,12,OK,,,,12.0
05703.png,29,29,29,29,OK,,,,29.0
05704.png,1,1,1,1,OK,,,,1.0
05705.png,41,41,41,41,OK,,,,41.0
05706.png,17,17,17,17,OK,,,,17.0
05707.png,38,38,38,38,OK,,,,38.0
05708.png,35,35,35,35,OK,,,,35.0
05709.png,9,9,9,9,OK,,,,9.0
05710.png,2,2,2,2,OK,,,,2.0
05711.png,2,2,2,2,OK,,,,2.0
05712.png,20,20,20,20,OK,,,,20.0
05713.png,12,12,12,12,OK,,,,12.0
05714.png,5,5,5,5,OK,,,,5.0
05715.png,2,2,2,2,OK,,,,2.0
05716.png,25,25,25,25,OK,,,,25.0
05717.png,2,2,2,2,OK,,,,2.0
05718.png,33,33,33,33,OK,,,,33.0
05719.png,7,7,7,7,OK,,,,7.0
05720.png,35,35,35,35,OK,,,,35.0
05721.png,4,4,4,4,OK,,,,4.0
05722.png,35,35,35,35,OK,,,,35.0
05723.png,12,12,12,12,OK,,,,12.0
05725.png,7,7,7,7,OK,,,,7.0
05726.png,10,10,10,10,OK,,,,10.0
05727.png,42,42,42,42,OK,,,,42.0
05728.png,13,13,13,13,OK,,,,13.0
05729.png,5,5,5,5,OK,,,,5.0
05730.png,31,31,31,31,OK,,,,31.0
05731.png,3,3,3,3,OK,,,,3.0
05732.png,38,38,38,38,OK,,,,38.0
05733.png,1,1,1,1,OK,,,,1.0
05735.png,11,11,11,11,OK,,,,11.0
05737.png,4,4,4,4,OK,,,,4.0
05738.png,10,10,10,10,OK,,,,10.0
05739.png,4,4,4,4,OK,,,,4.0
05740.png,5,5,5,5,OK,,,,5.0
05741.png,8,8,8,8,OK,,,,8.0
05742.png,24,24,24,24,OK,,,,24.0
05743.png,31,31,31,31,OK,,,,31.0
05744.png,3,3,3,3,OK,,,,3.0
05745.png,4,4,4,4,OK,,,,4.0
05746.png,12,12,12,12,OK,,,,12.0
05747.png,21,21,21,21,OK,,,,21.0
05748.png,29,29,29,29,OK,,,,29.0
05750.png,4,4,4,4,OK,,,,4.0
05751.png,1,1,1,1,OK,,,,1.0
05753.png,5,5,5,5,OK,,,,5.0
05754.png,10,10,10,10,OK,,,,10.0
05755.png,4,4,4,4,OK,,,,4.0
05756.png,9,9,9,9,OK,,,,9.0
05757.png,7,7,7,7,OK,,,,7.0
05758.png,25,25,25,25,OK,,,,25.0
05759.png,4,4,4,4,OK,,,,4.0
05760.png,21,21,21,21,OK,,,,21.0
05761.png,5,5,5,5,OK,,,,5.0
05762.png,12,12,12,12,OK,,,,12.0
05763.png,4,4,4,4,OK,,,,4.0
05764.png,3,3,3,3,OK,,,,3.0
05765.png,2,2,2,2,OK,,,,2.0
05766.png,39,39,39,39,OK,,,,39.0
05767.png,38,38,38,38,OK,,,,38.0
05768.png,33,33,33,33,OK,,,,33.0
05769.png,33,33,33,33,OK,,,,33.0
05770.png,1,1,1,1,OK,,,,1.0
05771.png,37,37,37,37,OK,,,,37.0
05772.png,36,36,36,36,OK,,,,36.0
05773.png,5,5,5,5,OK,,,,5.0
05774.png,24,24,24,24,OK,,,,24.0
05775.png,13,13,13,13,OK,,,,13.0
05776.png,7,7,7,7,OK,,,,7.0
05777.png,10,10,10,10,OK,,,,10.0
05778.png,19,19,19,19,OK,,,,19.0
05781.png,18,18,18,18,OK,,,,18.0
05782.png,12,12,12,12,OK,,,,12.0
05783.png,14,14,14,14,OK,,,,14.0
05784.png,38,38,38,38,OK,,,,38.0
05785.png,5,5,5,5,OK,,,,5.0
05786.png,42,42,42,42,OK,,,,42.0
05787.png,13,13,13,13,OK,,,,13.0
05788.png,5,5,5,5,OK,,,,5.0
05789.png,3,3,3,3,OK,,,,3.0
05790.png,10,10,10,10,OK,,,,10.0
05791.png,37,37,37,37,OK,,,,37.0
05792.png,5,5,5,5,OK,,,,5.0
05793.png,31,31,31,31,OK,,,,31.0
05795.png,9,9,9,9,OK,,,,9.0
05796.png,3,3,3,3,OK,,,,3.0
05797.png,24,24,24,24,OK,,,,24.0
05798.png,13,13,13,13,OK,,,,13.0
05800.png,10,10,10,10,OK,,,,10.0
05801.png,33,33,33,33,OK,,,,33.0
05803.png,4,4,4,4,OK,,,,4.0
05804.png,12,12,12,12,OK,,,,12.0
05805.png,37,37,37,37,OK,,,,37.0
05807.png,25,25,25,25,OK,,,,25.0
05808.png,11,11,11,11,OK,,,,11.0
05809.png,38,38,38,38,OK,,,,38.0
05810.png,38,38,38,38,OK,,,,38.0
05811.png,5,5,5,5,OK,,,,5.0
05812.png,13,13,13,13,OK,,,,13.0
05813.png,1,1,1,1,OK,,,,1.0
05814.png,10,10,10,10,OK,,,,10.0
05815.png,10,10,10,10,OK,,,,10.0
05816.png,31,31,31,31,OK,,,,31.0
05817.png,31,31,31,31,OK,,,,31.0
05818.png,4,4,4,4,OK,,,,4.0
05819.png,37,37,37,37,OK,,,,37.0
05820.png,3,3,3,3,OK,,,,3.0
05821.png,12,12,12,12,OK,,,,12.0
05822.png,1,1,1,1,OK,,,,1.0
05823.png,7,7,7,7,OK,,,,7.0
05825.png,12,12,12,12,OK,,,,12.0
05826.png,14,14,14,14,OK,,,,14.0
05827.png,35,35,35,35,OK,,,,35.0
05828.png,11,11,11,11,OK,,,,11.0
05829.png,11,11,11,11,OK,,,,11.0
05830.png,1,1,1,1,OK,,,,1.0
05831.png,8,8,8,8,OK,,,,8.0
05832.png,38,38,38,38,OK,,,,38.0
05833.png,7,7,7,7,OK,,,,7.0
05835.png,10,10,10,10,OK,,,,10.0
05836.png,12,12,12,12,OK,,,,12.0
05837.png,2,2,2,2,OK,,,,2.0
05838.png,11,11,11,11,OK,,,,11.0
05840.png,9,9,9,9,OK,,,,9.0
05841.png,11,11,11,11,OK,,,,11.0
05842.png,3,3,3,3,OK,,,,3.0
05843.png,1,1,1,1,OK,,,,1.0
05844.png,18,18,18,18,OK,,,,18.0
05845.png,3,3,3,3,OK,,,,3.0
05846.png,18,18,18,18,OK,,,,18.0
05847.png,2,2,2,2,OK,,,,2.0
05848.png,9,9,9,9,OK,,,,9.0
05849.png,4,4,4,4,OK,,,,4.0
05850.png,31,31,31,31,OK,,,,31.0
05852.png,35,35,35,35,OK,,,,35.0
05853.png,2,2,2,2,OK,,,,2.0
05855.png,10,10,10,10,OK,,,,10.0
05856.png,8,8,8,8,OK,,,,8.0
05857.png,38,38,38,38,OK,,,,38.0
05858.png,5,5,5,5,OK,,,,5.0
05859.png,5,5,5,5,OK,,,,5.0
05860.png,10,10,10,10,OK,,,,10.0
05861.png,9,9,9,9,OK,,,,9.0
05862.png,12,12,12,12,OK,,,,12.0
05863.png,38,38,38,38,OK,,,,38.0
05864.png,3,3,3,3,OK,,,,3.0
05865.png,3,3,3,3,OK,,,,3.0
05867.png,13,13,13,13,OK,,,,13.0
05868.png,9,9,9,9,OK,,,,9.0
05869.png,12,12,12,12,OK,,,,12.0
05871.png,18,18,18,18,OK,,,,18.0
05872.png,12,12,12,12,OK,,,,12.0
05873.png,22,22,22,22,OK,,,,22.0
05874.png,4,4,4,4,OK,,,,4.0
05875.png,35,35,35,35,OK,,,,35.0
05876.png,4,4,4,4,OK,,,,4.0
05877.png,5,5,5,5,OK,,,,5.0
05878.png,18,18,18,18,OK,,,,18.0
05879.png,38,38,38,38,OK,,,,38.0
05880.png,14,14,14,14,OK,,,,14.0
05881.png,38,38,38,38,OK,,,,38.0
05882.png,38,38,38,38,OK,,,,38.0
05884.png,11,11,11,11,OK,,,,11.0
05885.png,13,13,13,13,OK,,,,13.0
05886.png,35,35,35,35,OK,,,,35.0
05887.png,13,13,13,13,OK,,,,13.0
05888.png,5,5,5,5,OK,,,,5.0
05889.png,38,38,38,38,OK,,,,38.0
05890.png,5,5,5,5,OK,,,,5.0
05891.png,7,7,7,7,OK,,,,7.0
05892.png,20,23,39,13,KO,,,,40.0
05893.png,18,18,18,18,OK,,,,18.0
05894.png,11,11,11,11,OK,,,,11.0
05895.png,27,27,27,27,OK,,,,27.0
05896.png,1,1,1,1,OK,,,,1.0
05897.png,13,13,13,13,OK,,,,13.0
05898.png,10,10,10,10,OK,,,,10.0
05899.png,14,14,14,14,OK,,,,14.0
05901.png,4,4,4,4,OK,,,,4.0
05902.png,1,1,1,1,OK,,,,1.0
05903.png,11,11,11,11,OK,,,,11.0
05904.png,4,4,4,4,OK,,,,4.0
05905.png,10,10,10,10,OK,,,,10.0
05906.png,4,4,4,4,OK,,,,4.0
05907.png,38,38,38,38,OK,,,,38.0
05908.png,4,4,4,4,OK,,,,4.0
05909.png,2,2,2,2,OK,,,,2.0
05910.png,2,2,2,2,OK,,,,2.0
05911.png,10,10,10,10,OK,,,,10.0
05912.png,5,5,5,5,OK,,,,5.0
05913.png,33,33,33,33,OK,,,,33.0
05914.png,1,1,1,1,OK,,,,1.0
05915.png,18,18,18,18,OK,,,,18.0
05916.png,7,7,7,7,OK,,,,7.0
05917.png,15,15,15,15,OK,,,,15.0
05918.png,15,15,15,15,OK,,,,15.0
05919.png,9,9,9,9,OK,,,,9.0
05920.png,4,4,4,4,OK,,,,4.0
05921.png,35,35,35,35,OK,,,,35.0
05922.png,31,31,31,31,OK,,,,31.0
05923.png,13,13,13,13,OK,,,,13.0
05925.png,12,12,12,12,OK,,,,12.0
05926.png,5,5,5,5,OK,,,,5.0
05927.png,29,29,29,29,OK,,,,29.0
05928.png,2,2,2,2,OK,,,,2.0
05929.png,3,3,3,3,OK,,,,3.0
05930.png,35,35,35,35,OK,,,,35.0
05931.png,17,17,17,17,OK,,,,17.0
05932.png,7,7,7,7,OK,,,,7.0
05933.png,2,2,2,2,OK,,,,2.0
05934.png,12,12,12,12,OK,,,,12.0
05935.png,35,35,35,35,OK,,,,35.0
05936.png,8,8,8,8,OK,,,,8.0
05937.png,10,10,10,10,OK,,,,10.0
05938.png,38,38,38,38,OK,,,,38.0
05939.png,35,35,35,35,OK,,,,35.0
05940.png,1,1,1,1,OK,,,,1.0
05941.png,35,35,35,35,OK,,,,35.0
05942.png,7,7,7,7,OK,,,,7.0
05943.png,2,2,2,2,OK,,,,2.0
05944.png,25,25,25,25,OK,,,,25.0
05945.png,0,0,0,0,OK,,,,0.0
05946.png,2,2,2,2,OK,,,,2.0
05947.png,1,1,1,1,OK,,,,1.0
05948.png,4,4,4,4,OK,,,,4.0
05949.png,36,36,36,36,OK,,,,36.0
05950.png,29,29,29,29,OK,,,,29.0
05951.png,8,8,8,8,OK,,,,8.0
05952.png,7,7,7,7,OK,,,,7.0
05953.png,35,35,35,35,OK,,,,35.0
05954.png,10,10,10,10,OK,,,,10.0
05955.png,1,1,1,1,OK,,,,1.0
05956.png,13,13,13,13,OK,,,,13.0
05957.png,4,4,4,4,OK,,,,4.0
05958.png,10,10,10,10,OK,,,,10.0
05959.png,5,5,5,5,OK,,,,5.0
05960.png,12,12,12,12,OK,,,,12.0
05961.png,7,7,7,7,OK,,,,7.0
05963.png,3,3,3,3,OK,,,,3.0
05964.png,1,1,1,1,OK,,,,1.0
05965.png,1,1,1,1,OK,,,,1.0
05966.png,41,41,41,41,OK,,,,41.0
05967.png,19,19,19,19,OK,,,,19.0
05968.png,8,8,8,8,OK,,,,8.0
05969.png,13,13,13,13,OK,,,,13.0
05970.png,10,10,10,10,OK,,,,10.0
05971.png,1,1,1,1,OK,,,,1.0
05972.png,38,38,38,15,KO,,,,38.0
05973.png,13,13,13,13,OK,,,,13.0
05974.png,11,11,11,11,OK,,,,11.0
05975.png,2,2,2,2,OK,,,,2.0
05976.png,2,2,2,2,OK,,,,2.0
05977.png,7,7,7,7,OK,,,,7.0
05978.png,10,10,10,10,OK,,,,10.0
05979.png,14,14,14,14,OK,,,,14.0
05980.png,10,10,10,10,OK,,,,10.0
05981.png,39,39,39,39,OK,,,,39.0
05982.png,9,9,9,9,OK,,,,9.0
05983.png,25,25,25,25,OK,,,,25.0
05984.png,3,3,3,3,OK,,,,3.0
05986.png,17,17,17,17,OK,,,,17.0
05987.png,13,13,13,13,OK,,,,13.0
05988.png,2,2,2,2,OK,,,,2.0
05989.png,3,3,3,3,OK,,,,3.0
05990.png,17,17,17,17,OK,,,,17.0
05991.png,2,2,2,2,OK,,,,2.0
05992.png,40,40,40,40,OK,,,,40.0
05993.png,1,1,1,1,OK,,,,1.0
05994.png,10,10,10,10,OK,,,,10.0
05995.png,5,5,5,5,OK,,,,5.0
05996.png,32,32,32,32,OK,,,,32.0
05997.png,8,8,8,8,OK,,,,8.0
05998.png,12,12,12,12,OK,,,,12.0
05999.png,42,42,42,42,OK,,,,42.0
06000.png,1,1,1,1,OK,,,,1.0
06001.png,35,35,35,35,OK,,,,35.0
06002.png,0,0,0,0,OK,,,,0.0
06003.png,1,1,1,1,OK,,,,1.0
06005.png,1,1,1,1,OK,,,,1.0
06006.png,2,2,2,2,OK,,,,2.0
06007.png,29,29,29,29,OK,,,,29.0
06008.png,13,13,13,13,OK,,,,13.0
06009.png,3,3,3,3,OK,,,,3.0
06010.png,36,36,36,36,OK,,,,36.0
06011.png,15,15,15,15,OK,,,,15.0
06012.png,4,4,4,4,OK,,,,4.0
06014.png,5,5,5,5,OK,,,,5.0
06015.png,5,5,5,5,OK,,,,5.0
06016.png,8,8,8,8,OK,,,,8.0
06017.png,8,8,8,8,OK,,,,8.0
06018.png,5,5,5,5,OK,,,,5.0
06019.png,4,4,4,4,OK,,,,4.0
06020.png,2,2,2,2,OK,,,,2.0
06021.png,10,10,10,10,OK,,,,10.0
06022.png,25,25,25,25,OK,,,,25.0
06023.png,4,4,4,4,OK,,,,4.0
06024.png,25,25,25,25,OK,,,,25.0
06025.png,32,32,32,32,OK,,,,32.0
06026.png,13,13,13,13,OK,,,,13.0
06029.png,25,25,25,25,OK,,,,25.0
06030.png,15,15,15,15,OK,,,,15.0
06031.png,25,25,25,25,OK,,,,25.0
06032.png,18,18,18,18,OK,,,,18.0
06034.png,9,9,9,9,OK,,,,9.0
06035.png,7,7,7,7,OK,,,,7.0
06036.png,1,1,1,1,OK,,,,1.0
06037.png,13,13,13,13,OK,,,,13.0
06038.png,27,27,27,27,OK,,,,27.0
06039.png,1,1,1,1,OK,,,,1.0
06040.png,4,4,4,4,OK,,,,4.0
06042.png,25,25,25,25,OK,,,,25.0
06043.png,35,35,35,35,OK,,,,35.0
06044.png,10,10,10,10,OK,,,,10.0
06045.png,4,4,4,4,OK,,,,4.0
06046.png,7,7,7,7,OK,,,,7.0
06047.png,10,10,10,10,OK,,,,10.0
06048.png,12,12,12,12,OK,,,,12.0
06049.png,12,12,12,12,OK,,,,12.0
06050.png,18,18,18,18,OK,,,,18.0
06052.png,12,12,12,12,OK,,,,12.0
06053.png,25,25,25,25,OK,,,,25.0
06054.png,11,11,11,11,OK,,,,11.0
06055.png,35,35,35,35,OK,,,,35.0
06056.png,12,12,12,12,OK,,,,12.0
06057.png,35,35,35,35,OK,,,,35.0
06058.png,4,4,4,4,OK,,,,4.0
06059.png,10,10,10,10,OK,,,,10.0
06060.png,2,2,2,2,OK,,,,2.0
06061.png,7,7,7,7,OK,,,,7.0
06062.png,40,40,40,40,OK,,,,40.0
06063.png,11,11,11,11,OK,,,,11.0
06064.png,38,38,38,38,OK,,,,38.0
06065.png,13,13,13,13,OK,,,,13.0
06066.png,12,12,12,12,OK,,,,12.0
06067.png,13,13,13,13,OK,,,,13.0
06068.png,36,36,36,36,OK,,,,36.0
06069.png,5,5,5,5,OK,,,,5.0
06070.png,35,35,35,35,OK,,,,35.0
06071.png,15,15,15,15,OK,,,,15.0
06072.png,11,11,11,11,OK,,,,11.0
06073.png,13,13,13,13,OK,,,,13.0
06074.png,13,13,13,13,OK,,,,13.0
06075.png,36,36,36,36,OK,,,,36.0
06076.png,5,5,5,5,OK,,,,5.0
06077.png,33,33,33,33,OK,,,,33.0
06078.png,8,8,8,8,OK,,,,8.0
06080.png,13,13,13,13,OK,,,,13.0
06081.png,1,1,1,1,OK,,,,1.0
06082.png,3,3,3,3,OK,,,,3.0
06083.png,38,38,38,38,OK,,,,38.0
06084.png,17,17,17,17,OK,,,,17.0
06086.png,5,5,5,5,OK,,,,5.0
06087.png,25,25,25,25,OK,,,,25.0
06088.png,5,5,5,5,OK,,,,5.0
06089.png,10,10,10,10,OK,,,,10.0
06091.png,10,10,10,10,OK,,,,10.0
06092.png,7,7,7,7,OK,,,,7.0
06093.png,2,2,2,2,OK,,,,2.0
06094.png,12,12,12,12,OK,,,,12.0
06095.png,5,5,5,5,OK,,,,5.0
06096.png,3,3,3,3,OK,,,,3.0
06097.png,2,2,2,2,OK,,,,2.0
06099.png,20,20,20,20,OK,,,,20.0
06100.png,9,9,9,9,OK,,,,9.0
06101.png,4,4,4,4,OK,,,,4.0
06102.png,22,22,22,22,OK,,,,22.0
06103.png,9,9,9,9,OK,,,,9.0
06104.png,4,4,4,4,OK,,,,4.0
06105.png,38,38,38,38,OK,,,,38.0
06106.png,5,5,5,5,OK,,,,5.0
06107.png,9,9,9,9,OK,,,,9.0
06108.png,27,27,27,27,OK,,,,27.0
06109.png,8,8,8,8,OK,,,,8.0
06110.png,8,8,8,8,OK,,,,8.0
06111.png,41,41,41,41,OK,,,,41.0
06112.png,12,12,12,12,OK,,,,12.0
06113.png,11,11,11,11,OK,,,,11.0
06114.png,3,3,3,3,OK,,,,3.0
06115.png,5,5,5,5,OK,,,,5.0
06116.png,0,0,0,0,OK,,,,0.0
06117.png,25,25,25,25,OK,,,,25.0
06118.png,5,5,5,5,OK,,,,5.0
06119.png,36,36,36,36,OK,,,,36.0
06120.png,2,2,2,2,OK,,,,2.0
06121.png,13,13,13,13,OK,,,,13.0
06123.png,17,17,17,17,OK,,,,17.0
06124.png,3,3,3,3,OK,,,,3.0
06125.png,13,13,13,13,OK,,,,13.0
06126.png,2,2,2,2,OK,,,,2.0
06129.png,19,38,38,13,KO,,,,38.0
06130.png,5,5,5,5,OK,,,,5.0
06131.png,1,1,1,1,OK,,,,1.0
06132.png,15,15,15,15,OK,,,,15.0
06133.png,17,17,17,17,OK,,,,17.0
06134.png,15,15,15,15,OK,,,,15.0
06135.png,2,2,2,2,OK,,,,2.0
06136.png,42,42,42,42,OK,,,,42.0
06137.png,2,2,2,2,OK,,,,2.0
06138.png,9,17,17,17,KO,,,,17.0
06140.png,25,25,25,25,OK,,,,25.0
06142.png,38,38,38,38,OK,,,,38.0
06143.png,11,11,11,11,OK,,,,11.0
06144.png,12,12,12,12,OK,,,,12.0
06147.png,25,25,25,25,OK,,,,25.0
06148.png,12,12,12,12,OK,,,,12.0
06149.png,18,18,18,18,OK,,,,18.0
06150.png,3,3,3,3,OK,,,,3.0
06151.png,13,13,13,13,OK,,,,13.0
06152.png,1,1,1,1,OK,,,,1.0
06153.png,13,13,13,13,OK,,,,13.0
06154.png,17,17,17,17,OK,,,,17.0
06155.png,11,25,25,11,KO,,,,25.0
06156.png,18,18,18,18,OK,,,,18.0
06158.png,10,10,10,10,OK,,,,10.0
06159.png,18,18,18,18,OK,,,,18.0
06160.png,10,10,10,10,OK,,,,10.0
06162.png,8,8,8,8,OK,,,,8.0
06163.png,2,2,2,2,OK,,,,2.0
06164.png,13,13,13,13,OK,,,,13.0
06165.png,36,36,36,36,OK,,,,36.0
06166.png,36,36,36,36,OK,,,,36.0
06167.png,18,18,18,18,OK,,,,18.0
06168.png,8,8,8,8,OK,,,,8.0
06169.png,24,24,24,24,OK,,,,24.0
06170.png,10,10,10,10,OK,,,,10.0
06171.png,14,14,14,14,OK,,,,14.0
06172.png,10,10,10,10,OK,,,,10.0
06173.png,7,7,7,7,OK,,,,7.0
06174.png,38,38,38,38,OK,,,,38.0
06175.png,2,2,2,2,OK,,,,2.0
06176.png,35,35,35,35,OK,,,,35.0
06177.png,5,5,5,5,OK,,,,5.0
06178.png,4,4,4,4,OK,,,,4.0
06179.png,13,13,13,13,OK,,,,13.0
06181.png,12,12,12,12,OK,,,,12.0
06182.png,4,4,4,4,OK,,,,4.0
06183.png,38,38,38,38,OK,,,,38.0
06185.png,8,8,8,8,OK,,,,8.0
06186.png,17,17,17,17,OK,,,,17.0
06187.png,5,5,5,5,OK,,,,5.0
06188.png,17,17,17,17,OK,,,,17.0
06189.png,7,7,7,7,OK,,,,7.0
06190.png,21,21,21,21,OK,,,,21.0
06191.png,3,3,3,3,OK,,,,3.0
06192.png,21,21,21,21,OK,,,,21.0
06193.png,10,10,10,10,OK,,,,10.0
06194.png,9,9,9,9,OK,,,,9.0
06195.png,3,3,3,3,OK,,,,3.0
06196.png,12,12,12,12,OK,,,,12.0
06197.png,36,36,36,36,OK,,,,36.0
06198.png,17,17,17,17,OK,,,,17.0
06201.png,12,12,12,12,OK,,,,12.0
06202.png,13,13,13,13,OK,,,,13.0
06203.png,14,14,14,14,OK,,,,14.0
06204.png,1,1,1,1,OK,,,,1.0
06205.png,2,2,2,2,OK,,,,2.0
06207.png,9,9,9,9,OK,,,,9.0
06209.png,9,9,9,9,OK,,,,9.0
06210.png,19,19,19,19,OK,,,,19.0
06211.png,13,13,13,13,OK,,,,13.0
06213.png,4,4,4,4,OK,,,,4.0
06214.png,4,4,4,4,OK,,,,4.0
06215.png,10,10,10,10,OK,,,,10.0
06216.png,35,35,35,35,OK,,,,35.0
06217.png,22,22,22,22,OK,,,,22.0
06218.png,4,4,4,4,OK,,,,4.0
06221.png,5,5,5,5,OK,,,,5.0
06222.png,4,4,4,4,OK,,,,4.0
06223.png,29,29,29,29,OK,,,,29.0
06224.png,38,38,38,38,OK,,,,38.0
06225.png,13,13,13,13,OK,,,,13.0
06226.png,25,25,25,25,OK,,,,25.0
06227.png,12,12,12,12,OK,,,,12.0
06228.png,13,13,13,13,OK,,,,13.0
06229.png,12,12,12,12,OK,,,,12.0
06230.png,7,7,7,7,OK,,,,7.0
06231.png,8,8,8,8,OK,,,,8.0
06232.png,13,13,13,13,OK,,,,13.0
06233.png,38,38,38,38,OK,,,,38.0
06234.png,5,5,5,5,OK,,,,5.0
06235.png,14,14,14,14,OK,,,,14.0
06236.png,10,10,10,10,OK,,,,10.0
06237.png,33,33,33,33,OK,,,,33.0
06238.png,25,25,25,25,OK,,,,25.0
06239.png,18,18,18,18,OK,,,,18.0
06240.png,33,33,33,33,OK,,,,33.0
06241.png,18,18,18,18,OK,,,,18.0
06242.png,2,2,2,2,OK,,,,2.0
06243.png,38,38,38,38,OK,,,,38.0
06245.png,9,9,9,9,OK,,,,9.0
06246.png,2,2,2,2,OK,,,,2.0
06247.png,1,1,1,1,OK,,,,1.0
06248.png,3,3,3,3,OK,,,,3.0
06249.png,10,10,10,10,OK,,,,10.0
06250.png,1,1,1,1,OK,,,,1.0
06251.png,17,17,17,17,OK,,,,17.0
06252.png,38,38,38,38,OK,,,,38.0
06253.png,2,4,4,4,KO,,,,4.0
06254.png,1,1,1,1,OK,,,,1.0
06256.png,13,13,13,13,OK,,,,13.0
06257.png,5,5,5,5,OK,,,,5.0
06259.png,4,4,4,4,OK,,,,4.0
06260.png,5,5,5,5,OK,,,,5.0
06261.png,41,41,41,41,OK,,,,41.0
06262.png,4,4,4,4,OK,,,,4.0
06263.png,3,3,3,3,OK,,,,3.0
06264.png,21,21,21,21,OK,,,,21.0
06265.png,38,38,38,38,OK,,,,38.0
06266.png,18,18,18,18,OK,,,,18.0
06267.png,40,40,40,40,OK,,,,40.0
06268.png,35,35,35,35,OK,,,,35.0
06270.png,35,35,35,35,OK,,,,35.0
06271.png,12,12,12,12,OK,,,,12.0
06272.png,8,8,8,8,OK,,,,8.0
06273.png,8,8,8,8,OK,,,,8.0
06275.png,38,38,38,38,OK,,,,38.0
06276.png,35,35,35,35,OK,,,,35.0
06277.png,35,35,35,35,OK,,,,35.0
06278.png,25,25,25,25,OK,,,,25.0
06279.png,29,29,29,29,OK,,,,29.0
06280.png,38,38,38,38,OK,,,,38.0
06281.png,15,15,15,15,OK,,,,15.0
06282.png,7,7,7,7,OK,,,,7.0
06283.png,4,4,4,4,OK,,,,4.0
06284.png,10,10,10,10,OK,,,,10.0
06285.png,21,21,21,21,OK,,,,21.0
06286.png,1,1,1,1,OK,,,,1.0
06287.png,12,12,12,12,OK,,,,12.0
06288.png,32,32,32,32,OK,,,,32.0
06289.png,33,33,33,33,OK,,,,33.0
06290.png,1,1,1,1,OK,,,,1.0
06291.png,8,8,8,8,OK,,,,8.0
06293.png,38,38,38,38,OK,,,,38.0
06294.png,11,11,11,11,OK,,,,11.0
06295.png,38,38,38,38,OK,,,,38.0
06297.png,5,5,5,5,OK,,,,5.0
06298.png,25,25,25,25,OK,,,,25.0
06299.png,1,1,1,1,OK,,,,1.0
06300.png,3,3,3,3,OK,,,,3.0
06301.png,2,2,2,2,OK,,,,2.0
06302.png,35,35,35,35,OK,,,,35.0
06304.png,38,38,38,38,OK,,,,38.0
06305.png,33,33,33,33,OK,,,,33.0
06306.png,1,1,1,1,OK,,,,1.0
06307.png,15,15,15,15,OK,,,,15.0
06308.png,2,2,2,2,OK,,,,2.0
06309.png,11,11,11,11,OK,,,,11.0
06311.png,31,31,31,31,OK,,,,31.0
06312.png,2,2,2,2,OK,,,,2.0
06313.png,4,4,4,4,OK,,,,4.0
06314.png,35,35,35,35,OK,,,,35.0
06315.png,7,7,7,7,OK,,,,7.0
06316.png,1,1,1,1,OK,,,,1.0
06317.png,17,17,17,17,OK,,,,17.0
06318.png,38,38,38,38,OK,,,,38.0
06319.png,38,38,38,38,OK,,,,38.0
06320.png,2,2,2,2,OK,,,,2.0
06321.png,42,42,42,42,OK,,,,42.0
06322.png,12,12,12,12,OK,,,,12.0
06323.png,3,3,3,3,OK,,,,3.0
06325.png,31,31,31,31,OK,,,,31.0
06326.png,3,3,3,3,OK,,,,3.0
06327.png,31,31,31,31,OK,,,,31.0
06328.png,8,8,8,8,OK,,,,8.0
06329.png,7,7,7,7,OK,,,,7.0
06330.png,12,12,12,12,OK,,,,12.0
06331.png,10,10,10,10,OK,,,,10.0
06333.png,0,0,0,0,OK,,,,0.0
06335.png,10,10,10,10,OK,,,,10.0
06337.png,21,21,21,21,OK,,,,21.0
06339.png,8,8,8,8,OK,,,,8.0
06340.png,9,9,9,9,OK,,,,9.0
06341.png,25,25,25,25,OK,,,,25.0
06342.png,14,14,14,14,OK,,,,14.0
06343.png,5,5,5,5,OK,,,,5.0
06344.png,10,10,10,10,OK,,,,10.0
06345.png,9,9,9,9,OK,,,,9.0
06346.png,8,8,8,8,OK,,,,8.0
06347.png,7,7,7,7,OK,,,,7.0
06348.png,31,31,31,31,OK,,,,31.0
06349.png,40,40,40,40,OK,,,,40.0
06350.png,10,10,10,10,OK,,,,10.0
06351.png,13,13,13,13,OK,,,,13.0
06353.png,25,25,25,25,OK,,,,25.0
06354.png,5,5,5,5,OK,,,,5.0
06355.png,17,17,17,17,OK,,,,17.0
06357.png,1,1,1,1,OK,,,,1.0
06358.png,14,14,14,14,OK,,,,14.0
06359.png,4,4,4,4,OK,,,,4.0
06360.png,36,36,36,36,OK,,,,36.0
06361.png,1,1,1,1,OK,,,,1.0
06362.png,15,15,15,15,OK,,,,15.0
06363.png,5,5,5,5,OK,,,,5.0
06364.png,38,38,38,38,OK,,,,38.0
06365.png,38,38,38,38,OK,,,,38.0
06366.png,40,40,40,40,OK,,,,40.0
06367.png,4,4,4,4,OK,,,,4.0
06368.png,14,14,14,14,OK,,,,14.0
06369.png,25,25,25,25,OK,,,,25.0
06370.png,35,35,35,35,OK,,,,35.0
06371.png,17,17,17,17,OK,,,,17.0
06372.png,5,5,5,5,OK,,,,5.0
06373.png,11,11,11,11,OK,,,,11.0
06374.png,13,13,13,13,OK,,,,13.0
06375.png,36,36,36,36,OK,,,,36.0
06376.png,38,38,38,38,OK,,,,38.0
06377.png,13,13,13,13,OK,,,,13.0
06378.png,38,38,38,38,OK,,,,38.0
06380.png,38,38,38,38,OK,,,,38.0
06381.png,4,4,4,4,OK,,,,4.0
06382.png,10,10,10,10,OK,,,,10.0
06383.png,8,8,8,8,OK,,,,8.0
06384.png,4,4,4,4,OK,,,,4.0
06385.png,25,25,25,25,OK,,,,25.0
06386.png,12,12,12,12,OK,,,,12.0
06387.png,2,2,2,2,OK,,,,2.0
06388.png,13,13,13,13,OK,,,,13.0
06389.png,10,10,10,10,OK,,,,10.0
06390.png,1,1,1,1,OK,,,,1.0
06391.png,25,25,25,25,OK,,,,25.0
06392.png,33,33,33,33,OK,,,,33.0
06393.png,18,18,18,18,OK,,,,18.0
06394.png,3,3,3,3,OK,,,,3.0
06395.png,19,19,19,19,OK,,,,19.0
06396.png,10,10,10,10,OK,,,,10.0
06397.png,5,5,5,5,OK,,,,5.0
06398.png,1,1,1,1,OK,,,,1.0
06399.png,35,35,35,35,OK,,,,35.0
06400.png,25,25,25,25,OK,,,,25.0
06401.png,4,4,4,4,OK,,,,4.0
06402.png,20,20,20,20,OK,,,,20.0
06403.png,3,3,3,3,OK,,,,3.0
06404.png,7,7,7,7,OK,,,,7.0
06405.png,10,10,10,10,OK,,,,10.0
06406.png,17,17,17,17,OK,,,,17.0
06407.png,8,8,8,8,OK,,,,8.0
06408.png,4,4,4,4,OK,,,,4.0
06409.png,2,2,2,2,OK,,,,2.0
06410.png,10,10,10,10,OK,,,,10.0
06411.png,38,38,38,38,OK,,,,38.0
06412.png,15,15,15,15,OK,,,,15.0
06413.png,38,38,38,38,OK,,,,38.0
06414.png,31,31,31,31,OK,,,,31.0
06415.png,38,38,38,38,OK,,,,38.0
06416.png,10,10,10,10,OK,,,,10.0
06417.png,8,8,8,8,OK,,,,8.0
06419.png,11,11,11,11,OK,,,,11.0
06420.png,11,11,11,11,OK,,,,11.0
06421.png,0,0,0,0,OK,,,,0.0
06422.png,31,31,31,31,OK,,,,31.0
06423.png,5,5,5,5,OK,,,,5.0
06424.png,4,4,4,4,OK,,,,4.0
06425.png,35,35,35,35,OK,,,,35.0
06426.png,17,17,17,17,OK,,,,17.0
06427.png,1,1,1,1,OK,,,,1.0
06428.png,7,7,7,7,OK,,,,7.0
06429.png,1,1,1,1,OK,,,,1.0
06430.png,1,1,1,1,OK,,,,1.0
06431.png,1,1,1,1,OK,,,,1.0
06433.png,2,2,2,2,OK,,,,2.0
06434.png,31,31,31,31,OK,,,,31.0
06435.png,5,5,5,5,OK,,,,5.0
06436.png,33,33,33,33,OK,,,,33.0
06437.png,31,31,31,31,OK,,,,31.0
06438.png,8,8,8,8,OK,,,,8.0
06439.png,9,9,9,9,OK,,,,9.0
06440.png,1,1,1,1,OK,,,,1.0
06441.png,37,37,37,37,OK,,,,37.0
06442.png,31,31,31,31,OK,,,,31.0
06443.png,9,9,9,9,OK,,,,9.0
06444.png,10,10,10,10,OK,,,,10.0
06445.png,11,11,11,11,OK,,,,11.0
06446.png,1,1,1,1,OK,,,,1.0
06447.png,17,17,17,17,OK,,,,17.0
06448.png,7,7,7,7,OK,,,,7.0
06449.png,4,4,4,4,OK,,,,4.0
06450.png,7,7,7,7,OK,,,,7.0
06451.png,5,5,5,5,OK,,,,5.0
06452.png,13,13,13,13,OK,,,,13.0
06453.png,1,1,1,1,OK,,,,1.0
06454.png,1,1,1,1,OK,,,,1.0
06455.png,1,1,1,1,OK,,,,1.0
06457.png,25,25,25,25,OK,,,,25.0
06459.png,14,14,14,14,OK,,,,14.0
06460.png,12,12,12,12,OK,,,,12.0
06461.png,4,4,4,4,OK,,,,4.0
06462.png,31,31,31,31,OK,,,,31.0
06463.png,9,9,9,9,OK,,,,9.0
06464.png,31,31,31,31,OK,,,,31.0
06465.png,8,8,8,8,OK,,,,8.0
06466.png,2,2,2,2,OK,,,,2.0
06467.png,5,5,5,5,OK,,,,5.0
06468.png,13,13,13,13,OK,,,,13.0
06469.png,4,4,4,4,OK,,,,4.0
06470.png,35,35,35,35,OK,,,,35.0
06473.png,15,15,15,15,OK,,,,15.0
06474.png,35,35,35,35,OK,,,,35.0
06475.png,4,4,4,4,OK,,,,4.0
06477.png,31,31,31,31,OK,,,,31.0
06478.png,35,35,35,35,OK,,,,35.0
06479.png,17,17,17,17,OK,,,,17.0
06480.png,22,22,22,22,OK,,,,22.0
06481.png,13,13,13,13,OK,,,,13.0
06482.png,1,1,1,1,OK,,,,1.0
06483.png,11,11,11,11,OK,,,,11.0
06484.png,1,1,1,1,OK,,,,1.0
06485.png,38,38,38,38,OK,,,,38.0
06486.png,9,9,9,9,OK,,,,9.0
06488.png,1,1,1,1,OK,,,,1.0
06489.png,15,15,15,15,OK,,,,15.0
06490.png,22,22,22,22,OK,,,,22.0
06492.png,33,33,33,33,OK,,,,33.0
06493.png,2,2,2,2,OK,,,,2.0
06494.png,2,2,2,2,OK,,,,2.0
06495.png,11,11,11,11,OK,,,,11.0
06497.png,38,38,38,38,OK,,,,38.0
06498.png,5,5,5,5,OK,,,,5.0
06499.png,4,4,4,4,OK,,,,4.0
06500.png,35,35,35,35,OK,,,,35.0
06502.png,4,4,4,4,OK,,,,4.0
06503.png,33,33,33,33,OK,,,,33.0
06504.png,11,11,11,11,OK,,,,11.0
06505.png,9,9,9,9,OK,,,,9.0
06506.png,20,20,20,20,OK,,,,20.0
06507.png,17,17,17,17,OK,,,,17.0
06508.png,11,11,11,11,OK,,,,11.0
06509.png,27,27,27,28,KO,,,,27.0
06510.png,11,11,11,11,OK,,,,11.0
06511.png,18,18,18,18,OK,,,,18.0
06512.png,29,29,29,29,OK,,,,29.0
06513.png,38,38,38,38,OK,,,,38.0
06514.png,12,12,12,12,OK,,,,12.0
06515.png,38,38,38,38,OK,,,,38.0
06516.png,40,40,40,40,OK,,,,40.0
06517.png,9,9,9,9,OK,,,,9.0
06518.png,0,0,0,0,OK,,,,0.0
06519.png,1,1,1,1,OK,,,,1.0
06520.png,13,13,13,13,OK,,,,13.0
06522.png,14,14,14,14,OK,,,,14.0
06523.png,12,12,12,12,OK,,,,12.0
06524.png,31,31,31,31,OK,,,,31.0
06525.png,3,3,3,3,OK,,,,3.0
06526.png,12,12,12,12,OK,,,,12.0
06527.png,38,38,38,38,OK,,,,38.0
06528.png,24,24,24,24,OK,,,,24.0
06530.png,22,22,22,25,KO,,,,22.0
06531.png,4,4,4,4,OK,,,,4.0
06532.png,18,18,18,18,OK,,,,18.0
06533.png,10,10,10,10,OK,,,,10.0
06534.png,11,11,11,11,OK,,,,11.0
06535.png,2,2,2,2,OK,,,,2.0
06536.png,2,2,2,2,OK,,,,2.0
06537.png,38,38,38,38,OK,,,,38.0
06538.png,13,13,13,13,OK,,,,13.0
06539.png,35,35,35,35,OK,,,,35.0
06540.png,2,2,2,2,OK,,,,2.0
06542.png,17,17,17,17,OK,,,,17.0
06543.png,38,38,38,38,OK,,,,38.0
06544.png,41,41,41,41,OK,,,,41.0
06545.png,8,8,8,8,OK,,,,8.0
06546.png,33,33,33,33,OK,,,,33.0
06547.png,22,22,22,22,OK,,,,22.0
06548.png,12,12,12,12,OK,,,,12.0
06549.png,38,38,38,38,OK,,,,38.0
06550.png,18,18,18,18,OK,,,,18.0
06551.png,2,2,2,2,OK,,,,2.0
06552.png,31,31,31,31,OK,,,,31.0
06553.png,5,5,5,5,OK,,,,5.0
06554.png,35,35,35,35,OK,,,,35.0
06555.png,7,7,7,7,OK,,,,7.0
06556.png,5,5,5,5,OK,,,,5.0
06557.png,8,8,8,8,OK,,,,8.0
06558.png,10,10,10,10,OK,,,,10.0
06559.png,4,4,4,4,OK,,,,4.0
06560.png,33,33,33,33,OK,,,,33.0
06561.png,17,17,17,17,OK,,,,17.0
06562.png,35,35,35,35,OK,,,,35.0
06563.png,5,5,5,5,OK,,,,5.0
06564.png,14,14,14,14,OK,,,,14.0
06565.png,9,9,9,9,OK,,,,9.0
06566.png,4,4,4,4,OK,,,,4.0
06567.png,5,5,5,5,OK,,,,5.0
06568.png,25,25,25,25,OK,,,,25.0
06571.png,13,13,13,13,OK,,,,13.0
06572.png,9,9,9,9,OK,,,,9.0
06573.png,13,13,13,13,OK,,,,13.0
06574.png,2,2,2,2,OK,,,,2.0
06575.png,2,2,2,2,OK,,,,2.0
06576.png,38,38,38,38,OK,,,,38.0
06577.png,1,1,1,1,OK,,,,1.0
06578.png,9,9,9,9,OK,,,,9.0
06579.png,11,11,11,11,OK,,,,11.0
06580.png,8,8,8,8,OK,,,,8.0
06581.png,13,13,13,13,OK,,,,13.0
06582.png,10,10,10,10,OK,,,,10.0
06583.png,7,7,7,7,OK,,,,7.0
06584.png,15,15,15,15,OK,,,,15.0
06585.png,10,10,10,10,OK,,,,10.0
06586.png,2,2,2,2,OK,,,,2.0
06587.png,11,11,11,11,OK,,,,11.0
06588.png,5,5,5,5,OK,,,,5.0
06589.png,17,17,17,17,OK,,,,17.0
06590.png,11,11,11,11,OK,,,,11.0
06591.png,10,10,10,10,OK,,,,10.0
06592.png,3,3,3,3,OK,,,,3.0
06593.png,9,9,9,9,OK,,,,9.0
06594.png,10,10,10,10,OK,,,,10.0
06595.png,7,7,7,7,OK,,,,7.0
06596.png,5,5,5,5,OK,,,,5.0
06597.png,4,4,4,4,OK,,,,4.0
06598.png,5,5,5,5,OK,,,,5.0
06599.png,8,8,8,8,OK,,,,8.0
06600.png,5,5,5,5,OK,,,,5.0
06601.png,8,8,8,8,OK,,,,8.0
06604.png,33,33,33,33,OK,,,,33.0
06605.png,2,2,2,2,OK,,,,2.0
06606.png,35,35,35,35,OK,,,,35.0
06607.png,5,5,5,5,OK,,,,5.0
06608.png,10,10,10,10,OK,,,,10.0
06609.png,12,12,12,12,OK,,,,12.0
06610.png,12,12,12,12,OK,,,,12.0
06611.png,22,22,22,22,OK,,,,22.0
06612.png,27,27,27,28,KO,,,,27.0
06613.png,5,5,5,5,OK,,,,5.0
06614.png,5,5,5,5,OK,,,,5.0
06615.png,9,9,9,9,OK,,,,9.0
06616.png,42,42,42,42,OK,,,,42.0
06617.png,33,33,33,33,OK,,,,33.0
06618.png,10,10,10,10,OK,,,,10.0
06619.png,8,8,8,8,OK,,,,8.0
06620.png,9,9,9,9,OK,,,,9.0
06621.png,12,12,12,12,OK,,,,12.0
06622.png,38,38,38,38,OK,,,,38.0
06623.png,22,22,22,22,OK,,,,22.0
06624.png,2,2,2,2,OK,,,,2.0
06625.png,38,38,38,38,OK,,,,38.0
06626.png,38,38,38,38,OK,,,,38.0
06627.png,1,1,1,1,OK,,,,1.0
06628.png,12,12,12,12,OK,,,,12.0
06629.png,7,7,7,7,OK,,,,7.0
06630.png,18,18,18,18,OK,,,,18.0
06631.png,1,1,1,1,OK,,,,1.0
06632.png,24,24,24,24,OK,,,,24.0
06633.png,19,19,19,19,OK,,,,19.0
06634.png,13,13,13,13,OK,,,,13.0
06636.png,18,18,18,18,OK,,,,18.0
06637.png,13,13,13,13,OK,,,,13.0
06638.png,5,5,5,5,OK,,,,5.0
06639.png,0,0,0,0,OK,,,,0.0
06640.png,10,10,10,10,OK,,,,10.0
06641.png,20,20,20,20,OK,,,,20.0
06642.png,11,11,11,11,OK,,,,11.0
06643.png,11,11,11,11,OK,,,,11.0
06645.png,21,21,21,21,OK,,,,21.0
06646.png,18,18,18,18,OK,,,,18.0
06647.png,35,35,35,35,OK,,,,35.0
06648.png,38,38,38,38,OK,,,,38.0
06649.png,4,4,4,4,OK,,,,4.0
06650.png,10,10,10,10,OK,,,,10.0
06652.png,38,38,38,38,OK,,,,38.0
06653.png,18,18,18,18,OK,,,,18.0
06654.png,2,2,2,2,OK,,,,2.0
06655.png,9,9,9,9,OK,,,,9.0
06656.png,25,25,25,25,OK,,,,25.0
06657.png,33,33,33,33,OK,,,,33.0
06659.png,25,25,25,25,OK,,,,25.0
06660.png,12,12,12,12,OK,,,,12.0
06661.png,12,12,12,12,OK,,,,12.0
06662.png,2,2,2,2,OK,,,,2.0
06663.png,9,9,9,9,OK,,,,9.0
06664.png,4,4,4,4,OK,,,,4.0
06666.png,11,11,11,11,OK,,,,11.0
06667.png,4,4,4,4,OK,,,,4.0
06668.png,42,42,42,42,OK,,,,42.0
06670.png,4,4,4,4,OK,,,,4.0
06671.png,12,12,12,12,OK,,,,12.0
06672.png,3,3,3,3,OK,,,,3.0
06673.png,9,9,9,9,OK,,,,9.0
06674.png,38,38,38,38,OK,,,,38.0
06675.png,37,37,37,37,OK,,,,37.0
06676.png,12,12,12,12,OK,,,,12.0
06677.png,25,25,25,25,OK,,,,25.0
06678.png,33,33,33,33,OK,,,,33.0
06679.png,25,25,25,25,OK,,,,25.0
06680.png,10,10,10,10,OK,,,,10.0
06681.png,9,9,9,9,OK,,,,9.0
06682.png,13,13,13,13,OK,,,,13.0
06683.png,38,38,38,38,OK,,,,38.0
06684.png,11,11,11,11,OK,,,,11.0
06685.png,1,1,1,1,OK,,,,1.0
06686.png,9,9,9,9,OK,,,,9.0
06687.png,20,20,20,20,OK,,,,20.0
06688.png,38,38,38,38,OK,,,,38.0
06689.png,37,37,37,37,OK,,,,37.0
06690.png,18,18,18,18,OK,,,,18.0
06691.png,10,10,10,10,OK,,,,10.0
06692.png,42,42,42,42,OK,,,,42.0
06693.png,41,41,41,41,OK,,,,41.0
06694.png,17,17,17,17,OK,,,,17.0
06695.png,33,33,33,33,OK,,,,33.0
06696.png,37,37,37,37,OK,,,,37.0
06697.png,25,25,25,25,OK,,,,25.0
06699.png,38,38,38,38,OK,,,,38.0
06700.png,2,2,2,2,OK,,,,2.0
06701.png,15,15,15,15,OK,,,,15.0
06702.png,20,20,20,20,OK,,,,20.0
06703.png,3,3,3,3,OK,,,,3.0
06704.png,33,33,33,33,OK,,,,33.0
06705.png,10,10,10,10,OK,,,,10.0
06706.png,9,9,9,9,OK,,,,9.0
06707.png,1,1,1,1,OK,,,,1.0
06708.png,42,42,42,42,OK,,,,42.0
06709.png,25,25,25,25,OK,,,,25.0
06710.png,12,12,12,12,OK,,,,12.0
06711.png,8,8,8,8,OK,,,,8.0
06712.png,38,38,38,38,OK,,,,38.0
06713.png,4,4,4,4,OK,,,,4.0
06714.png,17,17,17,17,OK,,,,17.0
06716.png,13,13,13,13,OK,,,,13.0
06717.png,18,18,18,18,OK,,,,18.0
06718.png,18,18,18,18,OK,,,,18.0
06719.png,14,14,14,14,OK,,,,14.0
06720.png,10,10,10,10,OK,,,,10.0
06721.png,1,1,1,1,OK,,,,1.0
06722.png,5,5,5,5,OK,,,,5.0
06724.png,12,12,12,12,OK,,,,12.0
06725.png,12,12,12,12,OK,,,,12.0
06727.png,2,2,2,2,OK,,,,2.0
06728.png,13,13,13,13,OK,,,,13.0
06729.png,37,37,37,37,OK,,,,37.0
06730.png,10,10,10,10,OK,,,,10.0
06733.png,2,2,2,2,OK,,,,2.0
06734.png,2,2,2,2,OK,,,,2.0
06735.png,12,12,12,12,OK,,,,12.0
06736.png,10,10,10,10,OK,,,,10.0
06737.png,1,1,1,1,OK,,,,1.0
06738.png,25,25,25,25,OK,,,,25.0
06739.png,25,25,25,25,OK,,,,25.0
06740.png,18,18,18,18,OK,,,,18.0
06741.png,2,2,2,2,OK,,,,2.0
06742.png,9,9,9,9,OK,,,,9.0
06743.png,13,13,13,13,OK,,,,13.0
06745.png,18,18,18,18,OK,,,,18.0
06746.png,12,12,12,12,OK,,,,12.0
06748.png,13,13,13,13,OK,,,,13.0
06749.png,25,25,25,25,OK,,,,25.0
06750.png,4,4,4,4,OK,,,,4.0
06752.png,10,10,10,10,OK,,,,10.0
06753.png,1,1,1,1,OK,,,,1.0
06754.png,12,12,12,12,OK,,,,12.0
06755.png,10,10,10,10,OK,,,,10.0
06756.png,25,25,25,25,OK,,,,25.0
06757.png,3,3,3,3,OK,,,,3.0
06758.png,29,29,29,29,OK,,,,29.0
06759.png,1,1,1,1,OK,,,,1.0
06760.png,2,2,2,2,OK,,,,2.0
06762.png,9,9,9,9,OK,,,,9.0
06763.png,7,7,7,7,OK,,,,7.0
06764.png,10,10,10,10,OK,,,,10.0
06765.png,10,10,10,10,OK,,,,10.0
06766.png,18,31,18,18,KO,,,,18.0
06767.png,8,8,8,8,OK,,,,8.0
06768.png,24,24,24,24,OK,,,,24.0
06769.png,10,10,10,10,OK,,,,10.0
06770.png,25,25,25,25,OK,,,,25.0
06771.png,13,13,13,13,OK,,,,13.0
06772.png,4,4,4,4,OK,,,,4.0
06773.png,13,13,13,13,OK,,,,13.0
06774.png,25,25,25,25,OK,,,,25.0
06775.png,12,12,12,12,OK,,,,12.0
06776.png,3,3,3,3,OK,,,,3.0
06777.png,4,4,4,4,OK,,,,4.0
06778.png,39,39,39,39,OK,,,,39.0
06779.png,14,14,14,14,OK,,,,14.0
06780.png,10,10,10,10,OK,,,,10.0
06781.png,38,38,38,38,OK,,,,38.0
06782.png,3,3,3,3,OK,,,,3.0
06783.png,33,33,33,33,OK,,,,33.0
06784.png,12,12,12,12,OK,,,,12.0
06785.png,14,14,14,14,OK,,,,14.0
06786.png,31,31,31,31,OK,,,,31.0
06787.png,24,24,24,24,OK,,,,24.0
06789.png,8,8,8,8,OK,,,,8.0
06790.png,25,25,25,25,OK,,,,25.0
06791.png,24,24,24,24,OK,,,,24.0
06792.png,31,31,31,31,OK,,,,31.0
06793.png,2,2,2,2,OK,,,,2.0
06794.png,2,2,2,2,OK,,,,2.0
06795.png,4,4,4,4,OK,,,,4.0
06796.png,14,14,14,14,OK,,,,14.0
06797.png,1,1,1,1,OK,,,,1.0
06798.png,2,2,2,2,OK,,,,2.0
06799.png,31,31,31,31,OK,,,,31.0
06800.png,37,37,37,37,OK,,,,37.0
06801.png,17,17,17,17,OK,,,,17.0
06802.png,25,25,25,25,OK,,,,25.0
06803.png,1,1,1,1,OK,,,,1.0
06804.png,9,9,9,9,OK,,,,9.0
06805.png,22,22,22,22,OK,,,,22.0
06806.png,38,38,38,38,OK,,,,38.0
06807.png,12,12,12,12,OK,,,,12.0
06808.png,38,38,38,38,OK,,,,38.0
06809.png,9,9,9,9,OK,,,,9.0
06810.png,13,13,13,13,OK,,,,13.0
06811.png,1,1,1,1,OK,,,,1.0
06812.png,5,5,5,5,OK,,,,5.0
06814.png,38,38,38,38,OK,,,,38.0
06815.png,1,1,1,1,OK,,,,1.0
06817.png,5,5,5,5,OK,,,,5.0
06818.png,17,17,17,17,OK,,,,17.0
06820.png,9,9,9,9,OK,,,,9.0
06821.png,9,9,9,9,OK,,,,9.0
06823.png,2,2,2,2,OK,,,,2.0
06824.png,4,4,4,4,OK,,,,4.0
06825.png,1,1,1,1,OK,,,,1.0
06826.png,25,25,25,25,OK,,,,25.0
06828.png,5,5,5,5,OK,,,,5.0
06829.png,3,3,3,3,OK,,,,3.0
06830.png,12,12,12,12,OK,,,,12.0
06831.png,1,1,1,1,OK,,,,1.0
06832.png,5,5,5,5,OK,,,,5.0
06833.png,2,2,2,2,OK,,,,2.0
06834.png,12,12,12,12,OK,,,,12.0
06835.png,38,38,38,38,OK,,,,38.0
06837.png,1,1,1,1,OK,,,,1.0
06838.png,18,18,18,18,OK,,,,18.0
06839.png,38,38,38,38,OK,,,,38.0
06840.png,2,2,2,2,OK,,,,2.0
06841.png,2,2,2,2,OK,,,,2.0
06842.png,12,12,12,12,OK,,,,12.0
06843.png,17,17,17,17,OK,,,,17.0
06844.png,33,33,33,33,OK,,,,33.0
06845.png,1,1,1,1,OK,,,,1.0
06847.png,1,1,1,1,OK,,,,1.0
06848.png,17,17,17,17,OK,,,,17.0
06849.png,5,5,5,5,OK,,,,5.0
06850.png,9,9,9,9,OK,,,,9.0
06852.png,38,38,38,38,OK,,,,38.0
06853.png,3,3,3,3,OK,,,,3.0
06854.png,0,0,0,0,OK,,,,0.0
06855.png,1,1,1,1,OK,,,,1.0
06856.png,12,12,12,12,OK,,,,12.0
06857.png,2,2,2,2,OK,,,,2.0
06858.png,18,18,18,18,OK,,,,18.0
06859.png,25,25,25,25,OK,,,,25.0
06860.png,13,13,13,13,OK,,,,13.0
06862.png,39,39,39,39,OK,,,,39.0
06864.png,5,5,5,5,OK,,,,5.0
06866.png,3,3,3,3,OK,,,,3.0
06867.png,12,12,12,12,OK,,,,12.0
06868.png,31,31,31,31,OK,,,,31.0
06869.png,5,5,5,5,OK,,,,5.0
06873.png,5,5,5,5,OK,,,,5.0
06874.png,5,3,3,3,KO,,,,5.0
06875.png,38,38,38,38,OK,,,,38.0
06876.png,12,12,12,12,OK,,,,12.0
06877.png,2,2,2,2,OK,,,,2.0
06878.png,18,18,18,18,OK,,,,18.0
06879.png,14,14,14,14,OK,,,,14.0
06880.png,2,2,2,2,OK,,,,2.0
06882.png,9,9,9,9,OK,,,,9.0
06883.png,5,5,5,5,OK,,,,5.0
06884.png,31,31,31,31,OK,,,,31.0
06885.png,12,12,12,12,OK,,,,12.0
06886.png,1,1,1,1,OK,,,,1.0
06887.png,38,38,38,38,OK,,,,38.0
06888.png,7,7,7,7,OK,,,,7.0
06889.png,9,9,9,9,OK,,,,9.0
06890.png,11,11,11,11,OK,,,,11.0
06891.png,12,12,12,12,OK,,,,12.0
06892.png,25,25,25,25,OK,,,,25.0
06893.png,25,25,25,25,OK,,,,25.0
06894.png,40,40,40,40,OK,,,,40.0
06896.png,4,4,4,4,OK,,,,4.0
06897.png,18,18,18,18,OK,,,,18.0
06898.png,18,18,18,18,OK,,,,18.0
06899.png,32,32,32,32,OK,,,,32.0
06901.png,22,22,22,23,KO,,,,22.0
06902.png,1,1,1,1,OK,,,,1.0
06903.png,1,1,1,1,OK,,,,1.0
06904.png,12,12,12,12,OK,,,,12.0
06905.png,2,2,2,2,OK,,,,2.0
06906.png,4,4,4,4,OK,,,,4.0
06907.png,5,5,5,5,OK,,,,5.0
06908.png,11,11,11,11,OK,,,,11.0
06909.png,12,12,12,12,OK,,,,12.0
06910.png,7,7,7,7,OK,,,,7.0
06911.png,10,10,10,10,OK,,,,10.0
06912.png,5,5,5,5,OK,,,,5.0
06914.png,3,3,3,3,OK,,,,3.0
06915.png,10,10,10,10,OK,,,,10.0
06916.png,33,33,33,33,OK,,,,33.0
06918.png,13,13,13,13,OK,,,,13.0
06919.png,1,1,1,1,OK,,,,1.0
06920.png,24,24,24,24,OK,,,,24.0
06923.png,7,7,7,7,OK,,,,7.0
06924.png,2,2,2,2,OK,,,,2.0
06925.png,5,5,5,5,OK,,,,5.0
06926.png,2,2,2,2,OK,,,,2.0
06927.png,5,5,5,5,OK,,,,5.0
06928.png,2,2,2,2,OK,,,,2.0
06929.png,13,13,13,13,OK,,,,13.0
06930.png,7,7,7,7,OK,,,,7.0
06931.png,33,33,33,33,OK,,,,33.0
06933.png,5,5,5,5,OK,,,,5.0
06934.png,13,13,13,13,OK,,,,13.0
06935.png,4,4,4,4,OK,,,,4.0
06936.png,1,1,1,1,OK,,,,1.0
06937.png,10,10,10,10,OK,,,,10.0
06938.png,18,18,18,18,OK,,,,18.0
06939.png,42,42,42,42,OK,,,,42.0
06940.png,38,38,38,38,OK,,,,38.0
06941.png,25,25,25,25,OK,,,,25.0
06942.png,5,5,5,5,OK,,,,5.0
06943.png,11,11,11,11,OK,,,,11.0
06944.png,7,7,7,7,OK,,,,7.0
06945.png,2,2,2,2,OK,,,,2.0
06946.png,0,0,0,0,OK,,,,0.0
06947.png,12,12,12,12,OK,,,,12.0
06948.png,42,42,42,42,OK,,,,42.0
06949.png,1,1,1,1,OK,,,,1.0
06950.png,9,9,9,9,OK,,,,9.0
06953.png,13,13,13,13,OK,,,,13.0
06954.png,31,31,31,31,OK,,,,31.0
06955.png,8,8,8,8,OK,,,,8.0
06956.png,38,38,38,38,OK,,,,38.0
06957.png,3,3,3,3,OK,,,,3.0
06958.png,39,39,39,39,OK,,,,39.0
06959.png,9,9,9,9,OK,,,,9.0
06961.png,11,11,11,11,OK,,,,11.0
06962.png,38,38,38,38,OK,,,,38.0
06963.png,8,8,8,8,OK,,,,8.0
06964.png,18,18,18,18,OK,,,,18.0
06965.png,8,8,8,8,OK,,,,8.0
06967.png,25,25,25,25,OK,,,,25.0
06968.png,18,18,18,18,OK,,,,18.0
06970.png,10,10,10,10,OK,,,,10.0
06971.png,38,38,38,38,OK,,,,38.0
06973.png,1,1,1,1,OK,,,,1.0
06975.png,12,12,12,12,OK,,,,12.0
06976.png,38,38,38,38,OK,,,,38.0
06978.png,12,12,12,12,OK,,,,12.0
06979.png,14,14,14,14,OK,,,,14.0
06980.png,25,25,25,23,KO,,,,22.0
06982.png,18,18,18,18,OK,,,,18.0
06983.png,5,5,5,5,OK,,,,5.0
06984.png,5,5,5,5,OK,,,,5.0
06985.png,14,14,14,14,OK,,,,14.0
06986.png,29,29,29,29,OK,,,,29.0
06988.png,2,2,2,2,OK,,,,2.0
06989.png,1,1,1,1,OK,,,,1.0
06990.png,2,2,2,2,OK,,,,2.0
06991.png,25,25,25,25,OK,,,,25.0
06993.png,5,5,5,5,OK,,,,5.0
06994.png,13,13,13,13,OK,,,,13.0
06996.png,18,18,18,18,OK,,,,18.0
06997.png,11,11,11,11,OK,,,,11.0
06998.png,8,8,8,8,OK,,,,8.0
06999.png,15,15,15,15,OK,,,,15.0
07000.png,9,9,9,9,OK,,,,9.0
07001.png,8,8,8,8,OK,,,,8.0
07002.png,12,12,12,12,OK,,,,12.0
07003.png,7,7,7,7,OK,,,,7.0
07005.png,42,42,42,42,OK,,,,42.0
07006.png,2,2,2,2,OK,,,,2.0
07010.png,19,19,19,19,OK,,,,19.0
07011.png,10,10,10,10,OK,,,,10.0
07012.png,12,12,12,12,OK,,,,12.0
07013.png,4,4,4,4,OK,,,,4.0
07015.png,38,38,38,38,OK,,,,38.0
07017.png,4,4,4,4,OK,,,,4.0
07018.png,9,9,9,9,OK,,,,9.0
07019.png,8,8,8,8,OK,,,,8.0
07021.png,4,4,4,4,OK,,,,4.0
07022.png,9,9,9,9,OK,,,,9.0
07023.png,10,10,10,10,OK,,,,10.0
07024.png,10,10,10,10,OK,,,,10.0
07025.png,10,10,10,10,OK,,,,10.0
07027.png,24,24,24,24,OK,,,,24.0
07029.png,7,7,7,7,OK,,,,7.0
07030.png,25,25,25,25,OK,,,,25.0
07031.png,13,13,13,13,OK,,,,13.0
07032.png,4,4,4,4,OK,,,,4.0
07033.png,5,5,5,5,OK,,,,5.0
07034.png,31,31,31,31,OK,,,,31.0
07036.png,12,12,12,12,OK,,,,12.0
07037.png,8,8,8,8,OK,,,,8.0
07038.png,7,7,7,7,OK,,,,7.0
07039.png,7,7,7,7,OK,,,,7.0
07040.png,3,3,3,3,OK,,,,3.0
07041.png,31,31,31,31,OK,,,,31.0
07042.png,12,12,12,12,OK,,,,12.0
07043.png,13,13,13,13,OK,,,,13.0
07044.png,11,11,11,11,OK,,,,11.0
07045.png,7,7,7,7,OK,,,,7.0
07046.png,13,13,13,13,OK,,,,13.0
07047.png,3,3,3,3,OK,,,,3.0
07048.png,31,31,31,31,OK,,,,31.0
07049.png,24,24,24,24,OK,,,,24.0
07050.png,10,10,10,10,OK,,,,10.0
07051.png,38,38,38,38,OK,,,,38.0
07052.png,38,38,38,38,OK,,,,38.0
07053.png,42,42,42,42,OK,,,,42.0
07055.png,10,10,10,10,OK,,,,10.0
07056.png,7,7,7,7,OK,,,,7.0
07057.png,5,5,5,5,OK,,,,5.0
07058.png,33,33,33,33,OK,,,,33.0
07059.png,8,8,8,8,OK,,,,8.0
07061.png,7,7,7,7,OK,,,,7.0
07062.png,14,14,14,14,OK,,,,14.0
07063.png,33,33,33,33,OK,,,,33.0
07064.png,11,11,11,11,OK,,,,11.0
07067.png,2,2,2,2,OK,,,,2.0
07068.png,31,31,31,31,OK,,,,31.0
07069.png,3,3,3,3,OK,,,,3.0
07070.png,33,33,33,33,OK,,,,33.0
07071.png,3,3,3,3,OK,,,,3.0
07073.png,27,27,27,27,OK,,,,27.0
07074.png,13,13,13,13,OK,,,,13.0
07075.png,38,38,38,38,OK,,,,38.0
07076.png,13,13,13,13,OK,,,,13.0
07077.png,42,42,42,42,OK,,,,42.0
07078.png,10,10,10,10,OK,,,,10.0
07079.png,5,5,5,5,OK,,,,5.0
07082.png,9,9,9,9,OK,,,,9.0
07083.png,4,4,4,4,OK,,,,4.0
07084.png,8,8,8,8,OK,,,,8.0
07085.png,42,42,42,42,OK,,,,42.0
07086.png,5,5,5,5,OK,,,,5.0
07087.png,5,5,5,5,OK,,,,5.0
07088.png,25,25,25,25,OK,,,,25.0
07089.png,19,19,19,19,OK,,,,19.0
07091.png,31,31,31,31,OK,,,,31.0
07092.png,11,11,11,11,OK,,,,11.0
07093.png,4,4,4,4,OK,,,,4.0
07094.png,7,7,7,7,OK,,,,7.0
07095.png,10,10,10,10,OK,,,,10.0
07096.png,24,24,24,24,OK,,,,24.0
07097.png,8,8,8,8,OK,,,,8.0
07098.png,25,25,25,25,OK,,,,25.0
07099.png,11,11,11,11,OK,,,,11.0
07100.png,11,11,11,11,OK,,,,11.0
07101.png,3,3,3,3,OK,,,,3.0
07102.png,10,10,10,10,OK,,,,10.0
07103.png,4,4,4,4,OK,,,,4.0
07104.png,38,38,38,38,OK,,,,38.0
07107.png,12,12,12,12,OK,,,,12.0
07108.png,11,11,11,11,OK,,,,11.0
07109.png,5,5,5,5,OK,,,,5.0
07110.png,3,3,3,3,OK,,,,3.0
07111.png,10,10,10,10,OK,,,,10.0
07112.png,9,9,9,9,OK,,,,9.0
07117.png,12,12,12,12,OK,,,,12.0
07118.png,31,31,31,31,OK,,,,31.0
07119.png,3,3,3,3,OK,,,,3.0
07120.png,10,10,10,10,OK,,,,10.0
07121.png,5,5,5,5,OK,,,,5.0
07122.png,41,41,41,41,OK,,,,41.0
07123.png,8,8,8,8,OK,,,,8.0
07125.png,25,25,25,25,OK,,,,25.0
07129.png,37,37,37,37,OK,,,,37.0
07131.png,9,9,9,9,OK,,,,9.0
07132.png,5,5,5,5,OK,,,,5.0
07133.png,25,25,25,25,OK,,,,25.0
07134.png,12,12,12,12,OK,,,,12.0
07135.png,7,7,7,7,OK,,,,7.0
07136.png,38,38,38,38,OK,,,,38.0
07137.png,2,2,2,2,OK,,,,2.0
07138.png,13,13,13,13,OK,,,,13.0
07140.png,12,12,12,12,OK,,,,12.0
07141.png,4,4,4,4,OK,,,,4.0
07143.png,33,33,33,33,OK,,,,33.0
07144.png,7,7,7,7,OK,,,,7.0
07145.png,3,3,3,3,OK,,,,3.0
07146.png,40,40,40,40,OK,,,,40.0
07147.png,31,31,31,31,OK,,,,31.0
07148.png,33,33,33,33,OK,,,,33.0
07150.png,12,12,12,12,OK,,,,12.0
07151.png,7,7,7,7,OK,,,,7.0
07152.png,12,12,12,12,OK,,,,12.0
07153.png,2,2,2,2,OK,,,,2.0
07154.png,3,3,3,3,OK,,,,3.0
07155.png,5,5,5,5,OK,,,,5.0
07156.png,12,12,12,12,OK,,,,12.0
07157.png,8,8,8,8,OK,,,,8.0
07159.png,8,8,8,8,OK,,,,8.0
07160.png,7,7,7,7,OK,,,,7.0
07161.png,2,2,2,2,OK,,,,2.0
07162.png,7,7,7,7,OK,,,,7.0
07163.png,3,3,3,3,OK,,,,3.0
07165.png,11,11,11,11,OK,,,,11.0
07166.png,4,4,4,4,OK,,,,4.0
07167.png,42,42,42,42,OK,,,,42.0
07168.png,15,15,15,15,OK,,,,15.0
07169.png,2,2,2,2,OK,,,,2.0
07172.png,12,12,12,12,OK,,,,12.0
07173.png,4,4,4,4,OK,,,,4.0
07176.png,10,10,10,10,OK,,,,10.0
07179.png,2,2,2,2,OK,,,,2.0
07180.png,14,14,14,14,OK,,,,14.0
07181.png,22,22,22,22,OK,,,,22.0
07182.png,38,38,38,38,OK,,,,38.0
07184.png,4,4,4,4,OK,,,,4.0
07185.png,29,29,29,29,OK,,,,29.0
07186.png,4,4,4,4,OK,,,,4.0
07188.png,5,5,5,5,OK,,,,5.0
07189.png,11,11,11,11,OK,,,,11.0
07190.png,11,11,11,11,OK,,,,11.0
07191.png,12,12,12,12,OK,,,,12.0
07193.png,12,12,12,12,OK,,,,12.0
07194.png,25,25,25,25,OK,,,,25.0
07195.png,4,4,4,4,OK,,,,4.0
07197.png,38,38,38,38,OK,,,,38.0
07198.png,13,13,13,13,OK,,,,13.0
07199.png,10,10,10,10,OK,,,,10.0
07200.png,33,33,33,33,OK,,,,33.0
07201.png,9,9,9,9,OK,,,,9.0
07202.png,2,2,2,2,OK,,,,2.0
07205.png,8,8,8,8,OK,,,,8.0
07207.png,38,38,38,38,OK,,,,38.0
07208.png,2,2,2,2,OK,,,,2.0
07209.png,10,10,10,10,OK,,,,10.0
07210.png,2,2,2,2,OK,,,,2.0
07212.png,8,8,8,8,OK,,,,8.0
07213.png,7,7,7,7,OK,,,,7.0
07214.png,7,7,7,7,OK,,,,7.0
07215.png,14,14,14,14,OK,,,,14.0
07216.png,3,3,3,3,OK,,,,3.0
07217.png,32,32,32,32,OK,,,,32.0
07218.png,11,11,11,11,OK,,,,11.0
07220.png,9,9,9,9,OK,,,,9.0
07221.png,15,15,15,15,OK,,,,15.0
07224.png,4,4,4,4,OK,,,,4.0
07225.png,27,27,27,27,OK,,,,27.0
07226.png,38,38,38,38,OK,,,,38.0
07227.png,11,11,11,11,OK,,,,11.0
07228.png,13,13,13,13,OK,,,,13.0
07230.png,11,11,11,11,OK,,,,11.0
07231.png,22,22,22,22,OK,,,,22.0
07232.png,10,10,10,10,OK,,,,10.0
07233.png,5,5,5,5,OK,,,,5.0
07236.png,38,38,38,38,OK,,,,38.0
07237.png,12,12,12,12,OK,,,,12.0
07239.png,13,13,13,13,OK,,,,13.0
07240.png,12,12,12,12,OK,,,,12.0
07241.png,9,9,9,9,OK,,,,9.0
07243.png,41,41,41,41,OK,,,,41.0
07244.png,13,13,13,13,OK,,,,13.0
07245.png,11,11,11,11,OK,,,,11.0
07248.png,33,33,33,33,OK,,,,33.0
07249.png,4,4,4,4,OK,,,,4.0
07250.png,3,3,3,3,OK,,,,3.0
07251.png,15,15,15,15,OK,,,,15.0
07253.png,4,4,4,4,OK,,,,4.0
07254.png,38,38,38,38,OK,,,,38.0
07258.png,42,42,42,42,OK,,,,42.0
07259.png,5,5,5,5,OK,,,,5.0
07260.png,5,5,5,5,OK,,,,5.0
07261.png,31,31,31,31,OK,,,,31.0
07263.png,5,5,5,5,OK,,,,5.0
07265.png,12,12,12,12,OK,,,,12.0
07267.png,40,40,40,40,OK,,,,40.0
07269.png,8,8,8,8,OK,,,,8.0
07272.png,10,10,10,10,OK,,,,10.0
07273.png,12,12,12,12,OK,,,,12.0
07274.png,14,14,14,14,OK,,,,14.0
07275.png,42,42,42,42,OK,,,,42.0
07276.png,10,10,10,10,OK,,,,10.0
07278.png,5,5,5,5,OK,,,,5.0
07279.png,26,13,12,12,KO,,,,13.0
07280.png,4,4,4,4,OK,,,,4.0
07284.png,25,25,25,25,OK,,,,25.0
07285.png,12,12,12,12,OK,,,,12.0
07287.png,8,8,8,8,OK,,,,8.0
07288.png,5,5,5,5,OK,,,,5.0
07290.png,25,25,25,25,OK,,,,25.0
07291.png,5,5,5,5,OK,,,,5.0
07293.png,32,32,32,32,OK,,,,32.0
07294.png,14,14,14,14,OK,,,,14.0
07297.png,9,9,9,9,OK,,,,9.0
07299.png,7,7,7,7,OK,,,,7.0
07301.png,3,3,3,3,OK,,,,3.0
07302.png,11,11,11,11,OK,,,,11.0
07304.png,41,41,41,41,OK,,,,41.0
07305.png,42,42,42,42,OK,,,,42.0
07308.png,10,10,10,10,OK,,,,10.0
07310.png,14,14,14,14,OK,,,,14.0
07311.png,38,38,38,38,OK,,,,38.0
07312.png,7,7,7,7,OK,,,,7.0
07317.png,8,8,8,8,OK,,,,8.0
07318.png,3,3,3,3,OK,,,,3.0
07319.png,3,3,3,3,OK,,,,3.0
07320.png,32,32,32,32,OK,,,,32.0
07321.png,38,38,38,38,OK,,,,38.0
07323.png,5,5,5,5,OK,,,,5.0
07325.png,13,13,13,13,OK,,,,13.0
07326.png,8,8,8,8,OK,,,,8.0
07327.png,8,8,8,8,OK,,,,8.0
07328.png,4,4,4,4,OK,,,,4.0
07330.png,8,8,8,8,OK,,,,8.0
07333.png,4,4,4,4,OK,,,,4.0
07335.png,38,38,38,38,OK,,,,38.0
07336.png,9,9,9,9,OK,,,,9.0
07337.png,9,9,9,9,OK,,,,9.0
07338.png,3,3,3,3,OK,,,,3.0
07339.png,10,10,10,10,OK,,,,10.0
07340.png,29,29,29,29,OK,,,,29.0
07341.png,33,33,33,33,OK,,,,33.0
07342.png,7,7,7,7,OK,,,,7.0
07344.png,9,9,9,9,OK,,,,9.0
07347.png,31,31,31,31,OK,,,,31.0
07348.png,39,39,39,39,OK,,,,39.0
07349.png,9,9,9,9,OK,,,,9.0
07350.png,15,15,15,15,OK,,,,15.0
07352.png,5,5,5,5,OK,,,,5.0
07353.png,38,38,38,38,OK,,,,38.0
07356.png,38,38,38,38,OK,,,,38.0
07357.png,11,11,11,11,OK,,,,11.0
07361.png,38,38,38,38,OK,,,,38.0
07363.png,8,8,8,8,OK,,,,8.0
07365.png,5,5,5,5,OK,,,,5.0
07366.png,14,14,14,14,OK,,,,14.0
07369.png,13,13,13,13,OK,,,,13.0
07370.png,38,38,38,38,OK,,,,38.0
07371.png,4,4,4,4,OK,,,,4.0
07372.png,31,31,31,31,OK,,,,31.0
07375.png,31,31,31,31,OK,,,,31.0
07377.png,5,5,5,5,OK,,,,5.0
07378.png,33,33,33,33,OK,,,,33.0
07379.png,5,5,5,5,OK,,,,5.0
07380.png,3,3,3,3,OK,,,,3.0
07381.png,38,38,38,38,OK,,,,38.0
07382.png,13,13,13,13,OK,,,,13.0
07384.png,13,13,13,13,OK,,,,13.0
07385.png,14,14,14,14,OK,,,,14.0
07386.png,13,13,13,13,OK,,,,13.0
07389.png,31,31,31,31,OK,,,,31.0
07390.png,11,11,11,11,OK,,,,11.0
07392.png,15,15,15,15,OK,,,,15.0
07393.png,10,10,10,10,OK,,,,10.0
07395.png,19,19,19,19,OK,,,,19.0
07398.png,7,7,7,7,OK,,,,7.0
07399.png,32,32,32,32,OK,,,,32.0
07401.png,10,10,10,10,OK,,,,10.0
07402.png,25,25,25,25,OK,,,,25.0
07403.png,9,9,9,9,OK,,,,9.0
07405.png,13,13,13,13,OK,,,,13.0
07406.png,21,21,21,21,OK,,,,21.0
07407.png,10,10,10,10,OK,,,,10.0
07411.png,37,37,37,37,OK,,,,37.0
07412.png,25,25,25,25,OK,,,,25.0
07413.png,5,5,5,5,OK,,,,5.0
07419.png,7,7,7,7,OK,,,,7.0
07421.png,8,8,8,8,OK,,,,8.0
07423.png,3,3,3,3,OK,,,,3.0
07426.png,8,8,8,8,OK,,,,8.0
07428.png,31,31,31,31,OK,,,,31.0
07433.png,13,13,13,13,OK,,,,13.0
07435.png,11,11,11,11,OK,,,,11.0
07436.png,8,8,8,8,OK,,,,8.0
07438.png,8,8,8,8,OK,,,,8.0
07440.png,3,3,3,3,OK,,,,3.0
07441.png,8,8,8,8,OK,,,,8.0
07444.png,25,25,25,25,OK,,,,25.0
07445.png,25,25,25,25,OK,,,,25.0
07447.png,8,8,8,8,OK,,,,8.0
07450.png,9,9,9,9,OK,,,,9.0
07451.png,7,7,7,7,OK,,,,7.0
07452.png,25,25,25,25,OK,,,,25.0
07453.png,7,7,7,7,OK,,,,7.0
07454.png,42,42,42,42,OK,,,,42.0
07456.png,4,4,4,4,OK,,,,4.0
07457.png,14,14,14,14,OK,,,,14.0
07458.png,14,14,14,14,OK,,,,14.0
07459.png,5,5,5,5,OK,,,,5.0
07460.png,41,41,41,41,OK,,,,41.0
07462.png,15,15,15,15,OK,,,,15.0
07463.png,7,7,7,7,OK,,,,7.0
07464.png,8,8,8,8,OK,,,,8.0
07465.png,14,14,14,14,OK,,,,14.0
07466.png,9,9,9,9,OK,,,,9.0
07467.png,20,20,20,20,OK,,,,20.0
07468.png,3,3,3,3,OK,,,,3.0
07470.png,3,3,3,3,OK,,,,3.0
07471.png,38,38,38,38,OK,,,,38.0
07472.png,13,13,13,13,OK,,,,13.0
07473.png,3,3,3,3,OK,,,,3.0
07475.png,10,10,10,10,OK,,,,10.0
07476.png,33,33,33,33,OK,,,,33.0
07477.png,7,7,7,7,OK,,,,7.0
07480.png,31,31,31,31,OK,,,,31.0
07481.png,33,33,33,33,OK,,,,33.0
07482.png,8,8,8,8,OK,,,,8.0
07484.png,9,9,9,9,OK,,,,9.0
07485.png,21,21,21,21,OK,,,,21.0
07486.png,13,13,13,13,OK,,,,13.0
07488.png,8,8,8,8,OK,,,,8.0
07489.png,33,33,33,33,OK,,,,33.0
07490.png,14,14,14,14,OK,,,,14.0
07492.png,10,10,10,10,OK,,,,10.0
07494.png,5,5,5,5,OK,,,,5.0
07496.png,13,13,13,13,OK,,,,13.0
07498.png,37,37,37,37,OK,,,,37.0
07499.png,4,4,4,4,OK,,,,4.0
07501.png,3,3,3,3,OK,,,,3.0
07502.png,8,8,8,8,OK,,,,8.0
07503.png,38,38,38,38,OK,,,,38.0
07504.png,42,42,42,42,OK,,,,42.0
07505.png,29,29,29,29,OK,,,,29.0
07510.png,5,5,5,5,OK,,,,5.0
07512.png,38,38,38,38,OK,,,,38.0
07513.png,8,8,8,8,OK,,,,8.0
07514.png,38,38,38,38,OK,,,,38.0
07515.png,13,13,13,13,OK,,,,13.0
07522.png,11,11,11,11,OK,,,,11.0
07523.png,10,10,10,10,OK,,,,10.0
07524.png,25,25,25,25,OK,,,,25.0
07526.png,5,5,5,5,OK,,,,5.0
07527.png,29,29,29,29,OK,,,,29.0
07528.png,31,31,31,31,OK,,,,31.0
07529.png,14,14,14,14,OK,,,,14.0
07531.png,38,38,38,38,OK,,,,38.0
07532.png,3,3,3,3,OK,,,,3.0
07534.png,14,14,14,14,OK,,,,14.0
07535.png,11,11,11,11,OK,,,,11.0
07536.png,25,25,25,25,OK,,,,25.0
07537.png,38,38,38,38,OK,,,,38.0
07538.png,8,8,8,8,OK,,,,8.0
07540.png,39,39,39,39,OK,,,,39.0
07543.png,4,4,4,4,OK,,,,4.0
07544.png,4,4,4,4,OK,,,,4.0
07547.png,4,4,4,4,OK,,,,4.0
07549.png,25,25,25,25,OK,,,,25.0
07551.png,5,5,5,5,OK,,,,5.0
07553.png,27,27,27,28,KO,,,,27.0
07556.png,38,38,38,38,OK,,,,38.0
07557.png,11,11,11,11,OK,,,,11.0
07558.png,4,4,4,4,OK,,,,4.0
07560.png,9,9,9,9,OK,,,,9.0
07561.png,4,4,4,4,OK,,,,4.0
07563.png,25,25,25,25,OK,,,,25.0
07564.png,4,4,4,4,OK,,,,4.0
07567.png,13,13,13,13,OK,,,,13.0
07571.png,21,21,21,21,OK,,,,21.0
07573.png,10,10,10,10,OK,,,,10.0
07574.png,5,5,5,5,OK,,,,5.0
07575.png,42,42,42,42,OK,,,,42.0
07576.png,13,13,13,13,OK,,,,13.0
07577.png,4,4,4,4,OK,,,,4.0
07580.png,3,3,3,3,OK,,,,3.0
07581.png,13,13,13,13,OK,,,,13.0
07582.png,19,19,19,19,OK,,,,19.0
07584.png,3,3,3,3,OK,,,,3.0
07585.png,4,4,4,4,OK,,,,4.0
07587.png,5,5,5,5,OK,,,,5.0
07588.png,31,31,31,31,OK,,,,31.0
07589.png,13,13,13,13,OK,,,,13.0
07590.png,25,25,25,25,OK,,,,25.0
07594.png,39,39,39,39,OK,,,,39.0
07595.png,38,38,38,38,OK,,,,38.0
07597.png,31,31,31,31,OK,,,,31.0
07598.png,38,38,38,38,OK,,,,38.0
07599.png,38,38,38,38,OK,,,,38.0
07600.png,3,3,3,3,OK,,,,3.0
07601.png,13,13,13,13,OK,,,,13.0
07604.png,10,10,10,10,OK,,,,10.0
07605.png,11,11,11,11,OK,,,,11.0
07606.png,38,38,38,38,OK,,,,38.0
07607.png,7,7,7,7,OK,,,,7.0
07609.png,33,33,33,33,OK,,,,33.0
07610.png,10,10,10,10,OK,,,,10.0
07613.png,3,3,3,3,OK,,,,3.0
07614.png,3,3,3,3,OK,,,,3.0
07615.png,13,13,13,13,OK,,,,13.0
07618.png,31,31,31,31,OK,,,,31.0
07619.png,38,38,38,38,OK,,,,38.0
07622.png,9,9,9,9,OK,,,,9.0
07624.png,8,8,8,8,OK,,,,8.0
07625.png,31,31,31,31,OK,,,,31.0
07626.png,3,3,3,3,OK,,,,3.0
07627.png,31,31,31,31,OK,,,,31.0
07628.png,33,33,33,33,OK,,,,33.0
07633.png,30,30,30,30,OK,,,,11.0
07634.png,4,4,4,4,OK,,,,4.0
07636.png,38,38,38,38,OK,,,,38.0
07641.png,9,9,9,9,OK,,,,9.0
07642.png,10,10,10,10,OK,,,,10.0
07643.png,4,4,4,4,OK,,,,4.0
07645.png,25,25,25,25,OK,,,,25.0
07646.png,31,31,31,31,OK,,,,31.0
07647.png,25,25,25,25,OK,,,,25.0
07649.png,13,13,13,13,OK,,,,13.0
07651.png,3,3,3,3,OK,,,,3.0
07652.png,31,31,31,31,OK,,,,31.0
07653.png,33,33,33,33,OK,,,,33.0
07656.png,15,15,15,15,OK,,,,15.0
07657.png,4,4,4,4,OK,,,,4.0
07659.png,8,8,8,8,OK,,,,8.0
07660.png,38,38,38,38,OK,,,,38.0
07661.png,33,33,33,33,OK,,,,33.0
07662.png,31,31,31,31,OK,,,,31.0
07663.png,38,38,38,38,OK,,,,38.0
07667.png,31,31,31,31,OK,,,,31.0
07668.png,10,10,10,10,OK,,,,10.0
07670.png,5,5,5,5,OK,,,,5.0
07671.png,5,5,5,5,OK,,,,5.0
07672.png,4,4,4,4,OK,,,,4.0
07673.png,38,38,38,38,OK,,,,38.0
07675.png,7,7,7,7,OK,,,,7.0
07676.png,21,21,21,21,OK,,,,21.0
07677.png,31,31,31,31,OK,,,,31.0
07679.png,8,8,8,8,OK,,,,8.0
07680.png,25,25,25,25,OK,,,,25.0
07681.png,4,4,4,4,OK,,,,4.0
07683.png,7,7,7,7,OK,,,,7.0
07690.png,7,7,7,7,OK,,,,7.0
07692.png,25,25,25,25,OK,,,,25.0
07697.png,29,29,29,29,OK,,,,29.0
07698.png,8,8,8,8,OK,,,,8.0
07699.png,9,9,9,9,OK,,,,9.0
07701.png,5,5,5,5,OK,,,,5.0
07704.png,10,10,10,10,OK,,,,10.0
07707.png,4,4,4,4,OK,,,,4.0
07709.png,4,4,4,4,OK,,,,4.0
07710.png,25,25,25,25,OK,,,,25.0
07711.png,7,7,7,7,OK,,,,7.0
07712.png,0,0,0,0,OK,,,,0.0
07714.png,25,25,25,25,OK,,,,25.0
07715.png,20,20,20,20,OK,,,,20.0
07717.png,11,11,11,11,OK,,,,11.0
07718.png,9,9,9,9,OK,,,,9.0
07719.png,5,5,5,5,OK,,,,5.0
07720.png,27,27,27,27,OK,,,,27.0
07722.png,4,4,4,4,OK,,,,4.0
07723.png,5,5,5,5,OK,,,,5.0
07726.png,4,4,4,4,OK,,,,4.0
07728.png,9,9,9,9,OK,,,,9.0
07729.png,3,3,3,3,OK,,,,3.0
07730.png,5,5,5,5,OK,,,,5.0
07733.png,11,11,11,11,OK,,,,11.0
07735.png,10,10,10,10,OK,,,,10.0
07737.png,20,20,20,20,OK,,,,20.0
07741.png,20,20,20,20,OK,,,,20.0
07742.png,25,25,25,25,OK,,,,25.0
07744.png,5,5,5,5,OK,,,,5.0
07746.png,8,8,8,8,OK,,,,8.0
07748.png,11,11,11,11,OK,,,,11.0
07749.png,7,7,7,7,OK,,,,7.0
07750.png,3,3,3,3,OK,,,,3.0
07751.png,10,10,10,10,OK,,,,10.0
07752.png,10,10,10,10,OK,,,,10.0
07755.png,7,7,7,7,OK,,,,7.0
07756.png,8,8,8,8,OK,,,,8.0
07761.png,9,9,9,9,OK,,,,9.0
07762.png,4,4,4,4,OK,,,,4.0
07763.png,39,39,39,39,OK,,,,39.0
07764.png,10,10,10,10,OK,,,,10.0
07770.png,9,9,9,9,OK,,,,9.0
07771.png,8,8,8,8,OK,,,,8.0
07773.png,11,11,11,11,OK,,,,11.0
07774.png,3,3,3,3,OK,,,,3.0
07777.png,8,8,8,8,OK,,,,8.0
07778.png,7,7,7,7,OK,,,,7.0
07782.png,8,8,8,8,OK,,,,8.0
07785.png,33,33,33,33,OK,,,,33.0
07786.png,31,31,31,31,OK,,,,31.0
07787.png,9,9,9,9,OK,,,,9.0
07791.png,9,9,9,9,OK,,,,9.0
07795.png,4,4,4,4,OK,,,,4.0
07796.png,8,8,8,8,OK,,,,8.0
07798.png,37,37,37,37,OK,,,,37.0
07799.png,8,8,8,8,OK,,,,8.0
07803.png,11,11,11,11,OK,,,,11.0
07808.png,8,8,8,8,OK,,,,8.0
07809.png,31,31,31,31,OK,,,,31.0
07810.png,7,7,7,7,OK,,,,7.0
07812.png,5,5,5,5,OK,,,,5.0
07813.png,7,7,7,7,OK,,,,7.0
07814.png,31,31,31,31,OK,,,,31.0
07815.png,9,9,9,9,OK,,,,9.0
07816.png,10,10,10,10,OK,,,,10.0
07818.png,8,8,8,8,OK,,,,8.0
07820.png,10,10,10,10,OK,,,,10.0
07821.png,5,5,5,5,OK,,,,5.0
07822.png,5,5,5,5,OK,,,,5.0
07823.png,25,25,25,25,OK,,,,25.0
07824.png,24,24,24,24,OK,,,,24.0
07825.png,14,14,14,14,OK,,,,14.0
07829.png,4,4,4,4,OK,,,,4.0
07831.png,4,4,4,4,OK,,,,4.0
07832.png,7,7,7,7,OK,,,,7.0
07833.png,39,39,39,39,OK,,,,39.0
07835.png,5,5,5,5,OK,,,,5.0
07837.png,3,3,3,3,OK,,,,3.0
07839.png,31,31,31,31,OK,,,,31.0
07840.png,25,25,25,25,OK,,,,25.0
07841.png,3,3,3,3,OK,,,,3.0
07842.png,5,5,5,5,OK,,,,5.0
07843.png,10,10,10,10,OK,,,,10.0
07845.png,42,42,42,42,OK,,,,42.0
07846.png,7,7,7,7,OK,,,,7.0
07847.png,25,25,25,25,OK,,,,25.0
07849.png,8,8,8,8,OK,,,,8.0
07851.png,5,5,5,5,OK,,,,5.0
07858.png,33,33,33,33,OK,,,,33.0
07860.png,4,4,4,4,OK,,,,4.0
07861.png,5,5,5,5,OK,,,,5.0
07862.png,5,5,5,5,OK,,,,5.0
07863.png,11,11,11,11,OK,,,,11.0
07864.png,25,25,25,25,OK,,,,25.0
07865.png,10,10,10,10,OK,,,,10.0
07866.png,7,7,7,7,OK,,,,7.0
07867.png,4,4,4,4,OK,,,,4.0
07870.png,8,8,8,8,OK,,,,8.0
07871.png,4,4,4,4,OK,,,,4.0
07874.png,14,14,14,14,OK,,,,14.0
07877.png,37,37,37,37,OK,,,,37.0
07879.png,5,5,5,5,OK,,,,5.0
07885.png,20,20,20,20,OK,,,,20.0
07888.png,14,14,14,14,OK,,,,14.0
07892.png,25,25,25,25,OK,,,,25.0
07896.png,5,5,5,5,OK,,,,5.0
07897.png,25,25,25,25,OK,,,,25.0
07898.png,5,5,5,5,OK,,,,5.0
07901.png,4,4,4,4,OK,,,,4.0
07902.png,4,4,4,4,OK,,,,4.0
07905.png,3,3,3,3,OK,,,,3.0
07906.png,5,5,5,5,OK,,,,5.0
07910.png,21,21,21,21,OK,,,,21.0
07914.png,4,4,4,4,OK,,,,4.0
07919.png,31,31,31,31,OK,,,,31.0
07920.png,11,11,11,11,OK,,,,11.0
07922.png,14,14,14,14,OK,,,,14.0
07923.png,32,32,32,32,OK,,,,32.0
07925.png,37,37,37,37,OK,,,,37.0
07926.png,5,5,5,5,OK,,,,5.0
07929.png,15,15,15,15,OK,,,,15.0
07931.png,25,25,25,25,OK,,,,25.0
07932.png,5,5,5,5,OK,,,,5.0
07934.png,25,25,25,25,OK,,,,25.0
07937.png,5,5,5,5,OK,,,,5.0
07938.png,33,33,33,33,OK,,,,33.0
07942.png,15,15,15,15,OK,,,,15.0
07944.png,7,7,7,7,OK,,,,7.0
07949.png,42,42,42,42,OK,,,,42.0
07950.png,11,11,11,11,OK,,,,11.0
07955.png,37,37,37,37,OK,,,,37.0
07957.png,4,8,8,8,KO,,,,8.0
07958.png,7,7,7,7,OK,,,,7.0
07959.png,5,5,5,5,OK,,,,5.0
07961.png,14,14,14,14,OK,,,,14.0
07962.png,3,3,3,3,OK,,,,3.0
07965.png,15,15,15,15,OK,,,,15.0
07966.png,25,25,25,25,OK,,,,25.0
07967.png,8,8,8,8,OK,,,,8.0
07968.png,3,3,3,3,OK,,,,3.0
07970.png,9,9,9,9,OK,,,,9.0
07972.png,3,3,3,3,OK,,,,3.0
07975.png,4,4,4,4,OK,,,,4.0
07976.png,9,9,9,9,OK,,,,9.0
07981.png,25,25,25,25,OK,,,,25.0
07985.png,24,24,24,24,OK,,,,24.0
07986.png,5,5,5,5,OK,,,,5.0
07987.png,19,19,19,19,OK,,,,19.0
07990.png,7,7,7,7,OK,,,,7.0
07991.png,11,11,11,11,OK,,,,11.0
07992.png,11,11,11,11,OK,,,,11.0
07993.png,11,11,11,11,OK,,,,11.0
07994.png,3,3,3,3,OK,,,,3.0
07998.png,4,4,4,4,OK,,,,4.0
08000.png,32,32,32,32,OK,,,,32.0
08001.png,5,5,5,5,OK,,,,5.0
08002.png,4,4,4,4,OK,,,,4.0
08004.png,7,7,7,7,OK,,,,7.0
08006.png,20,20,20,20,OK,,,,20.0
08009.png,21,21,21,21,OK,,,,21.0
08012.png,25,25,25,25,OK,,,,25.0
08013.png,21,21,21,21,OK,,,,21.0
08014.png,4,4,4,4,OK,,,,4.0
08016.png,7,7,7,7,OK,,,,7.0
08022.png,7,7,7,7,OK,,,,7.0
08023.png,9,9,9,9,OK,,,,9.0
08028.png,3,3,3,3,OK,,,,3.0
08032.png,7,7,7,7,OK,,,,7.0
08033.png,9,9,9,9,OK,,,,9.0
08034.png,9,9,9,9,OK,,,,9.0
08035.png,9,9,9,9,OK,,,,9.0
08036.png,21,21,21,21,OK,,,,21.0
08038.png,31,31,31,31,OK,,,,31.0
08042.png,27,27,27,27,OK,,,,27.0
08043.png,31,31,31,31,OK,,,,31.0
08044.png,25,25,25,25,OK,,,,25.0
08046.png,11,11,11,11,OK,,,,11.0
08047.png,24,24,24,24,OK,,,,24.0
08048.png,8,8,8,8,OK,,,,8.0
08050.png,9,9,9,9,OK,,,,9.0
08051.png,3,3,3,3,OK,,,,3.0
08056.png,39,39,39,39,OK,,,,39.0
08066.png,9,9,9,9,OK,,,,9.0
08076.png,24,24,24,24,OK,,,,24.0
08077.png,3,3,3,3,OK,,,,3.0
08081.png,9,9,9,9,OK,,,,9.0
08082.png,8,8,8,8,OK,,,,8.0
08085.png,7,7,7,7,OK,,,,7.0
08086.png,9,9,9,9,OK,,,,9.0
08087.png,9,9,9,9,OK,,,,9.0
08090.png,33,33,33,33,OK,,,,33.0
08093.png,5,5,5,5,OK,,,,5.0
08094.png,5,5,5,5,OK,,,,5.0
08095.png,3,3,3,3,OK,,,,3.0
08102.png,11,11,11,11,OK,,,,11.0
08104.png,32,32,32,32,OK,,,,32.0
08108.png,11,11,11,11,OK,,,,11.0
08110.png,4,4,4,4,OK,,,,4.0
08117.png,4,4,4,4,OK,,,,4.0
08118.png,21,21,21,21,OK,,,,21.0
08120.png,3,3,3,3,OK,,,,3.0
08128.png,7,7,7,7,OK,,,,7.0
08130.png,25,25,25,25,OK,,,,25.0
08132.png,8,8,8,8,OK,,,,8.0
08133.png,27,27,27,27,OK,,,,27.0
08134.png,4,4,4,4,OK,,,,4.0
08135.png,41,41,41,41,OK,,,,41.0
08136.png,7,7,7,7,OK,,,,7.0
08137.png,3,3,3,3,OK,,,,3.0
08138.png,15,15,15,15,OK,,,,15.0
08139.png,9,9,9,9,OK,,,,9.0
08141.png,7,7,7,7,OK,,,,7.0
08142.png,32,32,32,32,OK,,,,32.0
08143.png,14,14,14,14,OK,,,,14.0
08145.png,9,9,9,9,OK,,,,9.0
08152.png,7,7,7,7,OK,,,,7.0
08155.png,8,8,8,8,OK,,,,8.0
08156.png,3,3,3,3,OK,,,,3.0
08157.png,11,11,11,11,OK,,,,11.0
08158.png,7,7,7,7,OK,,,,7.0
08160.png,5,5,5,5,OK,,,,5.0
08161.png,4,4,4,4,OK,,,,4.0
08162.png,33,33,33,33,OK,,,,33.0
08165.png,4,4,4,4,OK,,,,4.0
08166.png,25,25,25,25,OK,,,,25.0
08167.png,25,25,25,25,OK,,,,25.0
08168.png,37,37,37,37,OK,,,,37.0
08171.png,15,15,15,15,OK,,,,15.0
08173.png,11,11,11,11,OK,,,,11.0
08174.png,5,5,5,5,OK,,,,5.0
08184.png,19,19,19,19,OK,,,,19.0
08190.png,5,5,5,5,OK,,,,5.0
08191.png,5,5,5,5,OK,,,,5.0
08192.png,9,9,9,9,OK,,,,9.0
08196.png,3,3,3,3,OK,,,,3.0
08198.png,3,3,3,3,OK,,,,3.0
08200.png,4,4,4,4,OK,,,,4.0
08205.png,42,42,42,42,OK,,,,42.0
08207.png,7,7,7,7,OK,,,,7.0
08209.png,3,3,3,3,OK,,,,3.0
08210.png,19,19,19,19,OK,,,,19.0
08214.png,9,9,9,9,OK,,,,9.0
08217.png,33,33,33,33,OK,,,,33.0
08218.png,15,15,15,15,OK,,,,15.0
08224.png,4,4,4,4,OK,,,,4.0
08226.png,31,31,31,31,OK,,,,31.0
08228.png,31,31,31,31,OK,,,,31.0
08233.png,9,9,9,9,OK,,,,9.0
08235.png,31,31,31,31,OK,,,,31.0
08239.png,8,8,8,8,OK,,,,8.0
08243.png,7,7,7,7,OK,,,,7.0
08246.png,7,7,7,7,OK,,,,7.0
08249.png,8,8,8,8,OK,,,,8.0
08251.png,9,9,9,9,OK,,,,9.0
08252.png,9,9,9,9,OK,,,,9.0
08254.png,41,41,41,41,OK,,,,41.0
08258.png,33,33,33,33,OK,,,,33.0
08265.png,11,11,11,11,OK,,,,11.0
08267.png,7,7,7,7,OK,,,,7.0
08269.png,14,14,14,14,OK,,,,14.0
08271.png,8,8,8,8,OK,,,,8.0
08273.png,7,7,7,7,OK,,,,7.0
08274.png,9,9,9,9,OK,,,,9.0
08275.png,11,11,11,11,OK,,,,11.0
08278.png,5,8,8,5,KO,,,,8.0
08281.png,3,3,3,3,OK,,,,3.0
08283.png,31,31,31,31,OK,,,,31.0
08290.png,14,14,14,14,OK,,,,14.0
08296.png,11,11,11,11,OK,,,,11.0
08297.png,11,11,11,11,OK,,,,11.0
08299.png,21,21,21,21,OK,,,,21.0
08301.png,25,25,25,25,OK,,,,25.0
08310.png,3,3,3,3,OK,,,,3.0
08317.png,11,11,11,11,OK,,,,11.0
08318.png,9,9,9,9,OK,,,,9.0
08321.png,3,3,3,3,OK,,,,3.0
08326.png,25,25,25,25,OK,,,,25.0
08328.png,15,15,15,15,OK,,,,15.0
08332.png,31,31,31,31,OK,,,,31.0
08337.png,39,39,39,39,OK,,,,39.0
08339.png,11,11,11,11,OK,,,,11.0
08340.png,31,31,31,31,OK,,,,31.0
08343.png,25,25,25,25,OK,,,,25.0
08345.png,7,7,7,7,OK,,,,7.0
08350.png,9,9,9,9,OK,,,,9.0
08352.png,21,21,21,21,OK,,,,21.0
08355.png,31,31,31,31,OK,,,,31.0
08356.png,9,9,9,9,OK,,,,9.0
08357.png,33,33,33,33,OK,,,,33.0
08358.png,31,31,31,31,OK,,,,31.0
08361.png,20,20,20,20,OK,,,,20.0
08362.png,31,31,31,31,OK,,,,31.0
08364.png,25,25,25,25,OK,,,,25.0
08370.png,11,11,11,11,OK,,,,11.0
08372.png,33,33,33,33,OK,,,,33.0
08374.png,9,9,9,9,OK,,,,9.0
08375.png,20,20,20,20,OK,,,,20.0
08377.png,25,25,25,25,OK,,,,25.0
08379.png,9,9,9,9,OK,,,,9.0
08381.png,8,8,8,8,OK,,,,8.0
08382.png,39,39,39,39,OK,,,,39.0
08384.png,9,9,9,9,OK,,,,9.0
08387.png,8,8,8,8,OK,,,,8.0
08388.png,25,25,25,25,OK,,,,25.0
08390.png,3,3,3,3,OK,,,,3.0
08393.png,3,3,3,3,OK,,,,3.0
08395.png,25,25,25,25,OK,,,,25.0
08398.png,19,19,19,19,OK,,,,19.0
08400.png,25,25,25,25,OK,,,,25.0
08403.png,39,39,39,39,OK,,,,39.0
08407.png,3,3,3,3,OK,,,,3.0
08409.png,8,8,8,8,OK,,,,8.0
08415.png,9,9,9,9,OK,,,,9.0
08422.png,27,27,27,27,OK,,,,27.0
08423.png,39,39,39,39,OK,,,,39.0
08424.png,37,37,37,37,OK,,,,37.0
08426.png,3,3,3,3,OK,,,,3.0
08427.png,15,15,15,15,OK,,,,13.0
08428.png,24,24,24,24,OK,,,,24.0
08435.png,31,31,31,31,OK,,,,31.0
08437.png,11,11,11,11,OK,,,,11.0
08438.png,15,15,15,15,OK,,,,15.0
08439.png,15,15,15,15,OK,,,,15.0
08441.png,7,7,7,7,OK,,,,7.0
08445.png,7,7,7,7,OK,,,,7.0
08446.png,11,11,11,11,OK,,,,11.0
08447.png,21,21,21,21,OK,,,,21.0
08448.png,14,14,14,14,OK,,,,14.0
08449.png,24,24,24,24,OK,,,,24.0
08452.png,20,20,20,20,OK,,,,20.0
08454.png,9,9,9,9,OK,,,,9.0
08456.png,41,41,41,41,OK,,,,41.0
08460.png,21,21,21,21,OK,,,,21.0
08462.png,20,20,20,20,OK,,,,20.0
08465.png,25,25,25,25,OK,,,,25.0
08466.png,9,9,9,9,OK,,,,9.0
08468.png,3,3,3,3,OK,,,,3.0
08472.png,8,8,8,8,OK,,,,8.0
08473.png,7,7,7,7,OK,,,,7.0
08474.png,9,9,9,9,OK,,,,9.0
08475.png,14,14,14,14,OK,,,,14.0
08476.png,14,14,14,14,OK,,,,14.0
08477.png,14,14,14,14,OK,,,,14.0
08478.png,7,7,7,7,OK,,,,7.0
08482.png,11,11,11,11,OK,,,,11.0
08484.png,33,33,33,33,OK,,,,33.0
08485.png,11,11,11,11,OK,,,,11.0
08488.png,11,11,11,11,OK,,,,11.0
08493.png,7,7,7,7,OK,,,,7.0
08502.png,15,15,15,15,OK,,,,15.0
08504.png,9,9,9,9,OK,,,,9.0
08505.png,37,37,37,37,OK,,,,37.0
08515.png,7,7,7,7,OK,,,,7.0
08516.png,11,11,11,11,OK,,,,11.0
08518.png,7,7,7,7,OK,,,,7.0
08522.png,9,9,9,9,OK,,,,9.0
08524.png,7,7,7,7,OK,,,,7.0
08525.png,39,39,39,39,OK,,,,39.0
08526.png,7,7,7,7,OK,,,,7.0
08527.png,25,25,25,25,OK,,,,25.0
08529.png,25,25,25,25,OK,,,,25.0
08530.png,15,15,15,15,OK,,,,15.0
08540.png,8,8,8,8,OK,,,,8.0
08544.png,39,39,39,39,OK,,,,39.0
08548.png,14,14,14,14,OK,,,,14.0
08552.png,3,3,3,3,OK,,,,3.0
08564.png,8,8,8,8,OK,,,,8.0
08567.png,8,8,8,8,OK,,,,8.0
08573.png,14,14,14,14,OK,,,,14.0
08574.png,27,27,27,27,OK,,,,27.0
08581.png,31,31,31,31,OK,,,,31.0
08583.png,7,7,7,7,OK,,,,7.0
08584.png,11,11,11,11,OK,,,,11.0
08585.png,27,27,27,28,KO,,,,27.0
08586.png,14,14,14,14,OK,,,,14.0
08588.png,31,31,31,31,OK,,,,31.0
08593.png,11,11,11,11,OK,,,,11.0
08597.png,8,8,8,8,OK,,,,8.0
08599.png,24,24,24,24,OK,,,,24.0
08602.png,3,3,3,3,OK,,,,3.0
08606.png,8,8,8,8,OK,,,,8.0
08607.png,14,14,14,14,OK,,,,14.0
08613.png,31,31,31,31,OK,,,,31.0
08618.png,8,8,8,8,OK,,,,8.0
08620.png,31,31,31,31,OK,,,,31.0
08626.png,15,15,15,15,OK,,,,15.0
08627.png,7,7,7,7,OK,,,,7.0
08628.png,14,14,14,14,OK,,,,14.0
08630.png,15,15,15,15,OK,,,,15.0
08639.png,9,9,9,9,OK,,,,9.0
08642.png,9,9,9,9,OK,,,,9.0
08645.png,9,9,9,9,OK,,,,9.0
08646.png,8,8,8,8,OK,,,,8.0
08655.png,8,8,8,8,OK,,,,8.0
08657.png,31,31,31,31,OK,,,,31.0
08659.png,8,8,8,8,OK,,,,8.0
08660.png,19,19,19,19,OK,,,,19.0
08664.png,11,11,11,11,OK,,,,11.0
08672.png,14,14,14,14,OK,,,,14.0
08674.png,9,9,9,9,OK,,,,9.0
08682.png,31,31,31,31,OK,,,,31.0
08683.png,3,3,3,3,OK,,,,3.0
08684.png,41,41,41,41,OK,,,,41.0
08688.png,25,25,25,25,OK,,,,25.0
08690.png,8,8,8,8,OK,,,,8.0
08692.png,25,25,25,25,OK,,,,25.0
08694.png,8,8,8,8,OK,,,,8.0
08696.png,15,15,15,15,OK,,,,15.0
08698.png,9,9,9,9,OK,,,,9.0
08699.png,11,11,11,11,OK,,,,11.0
08700.png,42,42,42,42,OK,,,,42.0
08703.png,33,33,33,33,OK,,,,33.0
08711.png,41,41,41,41,OK,,,,41.0
08716.png,9,9,9,9,OK,,,,9.0
08721.png,25,25,25,25,OK,,,,25.0
08727.png,41,41,41,41,OK,,,,41.0
08729.png,33,33,33,33,OK,,,,33.0
08735.png,32,32,32,32,OK,,,,32.0
08737.png,15,15,15,15,OK,,,,15.0
08740.png,27,27,27,27,OK,,,,27.0
08745.png,8,8,8,8,OK,,,,8.0
08746.png,24,24,24,24,OK,,,,24.0
08747.png,33,33,33,33,OK,,,,33.0
08750.png,25,25,25,25,OK,,,,25.0
08751.png,31,31,31,31,OK,,,,31.0
08752.png,9,9,9,9,OK,,,,9.0
08753.png,15,15,15,15,OK,,,,15.0
08755.png,9,9,9,9,OK,,,,9.0
08757.png,15,15,15,15,OK,,,,15.0
08762.png,9,9,9,9,OK,,,,9.0
08768.png,15,15,15,15,OK,,,,15.0
08769.png,32,32,32,32,OK,,,,32.0
08773.png,27,27,27,27,OK,,,,27.0
08776.png,9,9,9,9,OK,,,,9.0
08785.png,7,7,7,7,OK,,,,7.0
08788.png,7,7,7,7,OK,,,,7.0
08792.png,25,25,25,25,OK,,,,25.0
08793.png,7,7,7,7,OK,,,,7.0
08799.png,25,25,25,25,OK,,,,25.0
08800.png,8,8,8,8,OK,,,,8.0
08805.png,15,15,15,15,OK,,,,15.0
08806.png,15,15,15,15,OK,,,,15.0
08807.png,11,11,11,11,OK,,,,11.0
08809.png,9,9,9,9,OK,,,,9.0
08810.png,11,11,11,11,OK,,,,11.0
08811.png,8,8,8,8,OK,,,,8.0
08812.png,15,15,15,15,OK,,,,15.0
08822.png,8,8,8,8,OK,,,,8.0
08823.png,3,3,3,3,OK,,,,3.0
08828.png,3,3,3,3,OK,,,,3.0
08832.png,41,41,41,41,OK,,,,41.0
08836.png,25,25,25,25,OK,,,,25.0
08843.png,11,11,11,11,OK,,,,11.0
08845.png,14,14,14,14,OK,,,,14.0
08850.png,8,8,8,8,OK,,,,8.0
08852.png,33,33,33,33,OK,,,,33.0
08859.png,24,24,24,24,OK,,,,24.0
08860.png,9,9,9,9,OK,,,,9.0
08864.png,11,11,11,11,OK,,,,11.0
08866.png,25,25,25,25,OK,,,,25.0
08870.png,15,15,15,15,OK,,,,15.0
08871.png,3,3,3,3,OK,,,,3.0
08872.png,3,3,3,3,OK,,,,3.0
08873.png,25,25,25,25,OK,,,,25.0
08874.png,25,25,25,25,OK,,,,25.0
08877.png,14,14,14,14,OK,,,,14.0
08884.png,14,14,14,14,OK,,,,14.0
08888.png,25,25,25,25,OK,,,,25.0
08889.png,31,31,31,31,OK,,,,31.0
08890.png,32,32,32,32,OK,,,,32.0
08894.png,41,41,41,41,OK,,,,41.0
08895.png,24,24,24,24,OK,,,,24.0
08896.png,15,15,15,15,OK,,,,15.0
08898.png,9,9,9,9,OK,,,,9.0
08899.png,31,31,31,31,OK,,,,31.0
08900.png,31,31,31,31,OK,,,,31.0
08906.png,11,11,11,11,OK,,,,11.0
08907.png,7,7,7,7,OK,,,,7.0
08909.png,31,31,31,31,OK,,,,31.0
08914.png,3,3,3,3,OK,,,,3.0
08915.png,7,7,7,7,OK,,,,7.0
08916.png,9,9,9,9,OK,,,,9.0
08923.png,8,8,8,8,OK,,,,8.0
08924.png,7,7,7,7,OK,,,,7.0
08928.png,3,3,3,3,OK,,,,3.0
08930.png,31,31,31,31,OK,,,,31.0
08931.png,33,33,33,33,OK,,,,33.0
08933.png,21,21,21,21,OK,,,,21.0
08936.png,15,15,15,15,OK,,,,15.0
08941.png,33,33,33,33,OK,,,,33.0
08943.png,25,25,25,25,OK,,,,25.0
08948.png,7,7,7,7,OK,,,,7.0
08949.png,25,25,25,25,OK,,,,25.0
08950.png,9,9,9,9,OK,,,,9.0
08952.png,33,33,33,33,OK,,,,33.0
08957.png,31,31,31,31,OK,,,,31.0
08961.png,3,3,3,3,OK,,,,3.0
08964.png,8,8,8,8,OK,,,,8.0
08965.png,14,14,14,14,OK,,,,14.0
08966.png,19,19,19,19,OK,,,,19.0
08971.png,25,25,25,25,OK,,,,25.0
08973.png,11,11,11,11,OK,,,,11.0
08977.png,3,3,3,3,OK,,,,3.0
08978.png,8,8,8,8,OK,,,,8.0
08983.png,33,33,33,33,OK,,,,33.0
08984.png,21,21,21,21,OK,,,,21.0
08986.png,8,8,8,8,OK,,,,8.0
08991.png,19,19,19,19,OK,,,,19.0
08992.png,9,9,9,9,OK,,,,9.0
08994.png,14,14,14,14,OK,,,,14.0
08998.png,25,25,25,25,OK,,,,25.0
09002.png,11,11,11,11,OK,,,,11.0
09003.png,14,14,14,14,OK,,,,14.0
09005.png,14,14,14,14,OK,,,,14.0
09011.png,3,3,3,3,OK,,,,3.0
09012.png,11,11,11,11,OK,,,,11.0
09016.png,9,9,9,9,OK,,,,9.0
09017.png,11,11,11,11,OK,,,,11.0
09022.png,3,3,3,3,OK,,,,3.0
09023.png,3,3,3,3,OK,,,,3.0
09024.png,32,32,32,32,OK,,,,32.0
09025.png,9,9,9,9,OK,,,,9.0
09026.png,11,11,11,11,OK,,,,11.0
09027.png,7,7,7,7,OK,,,,7.0
09030.png,8,8,8,8,OK,,,,8.0
09041.png,33,33,33,33,OK,,,,33.0
09042.png,3,3,3,3,OK,,,,3.0
09043.png,9,9,9,9,OK,,,,9.0
09046.png,31,31,31,31,OK,,,,31.0
09050.png,3,3,3,3,OK,,,,3.0
09055.png,37,37,37,37,OK,,,,37.0
09058.png,9,9,9,9,OK,,,,9.0
09059.png,15,15,15,15,OK,,,,15.0
09060.png,15,15,15,15,OK,,,,15.0
09064.png,11,11,11,11,OK,,,,11.0
09068.png,11,11,11,11,OK,,,,11.0
09071.png,21,21,21,21,OK,,,,21.0
09072.png,7,7,7,7,OK,,,,7.0
09074.png,33,33,33,33,OK,,,,33.0
09076.png,3,3,3,3,OK,,,,3.0
09083.png,25,25,25,25,OK,,,,25.0
09084.png,3,3,3,3,OK,,,,3.0
09094.png,33,33,33,33,OK,,,,33.0
09095.png,24,27,24,24,KO,,,,24.0
09096.png,3,3,3,3,OK,,,,3.0
09099.png,3,3,3,3,OK,,,,3.0
09104.png,8,8,8,8,OK,,,,8.0
09106.png,11,11,11,11,OK,,,,11.0
09107.png,15,15,15,15,OK,,,,15.0
09108.png,25,25,25,25,OK,,,,25.0
09110.png,7,7,7,7,OK,,,,7.0
09111.png,30,30,30,30,OK,,,,30.0
09112.png,3,3,3,3,OK,,,,3.0
09114.png,25,25,25,25,OK,,,,25.0
09115.png,8,8,8,8,OK,,,,8.0
09116.png,8,8,8,8,OK,,,,8.0
09117.png,0,0,0,0,OK,,,,0.0
09126.png,25,25,25,25,OK,,,,25.0
09128.png,3,3,3,3,OK,,,,3.0
09136.png,24,24,24,24,OK,,,,24.0
09139.png,3,3,3,3,OK,,,,3.0
09141.png,32,32,32,32,OK,,,,32.0
09143.png,8,8,8,8,OK,,,,8.0
09145.png,14,14,14,14,OK,,,,14.0
09147.png,24,24,24,24,OK,,,,24.0
09148.png,25,25,25,25,OK,,,,25.0
09157.png,11,11,11,11,OK,,,,11.0
09158.png,27,27,27,25,KO,,,,27.0
09159.png,32,32,32,32,OK,,,,32.0
09160.png,32,32,32,32,OK,,,,32.0
09164.png,37,37,37,37,OK,,,,37.0
09167.png,31,31,31,31,OK,,,,31.0
09174.png,25,25,25,25,OK,,,,25.0
09176.png,8,8,8,8,OK,,,,8.0
09182.png,24,24,24,24,OK,,,,24.0
09184.png,9,9,9,9,OK,,,,9.0
09185.png,11,11,11,11,OK,,,,11.0
09190.png,11,11,11,11,OK,,,,11.0
09192.png,25,25,25,25,OK,,,,25.0
09200.png,7,7,7,7,OK,,,,7.0
09201.png,32,32,32,32,OK,,,,32.0
09206.png,3,3,3,3,OK,,,,3.0
09207.png,25,25,25,25,OK,,,,25.0
09210.png,7,7,7,7,OK,,,,7.0
09211.png,9,9,9,9,OK,,,,9.0
09216.png,24,24,24,24,OK,,,,24.0
09217.png,37,37,37,37,OK,,,,37.0
09221.png,9,9,9,9,OK,,,,9.0
09222.png,21,21,21,21,OK,,,,21.0
09225.png,25,25,25,25,OK,,,,25.0
09228.png,9,9,9,9,OK,,,,9.0
09230.png,15,15,15,15,OK,,,,15.0
09236.png,7,7,7,7,OK,,,,7.0
09243.png,7,7,7,7,OK,,,,7.0
09249.png,31,31,31,31,OK,,,,31.0
09251.png,8,8,8,8,OK,,,,8.0
09258.png,3,3,3,3,OK,,,,3.0
09261.png,25,25,25,25,OK,,,,25.0
09262.png,8,8,8,8,OK,,,,8.0
09264.png,14,14,14,14,OK,,,,14.0
09265.png,7,7,7,7,OK,,,,7.0
09267.png,21,21,21,21,OK,,,,21.0
09268.png,8,8,8,8,OK,,,,8.0
09269.png,9,9,9,9,OK,,,,9.0
09270.png,21,21,21,21,OK,,,,21.0
09278.png,7,7,7,7,OK,,,,7.0
09279.png,11,11,11,11,OK,,,,11.0
09281.png,15,15,15,15,OK,,,,15.0
09290.png,8,8,8,8,OK,,,,8.0
09291.png,11,11,11,11,OK,,,,11.0
09296.png,25,25,25,25,OK,,,,25.0
09300.png,25,25,25,25,OK,,,,25.0
09301.png,8,8,8,8,OK,,,,8.0
09305.png,11,11,11,11,OK,,,,11.0
09307.png,31,31,31,31,OK,,,,31.0
09308.png,11,11,11,11,OK,,,,11.0
09310.png,37,37,37,37,OK,,,,37.0
09312.png,8,8,8,8,OK,,,,8.0
09316.png,14,14,14,14,OK,,,,14.0
09319.png,8,8,8,8,OK,,,,8.0
09321.png,3,3,3,3,OK,,,,3.0
09324.png,3,3,3,3,OK,,,,3.0
09325.png,8,8,8,8,OK,,,,8.0
09330.png,25,25,25,25,OK,,,,25.0
09331.png,7,7,7,7,OK,,,,7.0
09333.png,9,9,9,9,OK,,,,9.0
09338.png,7,7,7,7,OK,,,,7.0
09344.png,14,14,14,14,OK,,,,14.0
09347.png,3,3,3,3,OK,,,,3.0
09352.png,3,3,3,3,OK,,,,3.0
09353.png,11,11,11,11,OK,,,,11.0
09354.png,15,15,15,15,OK,,,,15.0
09359.png,25,25,25,25,OK,,,,25.0
09360.png,14,14,14,14,OK,,,,14.0
09364.png,33,33,33,33,OK,,,,33.0
09366.png,8,8,8,8,OK,,,,8.0
09372.png,33,33,33,33,OK,,,,33.0
09375.png,14,14,14,14,OK,,,,14.0
09378.png,9,9,9,9,OK,,,,9.0
09379.png,33,33,33,33,OK,,,,33.0
09384.png,14,14,14,14,OK,,,,14.0
09388.png,11,11,11,11,OK,,,,11.0
09390.png,8,8,8,8,OK,,,,8.0
09393.png,8,8,8,8,OK,,,,8.0
09396.png,7,7,7,7,OK,,,,7.0
09397.png,33,33,33,33,OK,,,,33.0
09404.png,31,31,31,31,OK,,,,31.0
09409.png,25,25,25,25,OK,,,,25.0
09412.png,11,11,11,11,OK,,,,11.0
09418.png,27,27,27,27,OK,,,,27.0
09423.png,7,7,7,7,OK,,,,7.0
09424.png,8,8,8,8,OK,,,,8.0
09433.png,31,31,31,31,OK,,,,31.0
09436.png,9,9,9,9,OK,,,,9.0
09443.png,24,24,24,24,OK,,,,24.0
09444.png,3,3,3,3,OK,,,,3.0
09452.png,25,25,25,25,OK,,,,25.0
09454.png,7,7,7,7,OK,,,,7.0
09459.png,3,3,3,3,OK,,,,3.0
09462.png,41,41,41,41,OK,,,,41.0
09463.png,11,11,11,11,OK,,,,11.0
09467.png,33,33,33,33,OK,,,,33.0
09475.png,41,41,41,41,OK,,,,41.0
09477.png,8,8,8,8,OK,,,,8.0
09478.png,25,25,25,25,OK,,,,25.0
09482.png,15,15,15,15,OK,,,,15.0
09485.png,25,25,25,25,OK,,,,25.0
09486.png,8,8,8,8,OK,,,,8.0
09490.png,25,25,25,25,OK,,,,25.0
09491.png,9,9,9,9,OK,,,,9.0
09492.png,19,19,19,19,OK,,,,19.0
09495.png,8,8,8,8,OK,,,,8.0
09496.png,15,15,15,15,OK,,,,15.0
09497.png,25,25,25,25,OK,,,,25.0
09498.png,15,15,15,15,OK,,,,15.0
09500.png,7,7,7,7,OK,,,,7.0
09502.png,11,11,11,11,OK,,,,11.0
09506.png,11,11,11,11,OK,,,,11.0
09507.png,3,3,3,3,OK,,,,3.0
09509.png,27,27,27,27,OK,,,,27.0
09527.png,3,3,3,3,OK,,,,3.0
09528.png,27,27,27,27,OK,,,,27.0
09529.png,9,9,9,9,OK,,,,9.0
09532.png,14,14,14,14,OK,,,,14.0
09539.png,3,3,3,3,OK,,,,3.0
09543.png,32,32,32,32,OK,,,,32.0
09547.png,27,27,27,27,OK,,,,27.0
09548.png,19,19,19,19,OK,,,,19.0
09549.png,11,11,11,11,OK,,,,11.0
09551.png,9,9,9,9,OK,,,,9.0
09553.png,27,27,27,27,OK,,,,27.0
09557.png,15,15,15,15,OK,,,,15.0
09559.png,8,8,8,8,OK,,,,8.0
09565.png,9,9,9,9,OK,,,,9.0
09567.png,14,14,14,14,OK,,,,14.0
09575.png,14,14,14,14,OK,,,,14.0
09578.png,9,9,9,9,OK,,,,9.0
09582.png,3,3,3,3,OK,,,,3.0
09583.png,15,15,15,15,OK,,,,15.0
09584.png,9,9,9,9,OK,,,,9.0
09585.png,14,14,14,14,OK,,,,14.0
09589.png,33,33,33,33,OK,,,,33.0
09590.png,7,7,7,7,OK,,,,7.0
09592.png,3,3,3,3,OK,,,,3.0
09599.png,11,11,11,11,OK,,,,11.0
09604.png,25,25,25,25,OK,,,,25.0
09608.png,31,31,31,31,OK,,,,31.0
09619.png,11,11,11,11,OK,,,,11.0
09623.png,7,7,7,7,OK,,,,7.0
09629.png,14,14,14,14,OK,,,,14.0
09633.png,9,9,9,9,OK,,,,9.0
09638.png,3,3,3,3,OK,,,,3.0
09642.png,14,14,14,14,OK,,,,14.0
09643.png,14,14,14,14,OK,,,,14.0
09649.png,3,3,3,3,OK,,,,3.0
09652.png,8,8,8,8,OK,,,,8.0
09654.png,15,15,15,15,OK,,,,15.0
09656.png,3,3,3,3,OK,,,,3.0
09662.png,9,9,9,9,OK,,,,9.0
09663.png,11,11,11,11,OK,,,,11.0
09664.png,14,14,14,14,OK,,,,14.0
09665.png,25,25,25,25,OK,,,,25.0
09669.png,25,25,25,25,OK,,,,25.0
09678.png,14,14,14,14,OK,,,,14.0
09679.png,3,3,3,3,OK,,,,3.0
09685.png,7,7,7,7,OK,,,,7.0
09694.png,9,9,9,9,OK,,,,9.0
09696.png,7,7,7,7,OK,,,,7.0
09697.png,7,7,7,7,OK,,,,7.0
09699.png,11,11,11,11,OK,,,,11.0
09701.png,8,8,8,8,OK,,,,8.0
09702.png,33,33,33,33,OK,,,,33.0
09705.png,7,7,7,7,OK,,,,7.0
09708.png,3,3,3,3,OK,,,,3.0
09711.png,3,3,3,3,OK,,,,3.0
09719.png,3,3,3,3,OK,,,,3.0
09720.png,33,33,33,33,OK,,,,33.0
09721.png,7,7,7,7,OK,,,,7.0
09723.png,11,11,11,11,OK,,,,11.0
09727.png,11,11,11,11,OK,,,,11.0
09729.png,9,9,9,9,OK,,,,9.0
09738.png,8,8,8,8,OK,,,,8.0
09739.png,3,3,3,3,OK,,,,3.0
09740.png,8,8,8,8,OK,,,,8.0
09742.png,14,14,14,14,OK,,,,14.0
09745.png,3,3,3,3,OK,,,,3.0
09746.png,15,15,15,15,OK,,,,15.0
09752.png,11,11,11,11,OK,,,,11.0
09753.png,25,25,25,25,OK,,,,25.0
09756.png,7,7,7,7,OK,,,,7.0
09758.png,3,3,3,3,OK,,,,3.0
09761.png,7,7,7,7,OK,,,,7.0
09762.png,25,25,25,25,OK,,,,25.0
09764.png,8,8,8,8,OK,,,,8.0
09766.png,31,31,31,31,OK,,,,31.0
09767.png,9,9,9,9,OK,,,,9.0
09774.png,7,7,7,7,OK,,,,7.0
09776.png,25,25,25,25,OK,,,,25.0
09777.png,9,9,9,9,OK,,,,9.0
09780.png,11,11,11,11,OK,,,,11.0
09789.png,9,9,9,9,OK,,,,9.0
09790.png,37,37,37,37,OK,,,,37.0
09793.png,19,19,19,19,OK,,,,19.0
09797.png,11,30,11,30,KO,,,,11.0
09799.png,33,33,33,33,OK,,,,33.0
09802.png,14,14,14,14,OK,,,,14.0
09804.png,25,25,25,25,OK,,,,25.0
09812.png,11,11,11,11,OK,,,,11.0
09815.png,15,15,15,15,OK,,,,15.0
09818.png,25,25,25,25,OK,,,,25.0
09821.png,25,25,25,25,OK,,,,25.0
09825.png,11,11,11,11,OK,,,,11.0
09826.png,9,9,9,9,OK,,,,9.0
09827.png,9,9,9,9,OK,,,,9.0
09829.png,8,8,8,8,OK,,,,8.0
09834.png,19,19,19,19,OK,,,,19.0
09843.png,11,11,11,11,OK,,,,11.0
09845.png,8,8,8,8,OK,,,,8.0
09848.png,37,37,37,37,OK,,,,37.0
09849.png,32,32,32,32,OK,,,,32.0
09850.png,25,25,25,25,OK,,,,25.0
09851.png,8,8,8,8,OK,,,,8.0
09853.png,3,3,3,3,OK,,,,3.0
09855.png,32,32,32,32,OK,,,,32.0
09856.png,25,25,25,25,OK,,,,25.0
09861.png,7,7,7,7,OK,,,,7.0
09862.png,9,9,9,9,OK,,,,9.0
09863.png,8,8,8,8,OK,,,,8.0
09864.png,33,33,33,33,OK,,,,33.0
09866.png,9,9,9,9,OK,,,,9.0
09870.png,3,3,3,3,OK,,,,3.0
09874.png,11,11,11,11,OK,,,,11.0
09875.png,9,9,9,9,OK,,,,9.0
09883.png,3,3,3,3,OK,,,,3.0
09889.png,33,33,33,33,OK,,,,33.0
09891.png,7,7,7,7,OK,,,,7.0
09892.png,33,33,33,33,OK,,,,33.0
09895.png,9,9,9,9,OK,,,,9.0
09898.png,7,7,7,7,OK,,,,7.0
09903.png,9,9,9,9,OK,,,,9.0
09913.png,15,15,15,15,OK,,,,15.0
09914.png,25,25,25,25,OK,,,,25.0
09915.png,8,8,8,8,OK,,,,8.0
09918.png,32,32,32,32,OK,,,,32.0
09920.png,7,7,7,7,OK,,,,7.0
09922.png,7,7,7,7,OK,,,,7.0
09931.png,8,8,8,8,OK,,,,8.0
09933.png,3,3,3,3,OK,,,,3.0
09936.png,19,19,19,19,OK,,,,19.0
09938.png,9,9,9,9,OK,,,,9.0
09942.png,9,9,9,9,OK,,,,9.0
09947.png,3,3,3,3,OK,,,,3.0
09949.png,9,9,9,9,OK,,,,9.0
09950.png,8,8,8,8,OK,,,,8.0
09956.png,8,8,8,8,OK,,,,8.0
09958.png,3,3,3,3,OK,,,,3.0
09959.png,8,8,8,8,OK,,,,8.0
09967.png,3,3,3,3,OK,,,,3.0
09971.png,9,9,9,9,OK,,,,9.0
09974.png,30,30,30,30,OK,,,,30.0
09978.png,9,9,9,9,OK,,,,9.0
09979.png,3,3,3,3,OK,,,,3.0
09985.png,15,15,15,15,OK,,,,15.0
09989.png,8,8,8,8,OK,,,,8.0
09998.png,25,25,25,25,OK,,,,25.0
10000.png,27,27,27,27,OK,,,,27.0
10004.png,25,25,25,25,OK,,,,25.0
10008.png,33,33,33,33,OK,,,,33.0
10010.png,11,11,11,11,OK,,,,11.0
10019.png,11,11,11,11,OK,,,,11.0
10031.png,9,9,9,9,OK,,,,9.0
10033.png,8,8,8,8,OK,,,,8.0
10034.png,25,25,25,25,OK,,,,25.0
10036.png,11,11,11,11,OK,,,,11.0
10037.png,33,33,33,33,OK,,,,33.0
10040.png,9,9,9,9,OK,,,,9.0
10041.png,9,9,9,9,OK,,,,9.0
10044.png,9,9,9,9,OK,,,,9.0
10045.png,8,8,8,8,OK,,,,8.0
10046.png,11,11,11,11,OK,,,,11.0
10049.png,0,0,0,0,OK,,,,0.0
10058.png,3,3,3,3,OK,,,,3.0
10064.png,7,7,7,7,OK,,,,7.0
10066.png,3,3,3,3,OK,,,,3.0
10067.png,25,25,25,25,OK,,,,25.0
10070.png,25,25,25,25,OK,,,,25.0
10072.png,9,9,9,9,OK,,,,9.0
10074.png,11,11,11,11,OK,,,,11.0
10076.png,11,11,11,11,OK,,,,11.0
10083.png,3,3,3,3,OK,,,,3.0
10086.png,7,7,7,7,OK,,,,7.0
10087.png,3,3,3,3,OK,,,,3.0
10089.png,11,11,11,11,OK,,,,11.0
10090.png,25,25,25,25,OK,,,,25.0
10091.png,25,25,25,25,OK,,,,25.0
10092.png,9,9,9,9,OK,,,,9.0
10093.png,3,3,3,3,OK,,,,3.0
10095.png,3,3,3,3,OK,,,,3.0
10100.png,27,27,27,27,OK,,,,27.0
10105.png,7,7,7,7,OK,,,,7.0
10107.png,3,3,3,3,OK,,,,3.0
10109.png,25,25,25,25,OK,,,,25.0
10113.png,11,11,11,11,OK,,,,11.0
10114.png,11,11,11,11,OK,,,,11.0
10120.png,8,8,8,8,OK,,,,8.0
10124.png,30,30,11,30,KO,,,,11.0
10131.png,33,33,33,33,OK,,,,33.0
10135.png,3,5,5,5,KO,,,,5.0
10136.png,7,7,7,7,OK,,,,7.0
10143.png,9,9,9,9,OK,,,,9.0
10144.png,25,25,25,25,OK,,,,25.0
10146.png,15,15,15,15,OK,,,,15.0
10148.png,3,3,3,3,OK,,,,3.0
10152.png,15,15,15,15,OK,,,,15.0
10161.png,8,8,8,8,OK,,,,8.0
10165.png,33,33,33,33,OK,,,,33.0
10171.png,11,11,11,11,OK,,,,11.0
10178.png,15,15,15,15,OK,,,,15.0
10179.png,3,3,3,3,OK,,,,3.0
10184.png,11,11,11,11,OK,,,,11.0
10185.png,3,3,3,3,OK,,,,3.0
10187.png,19,19,19,19,OK,,,,19.0
10189.png,9,9,9,9,OK,,,,9.0
10190.png,11,11,11,11,OK,,,,11.0
10192.png,3,3,3,3,OK,,,,3.0
10195.png,3,3,3,3,OK,,,,3.0
10196.png,33,33,33,33,OK,,,,33.0
10200.png,33,33,33,33,OK,,,,33.0
10202.png,15,15,15,15,OK,,,,15.0
10207.png,7,7,7,7,OK,,,,7.0
10219.png,11,11,11,11,OK,,,,11.0
10221.png,8,8,8,8,OK,,,,8.0
10222.png,15,15,15,15,OK,,,,15.0
10227.png,11,11,11,11,OK,,,,11.0
10228.png,9,9,9,9,OK,,,,9.0
10235.png,8,8,8,8,OK,,,,8.0
10239.png,11,11,11,11,OK,,,,11.0
10241.png,9,9,9,9,OK,,,,9.0
10244.png,7,7,7,7,OK,,,,7.0
10245.png,25,25,25,25,OK,,,,25.0
10247.png,7,7,7,7,OK,,,,7.0
10250.png,41,41,41,41,OK,,,,41.0
10257.png,8,8,8,8,OK,,,,8.0
10260.png,15,15,15,15,OK,,,,15.0
10261.png,7,7,7,7,OK,,,,7.0
10262.png,9,9,9,9,OK,,,,9.0
10267.png,7,7,7,7,OK,,,,7.0
10274.png,33,33,33,33,OK,,,,33.0
10279.png,9,9,9,9,OK,,,,9.0
10280.png,8,8,8,8,OK,,,,8.0
10281.png,37,37,37,37,OK,,,,37.0
10285.png,25,25,25,25,OK,,,,25.0
10286.png,9,9,9,9,OK,,,,9.0
10292.png,41,41,41,41,OK,,,,41.0
10293.png,33,33,33,33,OK,,,,33.0
10299.png,8,8,8,8,OK,,,,8.0
10300.png,7,7,7,7,OK,,,,7.0
10305.png,8,8,8,8,OK,,,,8.0
10312.png,15,15,15,15,OK,,,,15.0
10313.png,9,9,9,9,OK,,,,9.0
10314.png,33,33,33,33,OK,,,,33.0
10317.png,7,7,7,7,OK,,,,7.0
10321.png,9,9,9,9,OK,,,,9.0
10322.png,7,7,7,7,OK,,,,7.0
10323.png,7,7,7,7,OK,,,,7.0
10326.png,33,33,33,33,OK,,,,33.0
10327.png,15,15,15,15,OK,,,,15.0
10329.png,8,8,8,8,OK,,,,8.0
10337.png,11,11,11,11,OK,,,,11.0
10339.png,8,8,8,8,OK,,,,8.0
10341.png,33,33,33,33,OK,,,,33.0
10342.png,9,9,9,9,OK,,,,9.0
10343.png,33,33,33,33,OK,,,,33.0
10344.png,33,33,33,33,OK,,,,33.0
10345.png,9,9,9,9,OK,,,,9.0
10346.png,8,8,8,8,OK,,,,8.0
10350.png,15,15,15,15,OK,,,,15.0
10351.png,11,11,11,11,OK,,,,11.0
10356.png,7,7,7,7,OK,,,,7.0
10357.png,3,3,3,3,OK,,,,3.0
10367.png,27,27,27,27,OK,,,,27.0
10368.png,9,9,9,9,OK,,,,9.0
10372.png,9,9,9,9,OK,,,,9.0
10373.png,25,25,25,25,OK,,,,25.0
10376.png,15,15,15,15,OK,,,,15.0
10381.png,0,0,0,0,OK,,,,0.0
10382.png,25,25,25,25,OK,,,,25.0
10383.png,33,33,33,33,OK,,,,33.0
10384.png,9,9,9,9,OK,,,,9.0
10385.png,11,11,11,11,OK,,,,11.0
10386.png,11,11,11,11,OK,,,,11.0
10389.png,33,33,33,33,OK,,,,33.0
10400.png,7,7,7,7,OK,,,,7.0
10404.png,7,7,7,7,OK,,,,7.0
10406.png,0,0,0,0,OK,,,,0.0
10407.png,25,25,25,25,OK,,,,25.0
10414.png,37,37,37,37,OK,,,,37.0
10416.png,32,32,32,32,OK,,,,32.0
10417.png,32,32,32,32,OK,,,,32.0
10419.png,41,41,41,41,OK,,,,41.0
10423.png,25,25,25,25,OK,,,,25.0
10427.png,8,8,8,8,OK,,,,8.0
10428.png,9,9,9,9,OK,,,,9.0
10431.png,25,25,25,25,OK,,,,25.0
10434.png,9,9,9,9,OK,,,,9.0
10437.png,25,25,25,25,OK,,,,25.0
10441.png,8,8,8,8,OK,,,,8.0
10442.png,25,25,25,25,OK,,,,25.0
10445.png,25,25,25,25,OK,,,,25.0
10448.png,11,11,11,11,OK,,,,11.0
10449.png,3,3,3,3,OK,,,,3.0
10452.png,9,9,9,9,OK,,,,9.0
10456.png,9,9,9,9,OK,,,,9.0
10458.png,7,7,7,7,OK,,,,7.0
10464.png,8,8,8,8,OK,,,,8.0
10468.png,8,8,8,8,OK,,,,8.0
10481.png,25,25,25,25,OK,,,,25.0
10483.png,25,25,25,25,OK,,,,25.0
10486.png,7,7,7,7,OK,,,,7.0
10490.png,8,8,8,8,OK,,,,8.0
10497.png,3,3,3,3,OK,,,,3.0
10498.png,3,3,3,3,OK,,,,3.0
10504.png,9,9,9,9,OK,,,,9.0
10505.png,3,3,3,3,OK,,,,3.0
10508.png,3,3,3,3,OK,,,,3.0
10514.png,9,9,9,9,OK,,,,9.0
10516.png,7,7,7,7,OK,,,,7.0
10517.png,15,15,15,15,OK,,,,15.0
10518.png,32,32,32,32,OK,,,,32.0
10523.png,3,3,3,3,OK,,,,3.0
10524.png,25,25,25,25,OK,,,,25.0
10525.png,8,8,8,8,OK,,,,8.0
10531.png,9,9,9,9,OK,,,,9.0
10533.png,11,11,11,11,OK,,,,11.0
10535.png,25,25,25,25,OK,,,,25.0
10536.png,0,0,0,0,OK,,,,0.0
10538.png,15,15,15,15,OK,,,,15.0
10541.png,11,11,11,11,OK,,,,11.0
10550.png,9,9,9,9,OK,,,,9.0
10553.png,25,25,25,25,OK,,,,25.0
10555.png,3,3,3,3,OK,,,,3.0
10557.png,11,11,11,11,OK,,,,11.0
10566.png,11,11,11,11,OK,,,,11.0
10567.png,8,8,8,8,OK,,,,8.0
10568.png,8,8,8,8,OK,,,,8.0
10570.png,11,11,11,11,OK,,,,11.0
10579.png,25,25,25,25,OK,,,,25.0
10587.png,11,11,11,11,OK,,,,11.0
10592.png,25,25,25,25,OK,,,,25.0
10595.png,7,7,7,7,OK,,,,7.0
10596.png,25,25,25,25,OK,,,,25.0
10604.png,25,25,25,25,OK,,,,25.0
10605.png,9,9,9,9,OK,,,,9.0
10607.png,3,3,3,3,OK,,,,3.0
10608.png,8,8,8,8,OK,,,,8.0
10610.png,33,33,33,33,OK,,,,33.0
10616.png,11,11,11,11,OK,,,,11.0
10618.png,9,9,9,9,OK,,,,9.0
10620.png,3,3,3,3,OK,,,,3.0
10625.png,9,9,9,9,OK,,,,9.0
10626.png,9,9,9,9,OK,,,,9.0
10627.png,11,11,11,11,OK,,,,11.0
10628.png,8,8,8,8,OK,,,,8.0
10629.png,3,3,3,3,OK,,,,3.0
10634.png,9,9,9,9,OK,,,,9.0
10639.png,8,8,8,8,OK,,,,8.0
10647.png,3,3,3,3,OK,,,,3.0
10655.png,25,25,25,25,OK,,,,25.0
10658.png,25,25,25,25,OK,,,,25.0
10667.png,7,7,7,7,OK,,,,7.0
10669.png,25,25,25,25,OK,,,,25.0
10675.png,25,25,25,25,OK,,,,25.0
10680.png,3,3,3,3,OK,,,,3.0
10681.png,11,11,11,11,OK,,,,11.0
10682.png,25,25,25,25,OK,,,,25.0
10685.png,11,11,11,11,OK,,,,11.0
10686.png,25,25,25,25,OK,,,,25.0
10693.png,8,8,8,8,OK,,,,8.0
10698.png,41,41,41,41,OK,,,,41.0
10699.png,25,25,25,25,OK,,,,25.0
10701.png,9,9,9,9,OK,,,,9.0
10703.png,8,8,8,8,OK,,,,8.0
10716.png,25,25,25,25,OK,,,,25.0
10726.png,3,3,3,3,OK,,,,3.0
10731.png,33,33,33,33,OK,,,,33.0
10736.png,25,25,25,25,OK,,,,25.0
10739.png,15,15,15,15,OK,,,,15.0
10740.png,8,8,8,8,OK,,,,8.0
10744.png,3,3,3,3,OK,,,,3.0
10745.png,32,32,32,32,OK,,,,32.0
10747.png,7,7,7,7,OK,,,,7.0
10755.png,15,15,15,15,OK,,,,15.0
10759.png,25,25,25,25,OK,,,,25.0
10763.png,11,11,11,11,OK,,,,11.0
10773.png,9,9,9,9,OK,,,,9.0
10783.png,7,7,7,7,OK,,,,7.0
10785.png,33,33,33,33,OK,,,,33.0
10788.png,8,8,8,8,OK,,,,8.0
10791.png,7,7,7,7,OK,,,,7.0
10792.png,9,9,9,9,OK,,,,9.0
10793.png,9,9,9,9,OK,,,,9.0
10795.png,11,11,11,11,OK,,,,11.0
10798.png,3,3,3,3,OK,,,,3.0
10799.png,33,33,33,33,OK,,,,33.0
10801.png,8,8,8,8,OK,,,,8.0
10804.png,9,9,9,9,OK,,,,9.0
10806.png,33,33,33,33,OK,,,,33.0
10807.png,3,3,3,3,OK,,,,3.0
10818.png,11,11,11,11,OK,,,,11.0
10819.png,9,9,9,9,OK,,,,9.0
10820.png,7,7,7,7,OK,,,,7.0
10824.png,25,25,25,25,OK,,,,25.0
10826.png,7,7,7,7,OK,,,,7.0
10831.png,3,3,3,3,OK,,,,3.0
10836.png,15,15,15,15,OK,,,,15.0
10838.png,3,3,3,3,OK,,,,3.0
10840.png,11,11,11,11,OK,,,,11.0
10842.png,3,3,3,3,OK,,,,3.0
10852.png,11,11,11,11,OK,,,,11.0
10854.png,8,8,8,8,OK,,,,8.0
10856.png,25,25,25,25,OK,,,,25.0
10857.png,3,3,3,3,OK,,,,3.0
10861.png,11,11,11,11,OK,,,,11.0
10863.png,11,11,11,11,OK,,,,11.0
10864.png,3,3,3,3,OK,,,,3.0
10865.png,11,11,11,11,OK,,,,11.0
10866.png,25,25,25,25,OK,,,,25.0
10867.png,9,9,9,9,OK,,,,9.0
10873.png,9,9,9,9,OK,,,,9.0
10876.png,9,9,9,9,OK,,,,9.0
10878.png,27,27,27,27,OK,,,,27.0
10881.png,3,3,3,3,OK,,,,3.0
10889.png,9,9,9,9,OK,,,,9.0
10891.png,7,7,7,7,OK,,,,7.0
10892.png,41,41,41,41,OK,,,,41.0
10893.png,25,25,25,25,OK,,,,25.0
10896.png,15,15,15,15,OK,,,,15.0
10897.png,3,3,3,3,OK,,,,3.0
10902.png,3,3,3,3,OK,,,,3.0
10904.png,8,8,8,8,OK,,,,8.0
10910.png,41,41,41,41,OK,,,,41.0
10913.png,11,11,11,11,OK,,,,11.0
10914.png,15,15,15,15,OK,,,,15.0
10915.png,3,3,3,3,OK,,,,3.0
10925.png,3,3,3,3,OK,,,,3.0
10929.png,7,7,7,7,OK,,,,7.0
10933.png,11,11,11,11,OK,,,,11.0
10937.png,8,8,8,8,OK,,,,8.0
10943.png,9,9,9,9,OK,,,,9.0
10944.png,8,8,8,8,OK,,,,8.0
10945.png,25,25,25,25,OK,,,,25.0
10948.png,11,11,11,11,OK,,,,11.0
10949.png,11,11,11,11,OK,,,,11.0
10958.png,3,3,3,3,OK,,,,3.0
10965.png,3,3,3,3,OK,,,,3.0
10966.png,8,8,8,8,OK,,,,8.0
10980.png,37,37,37,37,OK,,,,37.0
10984.png,7,7,7,7,OK,,,,7.0
10988.png,3,3,3,3,OK,,,,3.0
10990.png,15,15,15,15,OK,,,,15.0
10991.png,3,3,3,3,OK,,,,3.0
10994.png,3,3,3,3,OK,,,,3.0
11000.png,7,7,7,7,OK,,,,7.0
11001.png,8,8,8,8,OK,,,,8.0
11002.png,19,19,19,19,OK,,,,19.0
11003.png,9,9,9,9,OK,,,,9.0
11007.png,7,7,7,7,OK,,,,7.0
11014.png,9,9,9,9,OK,,,,9.0
11015.png,8,8,8,8,OK,,,,8.0
11016.png,3,3,3,3,OK,,,,3.0
11017.png,8,8,8,8,OK,,,,8.0
11019.png,11,11,11,11,OK,,,,11.0
11020.png,33,33,33,33,OK,,,,33.0
11022.png,11,11,11,11,OK,,,,11.0
11023.png,8,8,8,8,OK,,,,8.0
11027.png,3,3,3,3,OK,,,,3.0
11029.png,25,25,25,25,OK,,,,25.0
11030.png,7,7,7,7,OK,,,,7.0
11031.png,7,7,7,7,OK,,,,7.0
11034.png,25,25,25,25,OK,,,,25.0
11036.png,25,25,25,25,OK,,,,25.0
11037.png,9,9,9,9,OK,,,,9.0
11039.png,11,11,11,11,OK,,,,11.0
11042.png,25,25,25,25,OK,,,,25.0
11045.png,19,19,19,19,OK,,,,19.0
11046.png,3,3,3,3,OK,,,,3.0
11050.png,11,11,11,11,OK,,,,11.0
11051.png,7,7,7,7,OK,,,,7.0
11058.png,7,7,7,7,OK,,,,7.0
11059.png,9,9,9,9,OK,,,,9.0
11062.png,8,8,8,8,OK,,,,8.0
11066.png,3,3,3,3,OK,,,,3.0
11071.png,9,9,9,9,OK,,,,9.0
11075.png,7,7,7,7,OK,,,,7.0
11078.png,7,7,7,7,OK,,,,7.0
11082.png,8,8,8,8,OK,,,,8.0
11085.png,15,15,15,15,OK,,,,15.0
11086.png,37,37,37,37,OK,,,,37.0
11088.png,8,8,8,8,OK,,,,8.0
11101.png,11,11,11,11,OK,,,,11.0
11111.png,3,3,3,3,OK,,,,3.0
11112.png,3,3,3,3,OK,,,,3.0
11115.png,37,37,37,37,OK,,,,37.0
11122.png,3,3,3,3,OK,,,,3.0
11129.png,15,15,15,15,OK,,,,15.0
11135.png,9,9,9,9,OK,,,,9.0
11138.png,7,7,7,7,OK,,,,7.0
11144.png,11,11,11,11,OK,,,,11.0
11145.png,8,8,8,8,OK,,,,8.0
11146.png,32,32,32,32,OK,,,,32.0
11150.png,33,33,33,33,OK,,,,33.0
11155.png,3,3,3,3,OK,,,,3.0
11162.png,11,11,11,11,OK,,,,11.0
11163.png,7,7,7,7,OK,,,,7.0
11168.png,33,33,33,33,OK,,,,33.0
11169.png,8,8,8,8,OK,,,,8.0
11180.png,9,9,9,9,OK,,,,9.0
11181.png,9,9,9,9,OK,,,,9.0
11182.png,11,11,11,11,OK,,,,11.0
11184.png,3,3,3,3,OK,,,,3.0
11186.png,8,8,8,8,OK,,,,8.0
11188.png,7,7,7,7,OK,,,,7.0
11199.png,9,9,9,9,OK,,,,9.0
11201.png,41,41,41,41,OK,,,,41.0
11202.png,3,3,3,3,OK,,,,3.0
11203.png,11,11,11,11,OK,,,,11.0
11204.png,3,3,3,3,OK,,,,3.0
11205.png,15,15,15,15,OK,,,,15.0
11207.png,32,32,32,32,OK,,,,32.0
11210.png,8,8,8,8,OK,,,,8.0
11213.png,3,3,3,3,OK,,,,3.0
11218.png,11,11,11,11,OK,,,,11.0
11222.png,7,7,7,7,OK,,,,7.0
11227.png,7,7,7,7,OK,,,,7.0
11230.png,32,32,32,32,OK,,,,32.0
11232.png,33,33,33,33,OK,,,,33.0
11238.png,8,5,8,8,KO,,,,8.0
11243.png,11,11,11,11,OK,,,,11.0
11249.png,8,8,8,8,OK,,,,8.0
11250.png,7,7,7,7,OK,,,,7.0
11255.png,3,3,3,3,OK,,,,3.0
11258.png,8,8,8,8,OK,,,,8.0
11260.png,9,9,9,9,OK,,,,9.0
11261.png,41,41,41,41,OK,,,,41.0
11268.png,11,11,11,11,OK,,,,11.0
11269.png,7,7,7,7,OK,,,,7.0
11270.png,8,8,8,8,OK,,,,8.0
11276.png,9,9,9,9,OK,,,,9.0
11285.png,7,7,7,7,OK,,,,7.0
11290.png,7,7,7,7,OK,,,,7.0
11302.png,7,7,7,7,OK,,,,7.0
11303.png,11,11,11,11,OK,,,,11.0
11308.png,32,32,32,32,OK,,,,32.0
11309.png,7,7,7,7,OK,,,,7.0
11310.png,8,8,8,8,OK,,,,8.0
11312.png,11,11,11,11,OK,,,,11.0
11321.png,11,11,11,11,OK,,,,11.0
11329.png,7,7,7,7,OK,,,,7.0
11332.png,11,11,11,11,OK,,,,11.0
11343.png,7,7,7,7,OK,,,,7.0
11346.png,3,3,3,3,OK,,,,3.0
11354.png,15,15,15,15,OK,,,,15.0
11361.png,8,8,8,8,OK,,,,8.0
11364.png,15,15,15,15,OK,,,,15.0
11366.png,27,27,27,27,OK,,,,27.0
11383.png,7,7,7,7,OK,,,,7.0
11396.png,11,11,11,11,OK,,,,11.0
11397.png,8,8,8,8,OK,,,,8.0
11399.png,3,3,3,3,OK,,,,3.0
11414.png,41,41,41,41,OK,,,,41.0
11415.png,27,27,27,27,OK,,,,27.0
11417.png,3,3,3,3,OK,,,,3.0
11418.png,11,11,11,11,OK,,,,11.0
11423.png,7,7,7,7,OK,,,,7.0
11442.png,3,3,3,3,OK,,,,3.0
11444.png,8,8,8,8,OK,,,,8.0
11447.png,15,15,15,15,OK,,,,15.0
11449.png,11,11,11,11,OK,,,,11.0
11450.png,19,19,19,19,OK,,,,19.0
11453.png,19,19,19,19,OK,,,,19.0
11460.png,8,8,8,8,OK,,,,8.0
11465.png,8,8,8,8,OK,,,,8.0
11471.png,8,8,8,8,OK,,,,8.0
11481.png,32,32,32,32,OK,,,,32.0
11485.png,33,33,33,33,OK,,,,33.0
11486.png,11,11,11,11,OK,,,,11.0
11487.png,3,3,3,3,OK,,,,3.0
11489.png,3,3,3,3,OK,,,,3.0
11497.png,41,41,41,41,OK,,,,41.0
11498.png,15,15,15,15,OK,,,,15.0
11508.png,8,8,8,8,OK,,,,8.0
11516.png,19,19,19,19,OK,,,,19.0
11518.png,37,37,37,37,OK,,,,37.0
11524.png,8,8,8,8,OK,,,,8.0
11527.png,33,33,33,33,OK,,,,33.0
11532.png,11,11,11,11,OK,,,,11.0
11534.png,7,7,7,7,OK,,,,7.0
11544.png,33,33,33,33,OK,,,,33.0
11547.png,37,37,37,37,OK,,,,37.0
11549.png,11,11,11,11,OK,,,,11.0
11556.png,8,8,8,8,OK,,,,8.0
11559.png,8,8,8,8,OK,,,,8.0
11570.png,15,15,15,15,OK,,,,15.0
11571.png,33,33,33,33,OK,,,,33.0
11572.png,8,8,8,8,OK,,,,8.0
11600.png,8,8,8,8,OK,,,,8.0
11606.png,7,7,7,7,OK,,,,7.0
11608.png,7,7,7,7,OK,,,,7.0
11610.png,7,7,7,7,OK,,,,7.0
11618.png,7,7,7,7,OK,,,,7.0
11619.png,8,8,8,8,OK,,,,8.0
11629.png,7,7,7,7,OK,,,,7.0
11630.png,8,8,8,8,OK,,,,8.0
11631.png,7,7,7,7,OK,,,,7.0
11637.png,3,3,3,3,OK,,,,3.0
11639.png,33,33,33,33,OK,,,,33.0
11641.png,15,15,15,15,OK,,,,15.0
11648.png,15,15,15,15,OK,,,,15.0
11649.png,11,11,11,11,OK,,,,11.0
11650.png,3,3,3,3,OK,,,,3.0
11654.png,11,11,11,11,OK,,,,11.0
11662.png,37,37,37,37,OK,,,,37.0
11663.png,7,7,7,7,OK,,,,7.0
11670.png,11,11,11,11,OK,,,,11.0
11675.png,3,3,3,3,OK,,,,3.0
11676.png,3,3,3,3,OK,,,,3.0
11682.png,7,7,7,7,OK,,,,7.0
11684.png,7,7,7,7,OK,,,,7.0
11691.png,3,3,3,3,OK,,,,3.0
11692.png,3,3,3,3,OK,,,,3.0
11705.png,33,33,33,33,OK,,,,33.0
11708.png,3,3,3,3,OK,,,,3.0
11710.png,33,33,33,33,OK,,,,33.0
11713.png,8,8,8,8,OK,,,,8.0
11718.png,0,0,0,0,OK,,,,0.0
11724.png,3,3,3,3,OK,,,,3.0
11727.png,33,33,33,33,OK,,,,33.0
11731.png,11,11,11,11,OK,,,,11.0
11735.png,15,15,15,15,OK,,,,15.0
11740.png,8,8,8,8,OK,,,,8.0
11742.png,8,8,8,8,OK,,,,8.0
11752.png,8,8,8,8,OK,,,,8.0
11753.png,3,3,3,3,OK,,,,3.0
11761.png,3,3,3,3,OK,,,,3.0
11766.png,3,3,3,3,OK,,,,3.0
11771.png,0,0,0,0,OK,,,,0.0
11778.png,3,3,3,3,OK,,,,3.0
11779.png,3,3,3,3,OK,,,,3.0
11789.png,11,11,11,11,OK,,,,11.0
11790.png,0,0,0,0,OK,,,,0.0
11791.png,8,8,8,8,OK,,,,8.0
11792.png,8,8,8,8,OK,,,,8.0
11798.png,3,3,3,3,OK,,,,3.0
11801.png,11,11,11,11,OK,,,,11.0
11804.png,0,0,0,0,OK,,,,0.0
11806.png,8,8,8,8,OK,,,,8.0
11808.png,19,19,19,19,OK,,,,19.0
11810.png,33,33,33,33,OK,,,,33.0
11812.png,0,0,0,0,OK,,,,0.0
11814.png,8,8,8,8,OK,,,,8.0
11827.png,33,33,33,33,OK,,,,33.0
11846.png,15,15,15,15,OK,,,,15.0
11847.png,33,33,33,33,OK,,,,33.0
11848.png,33,33,33,33,OK,,,,33.0
11851.png,27,27,27,27,OK,,,,27.0
11858.png,33,33,33,33,OK,,,,33.0
11863.png,11,11,11,11,OK,,,,11.0
11873.png,0,0,0,0,OK,,,,0.0
11882.png,8,8,8,8,OK,,,,8.0
11887.png,3,3,3,3,OK,,,,3.0
11889.png,41,41,41,41,OK,,,,41.0
11902.png,15,15,15,15,OK,,,,15.0
11917.png,3,3,3,3,OK,,,,3.0
11924.png,3,3,3,3,OK,,,,3.0
11928.png,11,11,11,11,OK,,,,11.0
11931.png,33,33,33,33,OK,,,,33.0
11938.png,3,3,3,3,OK,,,,3.0
11951.png,3,3,3,3,OK,,,,3.0
11952.png,3,3,3,3,OK,,,,3.0
11967.png,11,11,11,11,OK,,,,11.0
11988.png,3,3,3,3,OK,,,,3.0
11990.png,11,11,11,11,OK,,,,11.0
11993.png,11,11,11,11,OK,,,,11.0
12001.png,3,3,3,3,OK,,,,3.0
12011.png,3,3,3,3,OK,,,,3.0
12021.png,15,15,15,15,OK,,,,15.0
12056.png,3,3,3,3,OK,,,,3.0
12057.png,41,41,41,41,OK,,,,41.0
12060.png,37,37,37,37,OK,,,,37.0
12062.png,33,33,33,33,OK,,,,33.0
12076.png,37,37,37,37,OK,,,,37.0
12089.png,3,3,3,3,OK,,,,3.0
12093.png,33,33,33,33,OK,,,,33.0
12105.png,19,19,19,19,OK,,,,19.0
12109.png,11,11,11,11,OK,,,,11.0
12121.png,15,15,15,15,OK,,,,15.0
12127.png,32,32,32,32,OK,,,,32.0
12162.png,15,15,15,15,OK,,,,15.0
12186.png,11,11,11,11,OK,,,,11.0
12210.png,11,11,11,11,OK,,,,11.0
12223.png,19,19,19,19,OK,,,,19.0
12235.png,11,11,11,11,OK,,,,11.0
12243.png,15,15,15,15,OK,,,,15.0
12248.png,15,15,15,15,OK,,,,15.0
12291.png,11,11,11,11,OK,,,,11.0
12293.png,19,19,19,19,OK,,,,19.0
12330.png,15,15,15,15,OK,,,,15.0
12341.png,37,37,37,37,OK,,,,37.0
12342.png,11,11,11,11,OK,,,,11.0
12345.png,19,19,19,19,OK,,,,19.0
12349.png,37,37,37,37,OK,,,,37.0
12352.png,33,33,33,33,OK,,,,33.0
12362.png,11,11,11,11,OK,,,,11.0
12374.png,30,30,30,30,OK,,,,30.0
12380.png,33,33,33,33,OK,,,,33.0
12382.png,11,11,11,11,OK,,,,11.0
12385.png,11,11,11,11,OK,,,,11.0
12386.png,15,15,15,15,OK,,,,15.0
12407.png,41,41,41,41,OK,,,,41.0
12422.png,11,11,11,11,OK,,,,11.0
12423.png,41,41,41,41,OK,,,,41.0
12432.png,33,33,33,33,OK,,,,33.0
12441.png,15,15,15,15,OK,,,,15.0
12448.png,15,15,15,15,OK,,,,15.0
12454.png,32,32,32,32,OK,,,,32.0
12456.png,33,33,33,33,OK,,,,33.0
12478.png,19,19,19,19,OK,,,,19.0
12496.png,33,33,33,33,OK,,,,33.0
12498.png,32,32,32,32,OK,,,,32.0
12511.png,33,33,33,33,OK,,,,33.0
12517.png,15,15,15,15,OK,,,,15.0
12524.png,33,33,33,33,OK,,,,33.0
12527.png,15,15,15,15,OK,,,,15.0
12528.png,33,33,33,33,OK,,,,33.0
12569.png,30,30,11,30,KO,,,,11.0
12572.png,15,15,15,15,OK,,,,15.0
12577.png,11,11,11,11,OK,,,,11.0
12584.png,11,11,11,11,OK,,,,11.0
12611.png,11,11,11,11,OK,,,,11.0
12614.png,0,0,0,0,OK,,,,0.0
12626.png,33,33,33,33,OK,,,,33.0
