id,홍,태훈,수환,철승,result,,,,
00000.png,16,16,16,16,OK,,,TRUE,0
00001.png,1,1,1,1,OK,,,FALSE,0
00002.png,38,38,38,38,OK,,,,
00003.png,33,33,33,33,OK,,,,
00004.png,11,11,11,11,OK,,,,
00005.png,38,38,38,38,OK,,,,
00006.png,18,18,18,18,OK,,,,
00007.png,12,12,12,12,OK,,,,
00008.png,25,25,25,25,OK,,,,
00009.png,35,35,35,35,OK,,,,
00010.png,12,12,12,12,OK,,,,
00011.png,7,7,7,7,OK,,,,
00012.png,23,23,23,23,OK,,,,
00013.png,7,7,7,7,OK,,,,
00014.png,4,4,4,4,OK,,,,
00015.png,9,9,9,9,OK,,,,
00016.png,21,21,21,21,OK,,,,
00017.png,20,20,20,20,OK,,,,
00018.png,27,27,27,27,OK,,,,
00019.png,38,38,38,38,OK,,,,
00020.png,4,4,4,4,OK,,,,
00021.png,33,33,33,33,OK,,,,
00022.png,9,9,9,9,OK,,,,
00023.png,3,3,3,3,OK,,,,
00024.png,1,1,1,1,OK,,,,
00025.png,11,11,11,11,OK,,,,
00026.png,13,13,13,13,OK,,,,
00027.png,10,10,10,10,OK,,,,
00028.png,9,9,9,9,OK,,,,
00029.png,11,11,11,11,OK,,,,
00030.png,5,5,5,5,OK,,,,
00031.png,17,17,17,17,OK,,,,
00032.png,34,34,34,34,OK,,,,
00033.png,23,23,23,23,OK,,,,
00034.png,2,2,2,2,OK,,,,
00035.png,17,17,17,17,OK,,,,
00036.png,3,3,3,3,OK,,,,
00037.png,12,12,12,12,OK,,,,
00038.png,16,16,16,16,OK,,,,
00039.png,8,8,8,8,OK,,,,
00040.png,7,7,7,7,OK,,,,
00041.png,30,30,30,30,OK,,,,
00042.png,18,18,18,18,OK,,,,
00043.png,12,12,12,12,OK,,,,
00044.png,24,24,24,24,OK,,,,
00045.png,25,25,25,25,OK,,,,
00046.png,3,3,3,3,OK,,,,
00047.png,10,10,10,10,OK,,,,
00048.png,18,18,18,18,OK,,,,
00049.png,8,8,8,8,OK,,,,
00050.png,25,25,25,25,OK,,,,
00051.png,13,13,13,13,OK,,,,
00052.png,15,15,15,15,OK,,,,
00053.png,9,9,9,9,OK,,,,
00054.png,13,13,13,13,OK,,,,
00055.png,35,35,35,35,OK,,,,
00056.png,5,5,5,5,OK,,,,
00057.png,26,26,26,26,OK,,,,
00058.png,9,9,9,9,OK,,,,
00059.png,16,16,16,16,OK,,,,
00060.png,38,38,38,38,OK,,,,
00061.png,10,10,10,10,OK,,,,
00062.png,4,4,4,4,OK,,,,
00063.png,9,9,9,9,OK,,,,
00064.png,15,15,15,15,OK,,,,
00065.png,9,9,9,9,OK,,,,
00066.png,26,26,26,26,OK,,,,
00067.png,2,2,2,2,OK,,,,
00068.png,5,5,5,5,OK,,,,
00069.png,28,28,28,28,OK,,,,
00070.png,11,11,11,11,OK,,,,
00071.png,25,25,25,25,OK,,,,
00072.png,30,30,11,11,KO,,,,
00073.png,34,34,34,34,OK,,,,
00074.png,5,5,5,5,OK,,,,
00075.png,12,12,12,12,OK,,,,
00076.png,1,1,1,1,OK,,,,
00077.png,10,10,10,10,OK,,,,
00078.png,25,25,25,25,OK,,,,
00079.png,25,25,25,25,OK,,,,
00080.png,21,21,21,21,OK,,,,
00081.png,33,33,33,33,OK,,,,
00082.png,25,25,25,25,OK,,,,
00083.png,7,7,7,7,OK,,,,
00084.png,10,10,10,10,OK,,,,
00085.png,35,35,35,35,OK,,,,
00086.png,3,3,3,3,OK,,,,
00087.png,7,7,7,7,OK,,,,
00088.png,22,22,22,22,OK,,,,
00089.png,13,13,13,13,OK,,,,
00090.png,3,3,3,3,OK,,,,
00091.png,1,1,1,1,OK,,,,
00092.png,2,2,2,2,OK,,,,
00093.png,14,14,14,14,OK,,,,
00094.png,12,12,12,12,OK,,,,
00095.png,32,32,32,32,OK,,,,
00096.png,3,3,3,3,OK,,,,
00097.png,38,38,38,38,OK,,,,
00098.png,9,9,9,9,OK,,,,
00099.png,33,33,33,33,OK,,,,
00100.png,1,1,1,1,OK,,,,
00101.png,10,10,10,10,OK,,,,
00102.png,5,5,5,5,OK,,,,
00103.png,11,11,11,11,OK,,,,
00104.png,33,33,33,33,OK,,,,
00105.png,4,4,4,4,OK,,,,
00106.png,35,35,35,35,OK,,,,
00107.png,25,25,25,25,OK,,,,
00108.png,33,33,33,33,OK,,,,
00109.png,4,4,4,4,OK,,,,
00110.png,1,1,1,1,OK,,,,
00111.png,14,14,14,14,OK,,,,
00112.png,16,16,16,16,OK,,,,
00113.png,10,10,10,10,OK,,,,
00114.png,30,11,30,30,KO,,,,
00115.png,3,3,3,3,OK,,,,
00116.png,27,27,27,27,OK,,,,
00117.png,29,29,29,29,OK,,,,
00118.png,1,1,1,1,OK,,,,
00119.png,17,17,17,17,OK,,,,
00120.png,13,13,13,13,OK,,,,
00121.png,7,7,7,7,OK,,,,
00122.png,1,1,1,1,OK,,,,
00123.png,8,8,8,8,OK,,,,
00124.png,2,2,2,2,OK,,,,
00125.png,10,10,10,10,OK,,,,
00126.png,10,10,10,10,OK,,,,
00127.png,11,25,11,30,KO,,,,
00128.png,1,1,1,1,OK,,,,
00129.png,6,6,6,6,OK,,,,
00130.png,36,36,36,36,OK,,,,
00131.png,3,3,3,3,OK,,,,
00132.png,14,14,14,14,OK,,,,
00133.png,13,13,13,13,OK,,,,
00134.png,11,11,11,11,OK,,,,
00135.png,10,10,10,10,OK,,,,
00136.png,18,18,18,18,OK,,,,
00137.png,40,40,40,40,OK,,,,
00138.png,2,2,2,2,OK,,,,
00139.png,38,38,38,38,OK,,,,
00140.png,41,41,41,41,OK,,,,
00141.png,4,4,4,4,OK,,,,
00142.png,6,6,6,6,OK,,,,
00143.png,18,18,18,18,OK,,,,
00144.png,17,17,17,17,OK,,,,
00145.png,25,25,25,25,OK,,,,
00146.png,2,2,2,2,OK,,,,
00147.png,41,41,41,41,OK,,,,
00148.png,11,11,11,11,OK,,,,
00149.png,21,21,21,21,OK,,,,
00150.png,7,7,7,7,OK,,,,
00151.png,24,24,24,24,OK,,,,
00152.png,11,11,11,11,OK,,,,
00153.png,25,25,25,25,OK,,,,
00154.png,17,17,17,17,OK,,,,
00155.png,3,3,3,3,OK,,,,
00156.png,6,6,6,6,OK,,,,
00157.png,9,9,9,9,OK,,,,
00158.png,7,7,7,7,OK,,,,
00159.png,4,4,4,4,OK,,,,
00160.png,13,13,13,13,OK,,,,
00161.png,16,16,16,16,OK,,,,
00162.png,4,4,4,4,OK,,,,
00163.png,25,25,25,25,OK,,,,
00164.png,18,18,18,18,OK,,,,
00165.png,9,9,9,9,OK,,,,
00166.png,13,13,13,13,OK,,,,
00167.png,14,14,14,14,OK,,,,
00168.png,29,29,29,29,OK,,,,
00169.png,17,17,17,17,OK,,,,
00170.png,13,13,13,13,OK,,,,
00171.png,38,38,38,38,OK,,,,
00172.png,26,26,26,26,OK,,,,
00173.png,25,25,25,25,OK,,,,
00174.png,33,33,33,33,OK,,,,
00175.png,1,1,1,1,OK,,,,
00176.png,3,3,3,3,OK,,,,
00177.png,40,40,40,40,OK,,,,
00178.png,13,13,13,13,OK,,,,
00179.png,2,2,2,2,OK,,,,
00180.png,8,8,8,8,OK,,,,
00181.png,4,4,4,4,OK,,,,
00182.png,36,36,36,36,OK,,,,
00183.png,25,25,25,25,OK,,,,
00184.png,20,20,20,20,OK,,,,
00185.png,25,25,25,25,OK,,,,
00186.png,18,18,18,18,OK,,,,
00187.png,1,1,1,1,OK,,,,
00188.png,10,10,10,10,OK,,,,
00189.png,8,8,8,8,OK,,,,
00190.png,10,10,10,10,OK,,,,
00191.png,29,29,29,29,OK,,,,
00192.png,12,12,12,12,OK,,,,
00193.png,38,38,38,38,OK,,,,
00194.png,31,31,31,31,OK,,,,
00195.png,2,2,2,2,OK,,,,
00196.png,8,8,8,8,OK,,,,
00197.png,38,38,38,38,OK,,,,
00198.png,18,18,18,18,OK,,,,
00199.png,28,28,28,28,OK,,,,
00200.png,17,17,17,17,OK,,,,
00201.png,9,9,9,9,OK,,,,
00202.png,4,4,4,4,OK,,,,
00203.png,1,1,1,1,OK,,,,
00204.png,17,17,17,17,OK,,,,
00205.png,9,9,9,9,OK,,,,
00206.png,2,2,2,2,OK,,,,
00207.png,31,31,31,31,OK,,,,
00208.png,13,13,13,13,OK,,,,
00209.png,15,15,15,15,OK,,,,
00210.png,15,15,15,15,OK,,,,
00211.png,38,38,38,38,OK,,,,
00212.png,25,25,25,25,OK,,,,
00213.png,5,5,5,5,OK,,,,
00214.png,25,25,25,25,OK,,,,
00215.png,13,13,13,13,OK,,,,
00216.png,10,10,10,10,OK,,,,
00217.png,5,5,5,5,OK,,,,
00218.png,4,4,4,4,OK,,,,
00219.png,10,10,10,10,OK,,,,
00220.png,2,2,2,2,OK,,,,
00221.png,4,4,4,4,OK,,,,
00222.png,5,5,5,5,OK,,,,
00223.png,1,1,1,1,OK,,,,
00224.png,14,14,14,14,OK,,,,
00225.png,12,12,12,12,OK,,,,
00226.png,12,12,12,12,OK,,,,
00227.png,5,5,5,5,OK,,,,
00228.png,8,8,8,8,OK,,,,
00229.png,36,36,36,36,OK,,,,
00230.png,25,25,25,25,OK,,,,
00231.png,13,13,13,13,OK,,,,
00232.png,33,33,33,33,OK,,,,
00233.png,18,18,18,18,OK,,,,
00234.png,33,33,33,33,OK,,,,
00235.png,19,19,19,19,OK,,,,
00236.png,12,12,12,12,OK,,,,
00237.png,30,11,11,11,KO,,,,
00238.png,4,4,4,4,OK,,,,
00239.png,18,18,18,18,OK,,,,
00240.png,12,12,12,12,OK,,,,
00241.png,13,13,13,13,OK,,,,
00242.png,20,20,20,20,OK,,,,
00243.png,0,0,0,0,OK,,,,
00244.png,10,10,10,10,OK,,,,
00245.png,40,40,40,40,OK,,,,
00246.png,5,5,5,5,OK,,,,
00247.png,8,8,8,8,OK,,,,
00248.png,12,12,12,12,OK,,,,
00249.png,38,38,38,38,OK,,,,
00250.png,20,20,20,20,OK,,,,
00251.png,14,14,14,14,OK,,,,
00252.png,0,0,0,0,OK,,,,
00253.png,36,36,36,36,OK,,,,
00254.png,34,34,34,34,OK,,,,
00255.png,28,28,28,28,OK,,,,
00256.png,35,35,35,35,OK,,,,
00257.png,13,13,13,13,OK,,,,
00258.png,25,25,25,25,OK,,,,
00259.png,15,15,15,15,OK,,,,
00260.png,35,35,35,35,OK,,,,
00261.png,14,14,14,14,OK,,,,
00262.png,18,18,18,18,OK,,,,
00263.png,25,25,25,25,OK,,,,
00264.png,1,1,1,1,OK,,,,
00265.png,12,12,12,12,OK,,,,
00266.png,5,5,5,5,OK,,,,
00267.png,25,25,25,25,OK,,,,
00268.png,2,2,2,2,OK,,,,
00269.png,18,18,18,18,OK,,,,
00270.png,18,18,18,18,OK,,,,
00271.png,18,18,18,18,OK,,,,
00272.png,34,34,34,34,OK,,,,
00273.png,9,9,9,9,OK,,,,
00274.png,25,25,25,25,OK,,,,
00275.png,18,18,18,18,OK,,,,
00276.png,34,34,34,34,OK,,,,
00277.png,39,39,39,39,OK,,,,
00278.png,31,31,31,31,OK,,,,
00279.png,1,1,1,1,OK,,,,
00280.png,9,9,9,9,OK,,,,
00281.png,35,35,35,35,OK,,,,
00282.png,31,31,31,31,OK,,,,
00283.png,26,26,26,26,OK,,,,
00284.png,1,1,1,1,OK,,,,
00285.png,1,1,1,1,OK,,,,
00286.png,33,33,33,33,OK,,,,
00287.png,30,30,11,11,KO,,,,
00288.png,17,17,17,17,OK,,,,
00289.png,13,13,13,13,OK,,,,
00290.png,1,1,1,1,OK,,,,
00291.png,31,31,31,31,OK,,,,
00292.png,13,13,13,13,OK,,,,
00293.png,35,35,35,35,OK,,,,
00294.png,5,5,5,5,OK,,,,
00295.png,1,1,1,1,OK,,,,
00296.png,33,33,33,33,OK,,,,
00297.png,28,28,28,28,OK,,,,
00298.png,35,35,35,35,OK,,,,
00299.png,26,26,26,26,OK,,,,
00300.png,12,12,12,12,OK,,,,
00301.png,5,5,5,5,OK,,,,
00302.png,2,2,2,2,OK,,,,
00303.png,14,14,14,14,OK,,,,
00304.png,4,4,4,4,OK,,,,
00305.png,3,3,3,3,OK,,,,
00306.png,32,32,32,32,OK,,,,
00307.png,1,1,1,1,OK,,,,
00308.png,7,7,7,7,OK,,,,
00309.png,40,38,38,38,KO,,,,
00310.png,19,19,19,19,OK,,,,
00311.png,11,11,11,11,OK,,,,
00312.png,38,38,38,38,OK,,,,
00313.png,38,38,38,38,OK,,,,
00314.png,1,1,1,1,OK,,,,
00315.png,42,42,42,42,OK,,,,
00316.png,2,2,2,2,OK,,,,
00317.png,40,40,40,40,OK,,,,
00318.png,17,17,17,17,OK,,,,
00319.png,4,4,4,4,OK,,,,
00320.png,8,8,8,8,OK,,,,
00321.png,4,4,4,4,OK,,,,
00322.png,5,5,5,5,OK,,,,
00323.png,6,6,6,6,OK,,,,
00324.png,31,31,31,31,OK,,,,
00325.png,35,35,35,35,OK,,,,
00326.png,9,9,9,9,OK,,,,
00327.png,38,38,38,38,OK,,,,
00328.png,8,8,8,8,OK,,,,
00329.png,2,2,2,2,OK,,,,
00330.png,4,4,4,4,OK,,,,
00331.png,18,18,18,18,OK,,,,
00332.png,3,3,3,3,OK,,,,
00333.png,25,25,25,25,OK,,,,
00334.png,10,10,10,10,OK,,,,
00335.png,6,42,42,6,KO,,,,
00336.png,7,7,7,7,OK,,,,
00337.png,34,34,34,34,OK,,,,
00338.png,4,4,4,4,OK,,,,
00339.png,25,25,25,25,OK,,,,
00340.png,10,10,10,10,OK,,,,
00341.png,29,29,29,29,OK,,,,
00342.png,9,9,9,9,OK,,,,
00343.png,2,2,2,2,OK,,,,
00344.png,38,38,38,38,OK,,,,
00345.png,38,38,38,38,OK,,,,
00346.png,18,18,18,18,OK,,,,
00347.png,7,7,7,7,OK,,,,
00348.png,13,13,13,13,OK,,,,
00349.png,28,28,28,28,OK,,,,
00350.png,17,17,17,17,OK,,,,
00351.png,2,2,2,2,OK,,,,
00352.png,16,16,16,16,OK,,,,
00353.png,14,14,14,14,OK,,,,
00354.png,12,12,12,12,OK,,,,
00355.png,40,40,40,40,OK,,,,
00356.png,35,35,35,35,OK,,,,
00357.png,3,3,3,3,OK,,,,
00358.png,40,38,38,38,KO,,,,
00359.png,10,10,10,10,OK,,,,
00360.png,9,9,9,9,OK,,,,
00361.png,38,38,38,38,OK,,,,
00362.png,13,13,13,13,OK,,,,
00363.png,39,39,39,39,OK,,,,
00364.png,3,3,3,3,OK,,,,
00365.png,11,11,11,11,OK,,,,
00366.png,7,7,7,7,OK,,,,
00367.png,38,38,38,38,OK,,,,
00368.png,19,19,19,19,OK,,,,
00369.png,13,13,13,13,OK,,,,
00370.png,10,10,10,10,OK,,,,
00371.png,18,18,18,18,OK,,,,
00372.png,3,3,3,3,OK,,,,
00373.png,5,5,5,5,OK,,,,
00374.png,26,26,26,26,OK,,,,
00375.png,1,1,1,1,OK,,,,
00376.png,41,41,41,41,OK,,,,
00377.png,13,13,13,13,OK,,,,
00378.png,1,1,1,1,OK,,,,
00379.png,18,18,18,18,OK,,,,
00380.png,19,19,19,19,OK,,,,
00381.png,13,13,13,13,OK,,,,
00382.png,38,38,38,38,OK,,,,
00383.png,4,4,4,4,OK,,,,
00384.png,35,35,35,35,OK,,,,
00385.png,25,25,25,25,OK,,,,
00386.png,34,34,34,34,OK,,,,
00387.png,12,12,12,12,OK,,,,
00388.png,17,17,17,17,OK,,,,
00389.png,9,9,9,9,OK,,,,
00390.png,4,4,4,4,OK,,,,
00391.png,33,33,33,33,OK,,,,
00392.png,28,28,28,28,OK,,,,
00393.png,2,2,2,2,OK,,,,
00394.png,4,1,1,1,KO,,,,
00395.png,5,5,5,5,OK,,,,
00396.png,4,4,4,4,OK,,,,
00397.png,38,38,38,38,OK,,,,
00398.png,4,4,4,4,OK,,,,
00399.png,12,12,12,12,OK,,,,
00400.png,38,38,38,38,OK,,,,
00401.png,36,36,36,36,OK,,,,
00402.png,10,10,10,10,OK,,,,
00403.png,0,0,0,0,OK,,,,
00404.png,38,38,38,38,OK,,,,
00405.png,36,36,36,36,OK,,,,
00406.png,8,8,8,8,OK,,,,
00407.png,25,25,25,25,OK,,,,
00408.png,5,5,5,5,OK,,,,
00409.png,2,2,2,2,OK,,,,
00410.png,25,25,25,25,OK,,,,
00411.png,14,14,14,14,OK,,,,
00412.png,2,2,2,2,OK,,,,
00413.png,26,26,26,26,OK,,,,
00414.png,29,29,29,29,OK,,,,
00415.png,10,10,10,10,OK,,,,
00416.png,10,10,10,10,OK,,,,
00417.png,14,14,14,14,OK,,,,
00418.png,9,9,9,9,OK,,,,
00419.png,2,2,2,2,OK,,,,
00420.png,3,3,3,3,OK,,,,
00421.png,4,4,4,4,OK,,,,
00422.png,19,19,19,19,OK,,,,
00423.png,9,9,9,9,OK,,,,
00424.png,10,10,10,10,OK,,,,
00425.png,13,13,13,13,OK,,,,
00426.png,13,13,13,13,OK,,,,
00427.png,20,20,20,20,OK,,,,
00428.png,38,38,38,38,OK,,,,
00429.png,34,34,34,34,OK,,,,
00430.png,11,11,11,11,OK,,,,
00431.png,13,13,13,13,OK,,,,
00432.png,34,34,34,34,OK,,,,
00433.png,34,34,34,34,OK,,,,
00434.png,12,12,12,12,OK,,,,
00435.png,6,6,6,6,OK,,,,
00436.png,10,10,10,10,OK,,,,
00437.png,10,10,10,10,OK,,,,
00438.png,8,8,8,8,OK,,,,
00439.png,3,3,3,3,OK,,,,
00440.png,22,22,22,22,OK,,,,
00441.png,17,17,17,17,OK,,,,
00442.png,7,7,7,7,OK,,,,
00443.png,30,30,30,30,OK,,,,
00444.png,25,25,25,25,OK,,,,
00445.png,1,1,1,1,OK,,,,
00446.png,31,31,31,31,OK,,,,
00447.png,38,38,38,38,OK,,,,
00448.png,38,38,38,38,OK,,,,
00449.png,8,8,8,8,OK,,,,
00450.png,9,9,9,9,OK,,,,
00451.png,10,10,10,10,OK,,,,
00452.png,2,2,2,2,OK,,,,
00453.png,40,40,40,40,OK,,,,
00454.png,1,1,1,1,OK,,,,
00455.png,38,38,38,38,OK,,,,
00456.png,14,14,14,14,OK,,,,
00457.png,8,8,8,8,OK,,,,
00458.png,39,39,39,39,OK,,,,
00459.png,6,6,6,6,OK,,,,
00460.png,35,35,35,35,OK,,,,
00461.png,25,25,25,25,OK,,,,
00462.png,25,25,25,25,OK,,,,
00463.png,17,17,17,17,OK,,,,
00464.png,2,2,2,2,OK,,,,
00465.png,38,38,38,38,OK,,,,
00466.png,7,7,7,7,OK,,,,
00467.png,13,13,13,13,OK,,,,
00468.png,14,14,14,14,OK,,,,
00469.png,7,7,7,7,OK,,,,
00470.png,8,8,8,8,OK,,,,
00471.png,35,35,35,35,OK,,,,
00472.png,3,3,3,3,OK,,,,
00473.png,1,1,1,1,OK,,,,
00474.png,35,35,35,35,OK,,,,
00475.png,12,12,12,12,OK,,,,
00476.png,35,35,35,35,OK,,,,
00477.png,36,36,36,36,OK,,,,
00478.png,24,24,24,24,OK,,,,
00479.png,13,13,13,13,OK,,,,
00480.png,33,33,33,33,OK,,,,
00481.png,2,2,2,2,OK,,,,
00482.png,35,35,35,35,OK,,,,
00483.png,6,6,6,6,OK,,,,
00484.png,2,2,2,2,OK,,,,
00485.png,10,10,10,10,OK,,,,
00486.png,12,12,12,12,OK,,,,
00487.png,31,31,31,31,OK,,,,
00488.png,9,9,9,9,OK,,,,
00489.png,14,14,14,14,OK,,,,
00490.png,17,17,17,17,OK,,,,
00491.png,26,26,26,26,OK,,,,
00492.png,7,7,7,2,KO,,,,
00493.png,3,3,3,3,OK,,,,
00494.png,10,10,10,10,OK,,,,
00495.png,5,5,5,5,OK,,,,
00496.png,11,11,11,11,OK,,,,
00497.png,9,9,9,9,OK,,,,
00498.png,31,31,31,31,OK,,,,
00499.png,40,40,40,40,OK,,,,
00500.png,22,22,22,22,OK,,,,
00501.png,30,30,30,30,OK,,,,
00502.png,9,9,9,9,OK,,,,
00503.png,7,7,7,7,OK,,,,
00504.png,23,23,23,23,OK,,,,
00505.png,4,4,4,4,OK,,,,
00506.png,32,32,32,32,OK,,,,
00507.png,42,42,42,42,OK,,,,
00508.png,1,1,1,1,OK,,,,
00509.png,3,3,3,3,OK,,,,
00510.png,8,8,8,8,OK,,,,
00511.png,2,2,2,2,OK,,,,
00512.png,25,25,25,25,OK,,,,
00513.png,22,22,22,25,KO,,,,
00514.png,38,38,38,38,OK,,,,
00515.png,33,33,33,33,OK,,,,
00516.png,3,3,3,3,OK,,,,
00517.png,1,1,1,1,OK,,,,
00518.png,8,8,8,8,OK,,,,
00519.png,4,4,4,4,OK,,,,
00520.png,18,18,18,18,OK,,,,
00521.png,26,26,26,26,OK,,,,
00522.png,31,31,31,31,OK,,,,
00523.png,14,14,14,14,OK,,,,
00524.png,11,11,11,11,OK,,,,
00525.png,13,13,13,13,OK,,,,
00526.png,3,3,3,3,OK,,,,
00527.png,5,5,5,5,OK,,,,
00528.png,18,18,18,18,OK,,,,
00529.png,4,4,4,4,OK,,,,
00530.png,13,13,13,13,OK,,,,
00531.png,15,15,15,15,OK,,,,
00532.png,23,23,23,23,OK,,,,
00533.png,1,1,1,1,OK,,,,
00534.png,12,12,12,12,OK,,,,
00535.png,31,31,31,31,OK,,,,
00536.png,38,38,38,38,OK,,,,
00537.png,6,6,6,6,OK,,,,
00538.png,10,10,10,10,OK,,,,
00539.png,35,35,35,35,OK,,,,
00540.png,8,8,8,8,OK,,,,
00541.png,6,6,6,6,OK,,,,
00542.png,5,5,5,5,OK,,,,
00543.png,12,12,12,12,OK,,,,
00544.png,4,4,4,4,OK,,,,
00545.png,1,1,1,1,OK,,,,
00546.png,1,1,1,1,OK,,,,
00547.png,1,1,1,1,OK,,,,
00548.png,12,12,12,12,OK,,,,
00549.png,12,12,12,12,OK,,,,
00550.png,2,2,4,2,KO,,,,
00551.png,5,5,5,5,OK,,,,
00552.png,9,9,9,9,OK,,,,
00553.png,13,13,13,13,OK,,,,
00554.png,38,38,38,38,OK,,,,
00555.png,4,4,4,4,OK,,,,
00556.png,13,13,13,13,OK,,,,
00557.png,8,8,8,8,OK,,,,
00558.png,13,13,13,13,OK,,,,
00559.png,24,24,24,24,OK,,,,
00560.png,17,17,17,17,OK,,,,
00561.png,10,10,10,10,OK,,,,
00562.png,10,10,10,10,OK,,,,
00563.png,18,18,18,18,OK,,,,
00564.png,12,12,12,12,OK,,,,
00565.png,23,23,23,23,OK,,,,
00566.png,10,10,10,10,OK,,,,
00567.png,10,10,10,10,OK,,,,
00568.png,1,1,1,1,OK,,,,
00569.png,23,23,23,23,OK,,,,
00570.png,3,3,3,3,OK,,,,
00571.png,8,8,8,8,OK,,,,
00572.png,41,41,41,41,OK,,,,
00573.png,6,6,6,6,OK,,,,
00574.png,13,13,13,13,OK,,,,
00575.png,33,33,33,33,OK,,,,
00576.png,3,3,3,3,OK,,,,
00577.png,2,2,2,2,OK,,,,
00578.png,13,13,13,13,OK,,,,
00579.png,0,0,0,0,OK,,,,
00580.png,17,17,17,17,OK,,,,
00581.png,10,10,10,10,OK,,,,
00582.png,7,7,7,7,OK,,,,
00583.png,1,1,1,1,OK,,,,
00584.png,35,35,35,35,OK,,,,
00585.png,10,10,10,10,OK,,,,
00586.png,2,2,2,2,OK,,,,
00587.png,30,30,30,30,OK,,,,
00588.png,5,5,5,5,OK,,,,
00589.png,5,5,5,5,OK,,,,
00590.png,35,35,35,35,OK,,,,
00591.png,13,13,13,13,OK,,,,
00592.png,16,16,16,16,OK,,,,
00593.png,17,17,17,17,OK,,,,
00594.png,11,11,11,11,OK,,,,
00595.png,3,3,3,3,OK,,,,
00596.png,4,4,4,4,OK,,,,
00597.png,29,29,29,29,OK,,,,
00598.png,2,2,2,2,OK,,,,
00599.png,26,26,26,26,OK,,,,
00600.png,2,2,2,2,OK,,,,
00601.png,11,11,11,11,OK,,,,
00602.png,4,4,4,4,OK,,,,
00603.png,19,19,19,19,OK,,,,
00604.png,3,3,3,3,OK,,,,
00605.png,9,9,9,9,OK,,,,
00606.png,7,7,7,7,OK,,,,
00607.png,38,38,38,38,OK,,,,
00608.png,28,28,28,28,OK,,,,
00609.png,9,9,9,9,OK,,,,
00610.png,27,27,27,27,OK,,,,
00611.png,41,41,41,41,OK,,,,
00612.png,1,1,1,1,OK,,,,
00613.png,29,29,29,29,OK,,,,
00614.png,11,11,11,11,OK,,,,
00615.png,10,10,10,10,OK,,,,
00616.png,25,25,25,25,OK,,,,
00617.png,1,1,1,1,OK,,,,
00618.png,10,10,10,10,OK,,,,
00619.png,38,38,38,38,OK,,,,
00620.png,30,30,30,30,OK,,,,
00621.png,14,14,14,14,OK,,,,
00622.png,1,1,1,1,OK,,,,
00623.png,12,12,12,12,OK,,,,
00624.png,7,7,7,7,OK,,,,
00625.png,13,13,13,13,OK,,,,
00626.png,28,28,28,28,OK,,,,
00627.png,8,8,8,8,OK,,,,
00628.png,2,2,2,2,OK,,,,
00629.png,17,17,17,17,OK,,,,
00630.png,5,5,5,5,OK,,,,
00631.png,35,35,35,35,OK,,,,
00632.png,25,25,25,25,OK,,,,
00633.png,8,8,8,8,OK,,,,
00634.png,4,4,4,4,OK,,,,
00635.png,7,7,7,7,OK,,,,
00636.png,16,16,16,16,OK,,,,
00637.png,29,29,29,29,OK,,,,
00638.png,17,17,17,17,OK,,,,
00639.png,9,9,9,9,OK,,,,
00640.png,7,7,7,7,OK,,,,
00641.png,8,8,8,8,OK,,,,
00642.png,17,17,17,17,OK,,,,
00643.png,11,11,11,11,OK,,,,
00644.png,2,2,2,2,OK,,,,
00645.png,13,13,13,13,OK,,,,
00646.png,12,12,12,12,OK,,,,
00647.png,7,7,7,7,OK,,,,
00648.png,1,1,1,1,OK,,,,
00649.png,2,2,2,2,OK,,,,
00650.png,32,32,32,32,OK,,,,
00651.png,17,17,17,17,OK,,,,
00652.png,13,13,13,13,OK,,,,
00653.png,5,5,5,5,OK,,,,
00654.png,12,12,12,12,OK,,,,
00655.png,11,11,11,11,OK,,,,
00656.png,29,29,29,29,OK,,,,
00657.png,13,13,13,13,OK,,,,
00658.png,13,13,13,13,OK,,,,
00659.png,10,10,10,10,OK,,,,
00660.png,5,5,5,5,OK,,,,
00661.png,13,13,13,13,OK,,,,
00662.png,2,2,2,2,OK,,,,
00663.png,7,7,7,7,OK,,,,
00664.png,13,13,13,13,OK,,,,
00665.png,10,10,10,10,OK,,,,
00666.png,14,14,14,14,OK,,,,
00667.png,13,13,13,13,OK,,,,
00668.png,11,11,11,11,OK,,,,
00669.png,4,4,4,4,OK,,,,
00670.png,15,15,15,15,OK,,,,
00671.png,10,10,10,10,OK,,,,
00672.png,36,36,36,36,OK,,,,
00673.png,35,35,35,35,OK,,,,
00674.png,26,26,26,26,OK,,,,
00675.png,0,0,0,0,OK,,,,
00676.png,25,25,25,25,OK,,,,
00677.png,18,18,18,18,OK,,,,
00678.png,29,29,29,29,OK,,,,
00679.png,8,8,8,8,OK,,,,
00680.png,13,13,13,13,OK,,,,
00681.png,14,14,14,14,OK,,,,
00682.png,34,35,35,35,KO,,,,
00683.png,12,12,12,12,OK,,,,
00684.png,35,35,35,35,OK,,,,
00685.png,35,35,35,35,OK,,,,
00686.png,14,14,14,14,OK,,,,
00687.png,25,25,25,25,OK,,,,
00688.png,17,17,17,17,OK,,,,
00689.png,34,34,34,34,OK,,,,
00690.png,5,5,5,5,OK,,,,
00691.png,4,4,4,4,OK,,,,
00692.png,4,4,4,4,OK,,,,
00693.png,13,13,13,13,OK,,,,
00694.png,29,29,29,29,OK,,,,
00695.png,4,4,4,4,OK,,,,
00696.png,5,5,5,5,OK,,,,
00697.png,8,8,8,8,OK,,,,
00698.png,1,1,1,1,OK,,,,
00699.png,2,2,2,2,OK,,,,
00700.png,3,3,3,3,OK,,,,
00701.png,4,4,4,4,OK,,,,
00702.png,39,39,39,39,OK,,,,
00703.png,12,12,12,12,OK,,,,
00704.png,7,7,7,7,OK,,,,
00705.png,16,16,16,16,OK,,,,
00706.png,12,12,12,12,OK,,,,
00707.png,12,12,12,12,OK,,,,
00708.png,18,18,18,18,OK,,,,
00709.png,16,16,16,16,OK,,,,
00710.png,2,2,2,2,OK,,,,
00711.png,36,36,36,36,OK,,,,
00712.png,11,11,11,11,OK,,,,
00713.png,39,39,39,39,OK,,,,
00714.png,4,4,4,4,OK,,,,
00715.png,6,6,6,6,OK,,,,
00716.png,2,2,2,2,OK,,,,
00717.png,36,36,36,36,OK,,,,
00718.png,1,1,1,1,OK,,,,
00719.png,5,5,5,5,OK,,,,
00720.png,10,10,10,10,OK,,,,
00721.png,13,13,13,13,OK,,,,
00722.png,5,5,5,5,OK,,,,
00723.png,30,30,30,30,OK,,,,
00724.png,38,38,38,38,OK,,,,
00725.png,13,13,13,13,OK,,,,
00726.png,14,14,14,14,OK,,,,
00727.png,11,11,11,11,OK,,,,
00728.png,11,11,11,11,OK,,,,
00729.png,35,35,35,35,OK,,,,
00730.png,25,25,25,25,OK,,,,
00731.png,2,2,2,2,OK,,,,
00732.png,14,14,14,14,OK,,,,
00733.png,38,38,38,38,OK,,,,
00734.png,15,15,15,15,OK,,,,
00735.png,38,38,38,38,OK,,,,
00736.png,39,39,39,39,OK,,,,
00737.png,38,38,38,38,OK,,,,
00738.png,4,4,4,4,OK,,,,
00739.png,1,1,1,1,OK,,,,
00740.png,3,3,3,3,OK,,,,
00741.png,1,1,1,1,OK,,,,
00742.png,35,35,35,35,OK,,,,
00743.png,17,17,17,17,OK,,,,
00744.png,4,4,4,4,OK,,,,
00745.png,17,17,17,17,OK,,,,
00746.png,4,4,4,4,OK,,,,
00747.png,2,2,2,2,OK,,,,
00748.png,5,5,5,5,OK,,,,
00749.png,30,30,30,30,OK,,,,
00750.png,10,10,10,10,OK,,,,
00751.png,28,28,28,28,OK,,,,
00752.png,9,9,9,9,OK,,,,
00753.png,28,28,28,28,OK,,,,
00754.png,22,22,22,22,OK,,,,
00755.png,42,42,42,42,OK,,,,
00756.png,2,2,2,2,OK,,,,
00757.png,12,12,12,12,OK,,,,
00758.png,3,3,3,3,OK,,,,
00759.png,23,23,23,23,OK,,,,
00760.png,3,3,3,3,OK,,,,
00761.png,13,13,13,13,OK,,,,
00762.png,10,10,10,10,OK,,,,
00763.png,3,3,3,3,OK,,,,
00764.png,12,12,12,12,OK,,,,
00765.png,4,4,4,4,OK,,,,
00766.png,1,1,1,1,OK,,,,
00767.png,5,5,5,5,OK,,,,
00768.png,3,3,3,3,OK,,,,
00769.png,9,9,9,9,OK,,,,
00770.png,10,10,10,10,OK,,,,
00771.png,4,4,4,4,OK,,,,
00772.png,13,13,13,13,OK,,,,
00773.png,28,28,28,28,OK,,,,
00774.png,3,3,3,3,OK,,,,
00775.png,4,4,4,4,OK,,,,
00776.png,15,15,15,15,OK,,,,
00777.png,15,15,15,15,OK,,,,
00778.png,0,0,0,0,OK,,,,
00779.png,33,33,33,33,OK,,,,
00780.png,2,2,2,2,OK,,,,
00781.png,39,39,39,39,OK,,,,
00782.png,12,12,12,12,OK,,,,
00783.png,38,38,38,38,OK,,,,
00784.png,7,7,7,7,OK,,,,
00785.png,10,10,10,10,OK,,,,
00786.png,2,2,2,2,OK,,,,
00787.png,10,10,10,10,OK,,,,
00788.png,2,2,2,2,OK,,,,
00789.png,38,38,38,38,OK,,,,
00790.png,2,2,2,2,OK,,,,
00791.png,5,5,5,5,OK,,,,
00792.png,1,1,1,1,OK,,,,
00793.png,3,3,3,3,OK,,,,
00794.png,1,1,1,1,OK,,,,
00795.png,42,42,42,42,OK,,,,
00796.png,15,15,15,15,OK,,,,
00797.png,15,15,15,15,OK,,,,
00798.png,4,4,4,4,OK,,,,
00799.png,15,15,15,15,OK,,,,
00800.png,38,38,38,38,OK,,,,
00801.png,25,25,25,25,OK,,,,
00802.png,5,5,5,5,OK,,,,
00803.png,5,5,5,5,OK,,,,
00804.png,12,12,12,12,OK,,,,
00805.png,2,2,2,2,OK,,,,
00806.png,26,26,26,26,OK,,,,
00807.png,0,0,0,0,OK,,,,
00808.png,17,17,17,17,OK,,,,
00809.png,0,0,0,0,OK,,,,
00810.png,26,26,26,26,OK,,,,
00811.png,31,31,31,31,OK,,,,
00812.png,4,4,4,4,OK,,,,
00813.png,13,13,13,13,OK,,,,
00814.png,17,17,17,17,OK,,,,
00815.png,1,1,1,1,OK,,,,
00816.png,11,11,11,11,OK,,,,
00817.png,8,8,8,8,OK,,,,
00818.png,1,1,1,1,OK,,,,
00819.png,2,2,2,2,OK,,,,
00820.png,4,4,4,4,OK,,,,
00821.png,14,14,14,14,OK,,,,
00822.png,3,3,3,3,OK,,,,
00823.png,4,4,4,4,OK,,,,
00824.png,25,25,25,25,OK,,,,
00825.png,4,4,4,4,OK,,,,
00826.png,15,15,15,15,OK,,,,
00827.png,2,2,2,2,OK,,,,
00828.png,38,38,38,38,OK,,,,
00829.png,27,27,27,28,KO,,,,
00830.png,37,37,37,37,OK,,,,
00831.png,7,7,7,7,OK,,,,
00832.png,1,1,1,1,OK,,,,
00833.png,18,18,18,18,OK,,,,
00834.png,28,28,28,28,OK,,,,
00835.png,11,11,11,11,OK,,,,
00836.png,10,10,10,10,OK,,,,
00837.png,9,9,9,9,OK,,,,
00838.png,15,15,15,15,OK,,,,
00839.png,11,11,11,11,OK,,,,
00840.png,12,12,12,12,OK,,,,
00841.png,10,10,10,10,OK,,,,
00842.png,13,13,13,13,OK,,,,
00843.png,13,13,13,13,OK,,,,
00844.png,25,25,25,25,OK,,,,
00845.png,4,4,4,4,OK,,,,
00846.png,1,1,1,1,OK,,,,
00847.png,38,38,38,38,OK,,,,
00848.png,12,12,12,12,OK,,,,
00849.png,23,23,23,23,OK,,,,
00850.png,10,10,10,10,OK,,,,
00851.png,2,2,2,2,OK,,,,
00852.png,1,1,1,1,OK,,,,
00853.png,29,29,29,29,OK,,,,
00854.png,24,24,24,24,OK,,,,
00855.png,10,10,10,10,OK,,,,
00856.png,1,1,1,1,OK,,,,
00857.png,28,28,28,28,OK,,,,
00858.png,3,3,3,3,OK,,,,
00859.png,30,30,11,11,KO,,,,
00860.png,5,5,5,5,OK,,,,
00861.png,6,6,6,6,OK,,,,
00862.png,9,9,9,9,OK,,,,
00863.png,2,2,2,2,OK,,,,
00864.png,1,1,1,1,OK,,,,
00865.png,33,33,33,33,OK,,,,
00866.png,3,3,3,3,OK,,,,
00867.png,9,9,9,9,OK,,,,
00868.png,25,25,25,25,OK,,,,
00869.png,16,16,16,16,OK,,,,
00870.png,42,42,42,42,OK,,,,
00871.png,35,35,35,35,OK,,,,
00872.png,10,10,10,10,OK,,,,
00873.png,28,28,28,28,OK,,,,
00874.png,4,4,4,4,OK,,,,
00875.png,1,1,1,1,OK,,,,
00876.png,7,7,7,7,OK,,,,
00877.png,5,5,5,5,OK,,,,
00878.png,3,3,3,3,OK,,,,
00879.png,23,23,23,23,OK,,,,
00880.png,1,1,1,1,OK,,,,
00881.png,1,1,1,1,OK,,,,
00882.png,10,10,10,10,OK,,,,
00883.png,30,30,30,30,OK,,,,
00884.png,35,35,35,35,OK,,,,
00885.png,24,24,24,24,OK,,,,
00886.png,33,33,33,33,OK,,,,
00887.png,1,1,1,1,OK,,,,
00888.png,12,12,12,12,OK,,,,
00889.png,2,2,2,2,OK,,,,
00890.png,13,13,13,13,OK,,,,
00891.png,13,13,13,13,OK,,,,
00892.png,33,33,33,33,OK,,,,
00893.png,17,17,17,17,OK,,,,
00894.png,35,35,35,35,OK,,,,
00895.png,5,5,5,5,OK,,,,
00896.png,15,15,15,15,OK,,,,
00897.png,31,31,31,31,OK,,,,
00898.png,33,33,33,33,OK,,,,
00899.png,42,42,42,42,OK,,,,
00900.png,11,11,11,11,OK,,,,
00901.png,24,24,24,24,OK,,,,
00902.png,38,38,38,38,OK,,,,
00903.png,4,4,4,4,OK,,,,
00904.png,27,27,27,27,OK,,,,
00905.png,7,7,7,7,OK,,,,
00906.png,13,13,13,13,OK,,,,
00907.png,21,21,21,21,OK,,,,
00908.png,38,38,38,38,OK,,,,
00909.png,38,38,38,38,OK,,,,
00910.png,1,1,1,1,OK,,,,
00911.png,13,13,13,13,OK,,,,
00912.png,23,23,23,23,OK,,,,
00913.png,13,13,13,13,OK,,,,
00914.png,18,18,18,18,OK,,,,
00915.png,13,13,13,13,OK,,,,
00916.png,13,13,13,13,OK,,,,
00917.png,38,38,38,38,OK,,,,
00918.png,35,35,35,35,OK,,,,
00919.png,5,5,5,5,OK,,,,
00920.png,12,12,12,12,OK,,,,
00921.png,25,25,25,25,OK,,,,
00922.png,4,4,4,4,OK,,,,
00923.png,1,1,1,1,OK,,,,
00924.png,19,19,19,19,OK,,,,
00925.png,3,3,3,3,OK,,,,
00926.png,9,9,9,9,OK,,,,
00927.png,2,2,2,2,OK,,,,
00928.png,3,3,3,3,OK,,,,
00929.png,17,17,17,17,OK,,,,
00930.png,38,38,38,38,OK,,,,
00931.png,5,5,5,5,OK,,,,
00932.png,5,5,5,5,OK,,,,
00933.png,38,38,38,38,OK,,,,
00934.png,1,1,1,1,OK,,,,
00935.png,11,11,11,11,OK,,,,
00936.png,31,31,31,31,OK,,,,
00937.png,2,2,2,2,OK,,,,
00938.png,42,42,42,42,OK,,,,
00939.png,12,12,12,12,OK,,,,
00940.png,35,35,35,35,OK,,,,
00941.png,29,29,29,29,OK,,,,
00942.png,38,38,38,38,OK,,,,
00943.png,0,0,0,0,OK,,,,
00944.png,38,38,38,38,OK,,,,
00945.png,10,10,10,10,OK,,,,
00946.png,13,13,13,13,OK,,,,
00947.png,1,1,1,1,OK,,,,
00948.png,34,34,34,34,OK,,,,
00949.png,22,22,22,22,OK,,,,
00950.png,12,12,12,12,OK,,,,
00951.png,31,31,31,31,OK,,,,
00952.png,15,15,15,15,OK,,,,
00953.png,13,13,13,13,OK,,,,
00954.png,31,31,31,31,OK,,,,
00955.png,1,1,1,1,OK,,,,
00956.png,42,42,42,42,OK,,,,
00957.png,36,36,36,36,OK,,,,
00958.png,7,7,7,7,OK,,,,
00959.png,20,20,20,20,OK,,,,
00960.png,27,27,27,27,OK,,,,
00961.png,15,15,15,15,OK,,,,
00962.png,12,12,12,12,OK,,,,
00963.png,14,14,14,14,OK,,,,
00964.png,10,10,10,10,OK,,,,
00965.png,5,5,5,5,OK,,,,
00966.png,32,32,32,32,OK,,,,
00967.png,3,3,3,3,OK,,,,
00968.png,7,7,7,7,OK,,,,
00969.png,13,13,13,13,OK,,,,
00970.png,12,12,12,12,OK,,,,
00971.png,7,7,7,7,OK,,,,
00972.png,13,13,13,13,OK,,,,
00973.png,4,4,4,4,OK,,,,
00974.png,10,10,10,10,OK,,,,
00975.png,8,8,8,8,OK,,,,
00976.png,23,23,23,23,OK,,,,
00977.png,10,10,10,10,OK,,,,
00978.png,39,39,39,39,OK,,,,
00979.png,2,2,2,2,OK,,,,
00980.png,13,13,13,13,OK,,,,
00981.png,7,7,7,7,OK,,,,
00982.png,1,1,1,1,OK,,,,
00983.png,5,5,5,5,OK,,,,
00984.png,31,31,31,31,OK,,,,
00985.png,10,10,10,10,OK,,,,
00986.png,5,5,5,5,OK,,,,
00987.png,31,31,31,31,OK,,,,
00988.png,7,7,7,7,OK,,,,
00989.png,39,39,39,39,OK,,,,
00990.png,0,0,0,0,OK,,,,
00991.png,23,23,23,23,OK,,,,
00992.png,7,7,7,7,OK,,,,
00993.png,38,38,38,38,OK,,,,
00994.png,35,35,35,35,OK,,,,
00995.png,38,38,38,38,OK,,,,
00996.png,25,25,25,25,OK,,,,
00997.png,38,38,38,38,OK,,,,
00998.png,9,9,9,9,OK,,,,
00999.png,16,16,16,16,OK,,,,
01000.png,17,17,17,17,OK,,,,
01001.png,1,1,1,1,OK,,,,
01002.png,12,12,12,12,OK,,,,
01003.png,12,12,12,12,OK,,,,
01004.png,10,10,10,10,OK,,,,
01005.png,5,5,5,5,OK,,,,
01006.png,38,38,38,38,OK,,,,
01007.png,3,3,3,3,OK,,,,
01008.png,12,12,12,12,OK,,,,
01009.png,12,12,12,12,OK,,,,
01010.png,8,8,8,8,OK,,,,
01011.png,10,10,10,10,OK,,,,
01012.png,2,2,2,2,OK,,,,
01013.png,10,10,10,10,OK,,,,
01014.png,12,12,12,12,OK,,,,
01015.png,35,35,35,35,OK,,,,
01016.png,15,15,15,15,OK,,,,
01017.png,4,4,4,4,OK,,,,
01018.png,35,35,35,35,OK,,,,
01019.png,5,5,5,5,OK,,,,
01020.png,14,14,14,14,OK,,,,
01021.png,1,1,1,1,OK,,,,
01022.png,30,30,11,30,KO,,,,
01023.png,35,35,35,35,OK,,,,
01024.png,38,38,38,38,OK,,,,
01025.png,30,30,30,30,OK,,,,
01026.png,11,11,11,11,OK,,,,
01027.png,4,4,4,4,OK,,,,
01028.png,12,12,12,12,OK,,,,
01029.png,1,1,1,1,OK,,,,
01030.png,18,18,18,18,OK,,,,
01031.png,8,8,8,8,OK,,,,
01032.png,11,11,11,11,OK,,,,
01033.png,41,41,41,41,OK,,,,
01034.png,10,10,10,10,OK,,,,
01035.png,2,2,2,2,OK,,,,
01036.png,8,8,8,8,OK,,,,
01037.png,2,2,2,2,OK,,,,
01038.png,35,35,35,35,OK,,,,
01039.png,13,13,13,13,OK,,,,
01040.png,38,38,38,38,OK,,,,
01041.png,9,9,9,9,OK,,,,
01042.png,12,12,12,12,OK,,,,
01043.png,7,7,7,7,OK,,,,
01044.png,12,12,12,12,OK,,,,
01045.png,31,31,31,31,OK,,,,
01046.png,2,2,2,2,OK,,,,
01047.png,11,11,11,11,OK,,,,
01048.png,17,17,17,17,OK,,,,
01049.png,35,35,35,35,OK,,,,
01050.png,4,4,4,4,OK,,,,
01051.png,18,18,18,18,OK,,,,
01052.png,4,4,4,4,OK,,,,
01053.png,34,34,34,34,OK,,,,
01054.png,40,40,40,40,OK,,,,
01055.png,11,11,11,11,OK,,,,
01056.png,11,11,11,11,OK,,,,
01057.png,33,33,33,33,OK,,,,
01058.png,15,15,15,15,OK,,,,
01059.png,13,13,13,13,OK,,,,
01060.png,5,5,5,5,OK,,,,
01061.png,12,12,12,12,OK,,,,
01062.png,13,13,13,13,OK,,,,
01063.png,13,13,13,13,OK,,,,
01064.png,12,12,12,12,OK,,,,
01065.png,7,7,7,7,OK,,,,
01066.png,31,31,31,31,OK,,,,
01067.png,32,32,32,32,OK,,,,
01068.png,4,4,4,4,OK,,,,
01069.png,41,41,41,41,OK,,,,
01070.png,8,8,8,8,OK,,,,
01071.png,2,2,2,2,OK,,,,
01072.png,8,8,8,8,OK,,,,
01073.png,39,39,39,39,OK,,,,
01074.png,14,14,14,14,OK,,,,
01075.png,42,42,42,42,OK,,,,
01076.png,4,4,4,4,OK,,,,
01077.png,7,7,7,7,OK,,,,
01078.png,11,11,11,11,OK,,,,
01079.png,21,21,21,21,OK,,,,
01080.png,2,2,2,2,OK,,,,
01081.png,2,2,2,2,OK,,,,
01082.png,13,13,13,13,OK,,,,
01083.png,10,10,10,10,OK,,,,
01084.png,2,2,2,2,OK,,,,
01085.png,8,8,8,8,OK,,,,
01086.png,18,18,18,18,OK,,,,
01087.png,4,4,4,4,OK,,,,
01088.png,5,5,5,5,OK,,,,
01089.png,4,4,4,4,OK,,,,
01090.png,16,16,16,16,OK,,,,
01091.png,33,33,33,33,OK,,,,
01092.png,1,1,1,1,OK,,,,
01093.png,18,18,18,18,OK,,,,
01094.png,31,31,31,31,OK,,,,
01095.png,37,37,37,37,OK,,,,
01096.png,30,30,30,30,OK,,,,
01097.png,9,9,9,9,OK,,,,
01098.png,18,18,18,18,OK,,,,
01099.png,5,5,5,5,OK,,,,
01100.png,35,35,35,35,OK,,,,
01101.png,20,20,20,20,OK,,,,
01102.png,2,2,2,2,OK,,,,
01103.png,20,20,20,20,OK,,,,
01104.png,23,23,23,23,OK,,,,
01105.png,5,5,5,5,OK,,,,
01106.png,8,8,8,8,OK,,,,
01107.png,9,9,9,9,OK,,,,
01108.png,38,38,38,38,OK,,,,
01109.png,12,12,12,12,OK,,,,
01110.png,35,35,35,35,OK,,,,
01111.png,5,5,5,5,OK,,,,
01112.png,11,11,11,11,OK,,,,
01113.png,10,10,10,10,OK,,,,
01114.png,12,12,12,12,OK,,,,
01115.png,33,33,33,33,OK,,,,
01116.png,8,8,8,8,OK,,,,
01117.png,38,38,38,38,OK,,,,
01118.png,3,3,3,3,OK,,,,
01119.png,32,32,32,32,OK,,,,
01120.png,31,31,31,31,OK,,,,
01121.png,41,41,41,41,OK,,,,
01122.png,35,35,35,35,OK,,,,
01123.png,40,40,40,40,OK,,,,
01124.png,13,13,13,13,OK,,,,
01125.png,7,7,7,7,OK,,,,
01126.png,12,12,12,12,OK,,,,
01127.png,8,8,8,8,OK,,,,
01128.png,13,13,13,13,OK,,,,
01129.png,1,1,1,1,OK,,,,
01130.png,13,13,13,13,OK,,,,
01131.png,8,8,8,8,OK,,,,
01132.png,40,40,40,40,OK,,,,
01133.png,4,4,4,4,OK,,,,
01134.png,4,4,4,4,OK,,,,
01135.png,5,5,5,5,OK,,,,
01136.png,17,17,17,17,OK,,,,
01137.png,18,18,18,18,OK,,,,
01138.png,12,12,12,12,OK,,,,
01139.png,35,35,35,35,OK,,,,
01140.png,8,8,8,8,OK,,,,
01141.png,33,33,33,33,OK,,,,
01142.png,3,3,3,3,OK,,,,
01143.png,15,15,15,15,OK,,,,
01144.png,12,12,12,12,OK,,,,
01145.png,14,14,14,14,OK,,,,
01146.png,9,9,9,9,OK,,,,
01147.png,4,4,4,4,OK,,,,
01148.png,5,5,5,5,OK,,,,
01149.png,31,31,31,31,OK,,,,
01150.png,32,32,32,32,OK,,,,
01151.png,3,3,3,3,OK,,,,
01152.png,25,25,25,25,OK,,,,
01153.png,1,1,1,1,OK,,,,
01154.png,10,10,10,10,OK,,,,
01155.png,33,33,33,33,OK,,,,
01156.png,4,4,4,4,OK,,,,
01157.png,35,35,35,35,OK,,,,
01158.png,9,9,9,9,OK,,,,
01159.png,1,1,1,1,OK,,,,
01160.png,32,32,32,32,OK,,,,
01161.png,4,4,4,4,OK,,,,
01162.png,13,13,13,13,OK,,,,
01163.png,17,17,17,17,OK,,,,
01164.png,4,4,4,4,OK,,,,
01165.png,6,6,6,6,OK,,,,
01166.png,26,26,26,26,OK,,,,
01167.png,38,38,38,38,OK,,,,
01168.png,2,2,2,2,OK,,,,
01169.png,20,20,20,20,OK,,,,
01170.png,11,11,11,11,OK,,,,
01171.png,41,41,41,41,OK,,,,
01172.png,38,38,38,38,OK,,,,
01173.png,34,34,34,34,OK,,,,
01174.png,38,38,38,38,OK,,,,
01175.png,39,39,39,39,OK,,,,
01176.png,1,1,1,1,OK,,,,
01177.png,18,18,18,18,OK,,,,
01178.png,5,5,5,5,OK,,,,
01179.png,9,9,9,9,OK,,,,
01180.png,26,26,26,26,OK,,,,
01181.png,17,17,17,17,OK,,,,
01182.png,31,31,31,31,OK,,,,
01183.png,24,24,24,24,OK,,,,
01184.png,37,37,37,37,OK,,,,
01185.png,12,12,12,12,OK,,,,
01186.png,22,22,22,22,OK,,,,
01187.png,5,5,5,5,OK,,,,
01188.png,8,8,8,8,OK,,,,
01189.png,26,12,12,12,KO,,,,
01190.png,10,10,10,10,OK,,,,
01191.png,2,2,2,2,OK,,,,
01192.png,2,2,2,2,OK,,,,
01193.png,10,10,10,10,OK,,,,
01194.png,7,7,7,7,OK,,,,
01195.png,10,10,10,10,OK,,,,
01196.png,14,14,14,14,OK,,,,
01197.png,9,9,9,9,OK,,,,
01198.png,8,8,8,8,OK,,,,
01199.png,14,14,14,14,OK,,,,
01200.png,5,5,5,5,OK,,,,
01201.png,5,5,5,5,OK,,,,
01202.png,25,25,25,25,OK,,,,
01203.png,4,4,4,4,OK,,,,
01204.png,3,3,3,3,OK,,,,
01205.png,29,29,29,29,OK,,,,
01206.png,40,40,40,40,OK,,,,
01207.png,16,16,16,16,OK,,,,
01208.png,35,35,35,35,OK,,,,
01209.png,11,11,11,11,OK,,,,
01210.png,18,18,18,18,OK,,,,
01211.png,12,12,12,12,OK,,,,
01212.png,39,39,39,39,OK,,,,
01213.png,12,12,12,12,OK,,,,
01214.png,30,30,30,30,OK,,,,
01215.png,12,12,12,12,OK,,,,
01216.png,13,13,13,13,OK,,,,
01217.png,9,9,9,9,OK,,,,
01218.png,9,9,9,9,OK,,,,
01219.png,11,11,11,11,OK,,,,
01220.png,13,13,13,13,OK,,,,
01221.png,17,17,17,17,OK,,,,
01222.png,29,29,29,29,OK,,,,
01223.png,14,14,14,14,OK,,,,
01224.png,17,17,17,17,OK,,,,
01225.png,26,26,26,26,OK,,,,
01226.png,1,1,1,1,OK,,,,
01227.png,13,13,13,13,OK,,,,
01228.png,11,11,11,11,OK,,,,
01229.png,10,10,10,10,OK,,,,
01230.png,5,5,5,5,OK,,,,
01231.png,5,5,5,5,OK,,,,
01232.png,4,4,4,4,OK,,,,
01233.png,4,4,4,4,OK,,,,
01234.png,3,3,3,3,OK,,,,
01235.png,34,34,34,34,OK,,,,
01236.png,23,23,23,23,OK,,,,
01237.png,4,4,4,4,OK,,,,
01238.png,7,7,7,7,OK,,,,
01239.png,14,14,14,14,OK,,,,
01240.png,12,12,12,12,OK,,,,
01241.png,22,22,22,22,OK,,,,
01242.png,37,37,37,37,OK,,,,
01243.png,35,35,35,35,OK,,,,
01244.png,12,12,12,12,OK,,,,
01245.png,28,28,28,28,OK,,,,
01246.png,28,28,28,28,OK,,,,
01247.png,2,2,2,2,OK,,,,
01248.png,3,3,3,3,OK,,,,
01249.png,12,12,12,12,OK,,,,
01250.png,10,10,10,10,OK,,,,
01251.png,1,1,1,1,OK,,,,
01252.png,8,8,8,8,OK,,,,
01253.png,17,17,17,17,OK,,,,
01254.png,37,37,37,37,OK,,,,
01255.png,12,12,12,12,OK,,,,
01256.png,31,31,31,31,OK,,,,
01257.png,11,11,11,11,OK,,,,
01258.png,9,9,9,9,OK,,,,
01259.png,5,5,5,5,OK,,,,
01260.png,5,5,5,5,OK,,,,
01261.png,8,8,8,8,OK,,,,
01262.png,9,9,9,9,OK,,,,
01263.png,5,5,5,5,OK,,,,
01264.png,10,10,10,10,OK,,,,
01265.png,38,38,38,38,OK,,,,
01266.png,42,42,42,42,OK,,,,
01267.png,18,18,18,18,OK,,,,
01268.png,2,2,2,2,OK,,,,
01269.png,14,14,14,14,OK,,,,
01270.png,3,1,2,2,KO,,,,
01271.png,12,12,12,12,OK,,,,
01272.png,3,3,3,3,OK,,,,
01273.png,2,2,2,2,OK,,,,
01274.png,42,42,42,42,OK,,,,
01275.png,8,8,8,8,OK,,,,
01276.png,18,18,18,18,OK,,,,
01277.png,14,14,14,14,OK,,,,
01278.png,5,5,5,5,OK,,,,
01279.png,0,0,0,0,OK,,,,
01280.png,2,2,2,2,OK,,,,
01281.png,1,1,1,1,OK,,,,
01282.png,14,14,14,14,OK,,,,
01283.png,36,36,36,36,OK,,,,
01284.png,11,11,11,11,OK,,,,
01285.png,13,13,13,13,OK,,,,
01286.png,11,11,11,11,OK,,,,
01287.png,10,10,10,10,OK,,,,
01288.png,8,8,8,8,OK,,,,
01289.png,34,34,34,34,OK,,,,
01290.png,4,4,4,4,OK,,,,
01291.png,38,38,38,38,OK,,,,
01292.png,14,14,14,14,OK,,,,
01293.png,2,2,2,2,OK,,,,
01294.png,7,7,7,7,OK,,,,
01295.png,17,17,17,17,OK,,,,
01296.png,29,29,29,29,OK,,,,
01297.png,33,33,33,33,OK,,,,
01298.png,28,28,28,28,OK,,,,
01299.png,7,7,7,7,OK,,,,
01300.png,38,38,38,38,OK,,,,
01301.png,18,18,18,18,OK,,,,
01302.png,14,14,14,14,OK,,,,
01303.png,1,1,1,1,OK,,,,
01304.png,33,33,33,33,OK,,,,
01305.png,16,16,16,16,OK,,,,
01306.png,4,4,4,4,OK,,,,
01307.png,19,19,19,19,OK,,,,
01308.png,23,23,23,23,OK,,,,
01309.png,6,6,6,6,OK,,,,
01310.png,5,5,5,5,OK,,,,
01311.png,8,8,8,8,OK,,,,
01312.png,8,8,8,8,OK,,,,
01313.png,10,10,10,10,OK,,,,
01314.png,34,34,34,34,OK,,,,
01315.png,35,35,35,35,OK,,,,
01316.png,5,5,5,5,OK,,,,
01317.png,11,25,25,11,KO,,,,
01318.png,13,13,13,13,OK,,,,
01319.png,35,35,35,35,OK,,,,
01320.png,38,38,38,38,OK,,,,
01321.png,9,9,9,9,OK,,,,
01322.png,15,15,15,15,OK,,,,
01323.png,5,5,5,5,OK,,,,
01324.png,14,14,14,14,OK,,,,
01325.png,26,26,26,26,OK,,,,
01326.png,42,42,42,42,OK,,,,
01327.png,26,26,26,26,OK,,,,
01328.png,13,13,13,13,OK,,,,
01329.png,17,17,17,17,OK,,,,
01330.png,10,10,10,10,OK,,,,
01331.png,4,4,4,4,OK,,,,
01332.png,4,4,4,4,OK,,,,
01333.png,9,9,9,9,OK,,,,
01334.png,1,1,1,1,OK,,,,
01335.png,2,2,2,2,OK,,,,
01336.png,34,34,34,34,OK,,,,
01337.png,1,1,1,1,OK,,,,
01338.png,42,42,42,42,OK,,,,
01339.png,31,31,31,31,OK,,,,
01340.png,13,13,13,13,OK,,,,
01341.png,9,9,9,9,OK,,,,
01342.png,13,13,13,13,OK,,,,
01343.png,12,12,12,12,OK,,,,
01344.png,38,38,38,38,OK,,,,
01345.png,8,8,8,8,OK,,,,
01346.png,35,35,35,35,OK,,,,
01347.png,38,38,38,38,OK,,,,
01348.png,7,7,7,7,OK,,,,
01349.png,2,2,2,2,OK,,,,
01350.png,5,5,5,5,OK,,,,
01351.png,12,12,12,12,OK,,,,
01352.png,25,25,25,25,OK,,,,
01353.png,8,8,8,8,OK,,,,
01354.png,2,2,2,2,OK,,,,
01355.png,12,12,12,12,OK,,,,
01356.png,28,28,28,28,OK,,,,
01357.png,12,12,12,12,OK,,,,
01358.png,2,2,2,2,OK,,,,
01359.png,2,2,2,2,OK,,,,
01360.png,26,26,26,26,OK,,,,
01361.png,3,3,3,3,OK,,,,
01362.png,8,8,8,8,OK,,,,
01363.png,30,11,30,30,KO,,,,
01364.png,8,8,8,8,OK,,,,
01365.png,10,10,10,10,OK,,,,
01366.png,12,12,12,12,OK,,,,
01367.png,5,5,5,5,OK,,,,
01368.png,40,40,40,40,OK,,,,
01369.png,2,2,2,2,OK,,,,
01370.png,33,33,33,33,OK,,,,
01371.png,25,25,25,25,OK,,,,
01372.png,2,2,2,2,OK,,,,
01373.png,41,41,41,41,OK,,,,
01374.png,16,16,16,16,OK,,,,
01375.png,18,18,18,18,OK,,,,
01376.png,8,8,8,8,OK,,,,
01377.png,3,3,3,3,OK,,,,
01378.png,34,34,34,34,OK,,,,
01379.png,31,31,31,31,OK,,,,
01380.png,9,9,9,9,OK,,,,
01381.png,9,9,9,9,OK,,,,
01382.png,13,13,13,13,OK,,,,
01383.png,38,38,38,38,OK,,,,
01384.png,7,7,7,7,OK,,,,
01385.png,4,4,4,4,OK,,,,
01386.png,4,4,4,4,OK,,,,
01387.png,13,13,13,13,OK,,,,
01388.png,12,12,12,12,OK,,,,
01389.png,18,18,18,18,OK,,,,
01390.png,8,8,8,8,OK,,,,
01391.png,38,38,38,38,OK,,,,
01392.png,25,25,25,25,OK,,,,
01393.png,5,5,5,5,OK,,,,
01394.png,2,2,2,2,OK,,,,
01395.png,42,42,42,42,OK,,,,
01396.png,13,13,13,13,OK,,,,
01397.png,35,35,35,35,OK,,,,
01398.png,10,10,10,10,OK,,,,
01399.png,12,12,12,12,OK,,,,
01400.png,33,33,33,33,OK,,,,
01401.png,13,13,13,13,OK,,,,
01402.png,11,11,11,11,OK,,,,
01403.png,2,2,2,2,OK,,,,
01404.png,38,38,38,38,OK,,,,
01405.png,10,10,10,10,OK,,,,
01406.png,13,13,13,13,OK,,,,
01407.png,17,17,17,17,OK,,,,
01408.png,12,12,12,12,OK,,,,
01409.png,1,1,1,1,OK,,,,
01410.png,15,15,15,15,OK,,,,
01411.png,7,7,7,7,OK,,,,
01412.png,18,18,18,18,OK,,,,
01413.png,34,34,34,34,OK,,,,
01414.png,38,38,38,38,OK,,,,
01415.png,12,12,12,12,OK,,,,
01416.png,3,3,3,3,OK,,,,
01417.png,3,3,3,3,OK,,,,
01418.png,4,4,4,4,OK,,,,
01419.png,12,12,12,12,OK,,,,
01420.png,12,12,12,12,OK,,,,
01421.png,10,10,10,10,OK,,,,
01422.png,30,30,30,30,OK,,,,
01423.png,14,14,14,14,OK,,,,
01424.png,12,12,12,12,OK,,,,
01425.png,14,14,14,14,OK,,,,
01426.png,10,10,10,10,OK,,,,
01427.png,4,4,4,4,OK,,,,
01428.png,17,17,17,17,OK,,,,
01429.png,7,7,7,7,OK,,,,
01430.png,13,13,13,13,OK,,,,
01431.png,27,27,27,27,OK,,,,
01432.png,17,17,17,17,OK,,,,
01433.png,8,8,8,8,OK,,,,
01434.png,23,23,23,23,OK,,,,
01435.png,18,18,18,18,OK,,,,
01436.png,11,11,11,11,OK,,,,
01437.png,38,38,38,38,OK,,,,
01438.png,10,10,10,10,OK,,,,
01439.png,10,10,10,10,OK,,,,
01440.png,5,5,5,5,OK,,,,
01441.png,25,25,25,25,OK,,,,
01442.png,18,18,18,18,OK,,,,
01443.png,4,4,4,4,OK,,,,
01444.png,11,11,11,11,OK,,,,
01445.png,31,31,31,31,OK,,,,
01446.png,12,12,12,12,OK,,,,
01447.png,1,1,1,1,OK,,,,
01448.png,8,8,8,8,OK,,,,
01449.png,12,12,12,12,OK,,,,
01450.png,35,35,35,35,OK,,,,
01451.png,11,11,11,11,OK,,,,
01452.png,5,5,5,5,OK,,,,
01453.png,4,4,4,4,OK,,,,
01454.png,2,2,2,2,OK,,,,
01455.png,18,18,18,18,OK,,,,
01456.png,38,38,38,38,OK,,,,
01457.png,5,5,5,5,OK,,,,
01458.png,38,38,38,38,OK,,,,
01459.png,13,13,13,13,OK,,,,
01460.png,10,10,10,10,OK,,,,
01461.png,3,3,3,3,OK,,,,
01462.png,42,42,42,42,OK,,,,
01463.png,34,34,34,34,OK,,,,
01464.png,31,31,31,31,OK,,,,
01465.png,26,26,26,26,OK,,,,
01466.png,8,8,8,8,OK,,,,
01467.png,5,5,5,5,OK,,,,
01468.png,7,7,7,7,OK,,,,
01469.png,20,20,20,20,OK,,,,
01470.png,15,15,15,15,OK,,,,
01471.png,2,2,2,2,OK,,,,
01472.png,3,3,3,3,OK,,,,
01473.png,10,10,10,10,OK,,,,
01474.png,13,13,13,13,OK,,,,
01475.png,18,18,18,18,OK,,,,
01476.png,2,2,2,2,OK,,,,
01477.png,35,35,35,35,OK,,,,
01478.png,4,4,4,4,OK,,,,
01479.png,31,31,31,31,OK,,,,
01480.png,25,25,25,25,OK,,,,
01481.png,13,13,13,13,OK,,,,
01482.png,1,1,1,1,OK,,,,
01483.png,2,2,2,2,OK,,,,
01484.png,8,8,8,8,OK,,,,
01485.png,12,12,12,12,OK,,,,
01486.png,2,2,2,2,OK,,,,
01487.png,32,32,32,32,OK,,,,
01488.png,12,12,12,12,OK,,,,
01489.png,32,12,12,13,KO,,,,
01490.png,12,12,12,12,OK,,,,
01491.png,2,2,2,2,OK,,,,
01492.png,5,5,5,5,OK,,,,
01493.png,5,5,5,5,OK,,,,
01494.png,7,7,7,7,OK,,,,
01495.png,34,34,34,34,OK,,,,
01496.png,38,38,38,38,OK,,,,
01497.png,7,7,7,7,OK,,,,
01498.png,2,2,2,2,OK,,,,
01499.png,8,8,8,8,OK,,,,
01500.png,2,2,2,2,OK,,,,
01501.png,8,8,8,8,OK,,,,
01502.png,8,8,8,8,OK,,,,
01503.png,9,9,9,9,OK,,,,
01504.png,7,7,7,7,OK,,,,
01505.png,13,13,13,13,OK,,,,
01506.png,1,1,1,1,OK,,,,
01507.png,5,5,5,5,OK,,,,
01508.png,38,38,38,38,OK,,,,
01509.png,17,17,17,17,OK,,,,
01510.png,5,5,5,5,OK,,,,
01511.png,10,10,10,10,OK,,,,
01512.png,18,18,18,18,OK,,,,
01513.png,13,13,13,13,OK,,,,
01514.png,30,30,30,30,OK,,,,
01515.png,1,1,1,1,OK,,,,
01516.png,3,3,3,3,OK,,,,
01517.png,42,42,42,42,OK,,,,
01518.png,16,16,16,16,OK,,,,
01519.png,0,0,0,0,OK,,,,
01520.png,8,8,8,8,OK,,,,
01521.png,8,8,8,8,OK,,,,
01522.png,17,17,17,17,OK,,,,
01523.png,13,13,13,13,OK,,,,
01524.png,30,30,30,30,OK,,,,
01525.png,18,18,18,18,OK,,,,
01526.png,38,38,38,38,OK,,,,
01527.png,2,2,2,2,OK,,,,
01528.png,12,12,12,12,OK,,,,
01529.png,38,38,38,38,OK,,,,
01530.png,13,13,13,13,OK,,,,
01531.png,1,1,1,1,OK,,,,
01532.png,11,11,11,11,OK,,,,
01533.png,14,14,14,14,OK,,,,
01534.png,5,5,5,5,OK,,,,
01535.png,3,3,3,3,OK,,,,
01536.png,38,38,38,38,OK,,,,
01537.png,39,39,39,39,OK,,,,
01538.png,5,5,5,5,OK,,,,
01539.png,25,25,25,25,OK,,,,
01540.png,10,10,10,10,OK,,,,
01541.png,29,29,29,29,OK,,,,
01542.png,3,3,3,3,OK,,,,
01543.png,9,9,9,9,OK,,,,
01544.png,25,25,25,25,OK,,,,
01545.png,38,38,38,38,OK,,,,
01546.png,2,2,2,2,OK,,,,
01547.png,5,5,5,5,OK,,,,
01548.png,25,25,25,25,OK,,,,
01549.png,25,25,25,25,OK,,,,
01550.png,13,13,13,13,OK,,,,
01551.png,10,10,10,10,OK,,,,
01552.png,5,5,5,5,OK,,,,
01553.png,3,3,3,3,OK,,,,
01554.png,38,38,38,38,OK,,,,
01555.png,1,1,1,1,OK,,,,
01556.png,4,4,4,4,OK,,,,
01557.png,28,28,28,28,OK,,,,
01558.png,2,2,2,2,OK,,,,
01559.png,20,20,20,20,OK,,,,
01560.png,42,42,42,42,OK,,,,
01561.png,2,2,2,2,OK,,,,
01562.png,38,38,38,38,OK,,,,
01563.png,38,38,38,38,OK,,,,
01564.png,22,22,22,22,OK,,,,
01565.png,1,1,1,1,OK,,,,
01566.png,25,25,25,25,OK,,,,
01567.png,10,10,10,10,OK,,,,
01568.png,2,2,2,2,OK,,,,
01569.png,5,5,5,5,OK,,,,
01570.png,17,17,17,17,OK,,,,
01571.png,1,1,1,1,OK,,,,
01572.png,20,20,20,20,OK,,,,
01573.png,3,3,3,3,OK,,,,
01574.png,9,9,9,9,OK,,,,
01575.png,38,38,38,38,OK,,,,
01576.png,38,38,38,38,OK,,,,
01577.png,28,28,28,28,OK,,,,
01578.png,3,3,3,3,OK,,,,
01579.png,28,28,28,28,OK,,,,
01580.png,6,6,6,6,OK,,,,
01581.png,13,13,13,13,OK,,,,
01582.png,30,30,30,30,OK,,,,
01583.png,21,21,21,21,OK,,,,
01584.png,2,2,2,2,OK,,,,
01585.png,7,7,7,7,OK,,,,
01586.png,17,17,17,17,OK,,,,
01587.png,35,35,35,35,OK,,,,
01588.png,14,14,14,14,OK,,,,
01589.png,13,13,13,13,OK,,,,
01590.png,10,10,10,10,OK,,,,
01591.png,38,38,38,38,OK,,,,
01592.png,17,17,17,17,OK,,,,
01593.png,10,10,10,10,OK,,,,
01594.png,11,11,11,11,OK,,,,
01595.png,8,8,8,8,OK,,,,
01596.png,15,15,15,15,OK,,,,
01597.png,26,26,26,26,OK,,,,
01598.png,2,2,2,2,OK,,,,
01599.png,4,4,4,4,OK,,,,
01600.png,38,38,38,38,OK,,,,
01601.png,6,6,6,6,OK,,,,
01602.png,1,1,1,1,OK,,,,
01603.png,25,25,25,25,OK,,,,
01604.png,7,7,7,7,OK,,,,
01605.png,8,8,8,8,OK,,,,
01606.png,18,18,18,18,OK,,,,
01607.png,3,3,3,3,OK,,,,
01608.png,8,8,8,8,OK,,,,
01609.png,13,13,13,13,OK,,,,
01610.png,16,16,16,16,OK,,,,
01611.png,23,23,23,23,OK,,,,
01612.png,42,42,42,42,OK,,,,
01613.png,16,16,16,16,OK,,,,
01614.png,12,12,12,12,OK,,,,
01615.png,2,2,2,2,OK,,,,
01616.png,9,9,9,9,OK,,,,
01617.png,32,32,32,32,OK,,,,
01618.png,12,12,12,12,OK,,,,
01619.png,2,2,2,2,OK,,,,
01620.png,7,7,7,7,OK,,,,
01621.png,7,7,7,7,OK,,,,
01622.png,38,38,38,38,OK,,,,
01623.png,12,12,12,12,OK,,,,
01624.png,7,7,7,7,OK,,,,
01625.png,25,25,25,25,OK,,,,
01626.png,38,38,38,38,OK,,,,
01627.png,38,38,38,38,OK,,,,
01628.png,21,21,21,21,OK,,,,
01629.png,9,9,9,9,OK,,,,
01630.png,11,11,11,11,OK,,,,
01631.png,10,10,10,10,OK,,,,
01632.png,25,25,25,25,OK,,,,
01633.png,12,12,12,12,OK,,,,
01634.png,20,20,20,20,OK,,,,
01635.png,5,5,5,5,OK,,,,
01636.png,10,10,10,10,OK,,,,
01637.png,2,2,2,2,OK,,,,
01638.png,23,23,23,23,OK,,,,
01639.png,9,9,9,9,OK,,,,
01640.png,33,33,33,33,OK,,,,
01641.png,13,13,13,13,OK,,,,
01642.png,35,35,35,35,OK,,,,
01643.png,19,19,19,19,OK,,,,
01644.png,8,8,8,8,OK,,,,
01645.png,5,5,5,5,OK,,,,
01646.png,34,34,34,34,OK,,,,
01647.png,9,9,9,9,OK,,,,
01648.png,10,10,10,10,OK,,,,
01649.png,1,1,1,1,OK,,,,
01650.png,35,35,35,35,OK,,,,
01651.png,17,17,17,17,OK,,,,
01652.png,13,13,13,13,OK,,,,
01653.png,10,10,10,10,OK,,,,
01654.png,38,38,38,38,OK,,,,
01655.png,13,13,13,13,OK,,,,
01656.png,7,7,7,7,OK,,,,
01657.png,26,26,26,26,OK,,,,
01658.png,12,12,12,12,OK,,,,
01659.png,14,14,14,14,OK,,,,
01660.png,7,7,7,7,OK,,,,
01661.png,28,28,28,28,OK,,,,
01662.png,17,17,17,17,OK,,,,
01663.png,31,31,31,31,OK,,,,
01664.png,2,2,2,2,OK,,,,
01665.png,25,25,25,25,OK,,,,
01666.png,16,16,16,16,OK,,,,
01667.png,6,6,6,6,OK,,,,
01668.png,12,12,12,12,OK,,,,
01669.png,38,38,38,38,OK,,,,
01670.png,17,17,17,17,OK,,,,
01671.png,10,10,10,10,OK,,,,
01672.png,9,9,9,9,OK,,,,
01673.png,7,7,7,7,OK,,,,
01674.png,15,15,15,15,OK,,,,
01675.png,22,22,22,22,OK,,,,
01676.png,7,7,7,7,OK,,,,
01677.png,1,1,1,1,OK,,,,
01678.png,38,38,38,38,OK,,,,
01679.png,13,13,13,13,OK,,,,
01680.png,13,13,13,13,OK,,,,
01681.png,25,25,25,25,OK,,,,
01682.png,17,17,17,17,OK,,,,
01683.png,23,23,23,23,OK,,,,
01684.png,31,31,31,31,OK,,,,
01685.png,38,38,38,38,OK,,,,
01686.png,7,7,7,7,OK,,,,
01687.png,38,38,38,38,OK,,,,
01688.png,1,1,1,1,OK,,,,
01689.png,25,25,25,25,OK,,,,
01690.png,7,7,7,7,OK,,,,
01691.png,34,34,34,34,OK,,,,
01692.png,9,9,9,9,OK,,,,
01693.png,17,17,17,17,OK,,,,
01694.png,5,5,5,5,OK,,,,
01695.png,26,26,26,26,OK,,,,
01696.png,17,17,17,17,OK,,,,
01697.png,30,30,30,30,OK,,,,
01698.png,38,38,38,38,OK,,,,
01699.png,27,27,27,27,OK,,,,
01700.png,6,6,6,6,OK,,,,
01701.png,5,5,5,5,OK,,,,
01702.png,32,32,32,32,OK,,,,
01703.png,25,25,25,25,OK,,,,
01704.png,16,16,16,16,OK,,,,
01705.png,35,35,35,35,OK,,,,
01706.png,18,18,18,18,OK,,,,
01707.png,7,7,7,7,OK,,,,
01708.png,8,8,8,8,OK,,,,
01709.png,30,30,30,30,OK,,,,
01710.png,1,1,1,1,OK,,,,
01711.png,1,1,1,1,OK,,,,
01712.png,40,40,40,40,OK,,,,
01713.png,30,30,30,30,OK,,,,
01714.png,42,42,42,42,OK,,,,
01715.png,10,10,10,10,OK,,,,
01716.png,9,9,9,9,OK,,,,
01717.png,10,10,10,10,OK,,,,
01718.png,11,11,11,11,OK,,,,
01719.png,10,10,10,10,OK,,,,
01720.png,10,10,10,10,OK,,,,
01721.png,13,13,13,13,OK,,,,
01722.png,13,13,13,13,OK,,,,
01723.png,15,15,15,15,OK,,,,
01724.png,12,12,12,12,OK,,,,
01725.png,38,38,38,38,OK,,,,
01726.png,10,10,10,10,OK,,,,
01727.png,40,40,40,40,OK,,,,
01728.png,31,31,31,31,OK,,,,
01729.png,4,4,4,4,OK,,,,
01730.png,2,2,2,2,OK,,,,
01731.png,33,33,33,33,OK,,,,
01732.png,18,18,18,18,OK,,,,
01733.png,1,1,1,1,OK,,,,
01734.png,2,2,2,2,OK,,,,
01735.png,12,12,12,12,OK,,,,
01736.png,4,4,4,4,OK,,,,
01737.png,15,15,15,15,OK,,,,
01738.png,17,17,17,17,OK,,,,
01739.png,10,10,10,10,OK,,,,
01740.png,13,13,13,13,OK,,,,
01741.png,36,36,36,36,OK,,,,
01742.png,25,25,25,25,OK,,,,
01743.png,2,2,2,2,OK,,,,
01744.png,10,10,10,10,OK,,,,
01745.png,5,5,5,5,OK,,,,
01746.png,39,39,39,39,OK,,,,
01747.png,12,12,12,12,OK,,,,
01748.png,8,8,8,8,OK,,,,
01749.png,38,38,38,38,OK,,,,
01750.png,26,26,26,26,OK,,,,
01751.png,20,20,20,20,OK,,,,
01752.png,31,31,31,31,OK,,,,
01753.png,18,18,18,18,OK,,,,
01754.png,38,38,38,38,OK,,,,
01755.png,5,5,5,5,OK,,,,
01756.png,9,9,9,9,OK,,,,
01757.png,7,7,7,7,OK,,,,
01758.png,36,36,36,36,OK,,,,
01759.png,21,21,21,21,OK,,,,
01760.png,20,20,20,20,OK,,,,
01761.png,37,37,37,37,OK,,,,
01762.png,17,17,17,17,OK,,,,
01763.png,41,41,41,41,OK,,,,
01764.png,23,23,23,23,OK,,,,
01765.png,34,34,34,34,OK,,,,
01766.png,14,14,14,14,OK,,,,
01767.png,2,2,2,2,OK,,,,
01768.png,1,1,1,1,OK,,,,
01769.png,18,18,18,18,OK,,,,
01770.png,3,3,3,3,OK,,,,
01771.png,3,3,3,3,OK,,,,
01772.png,39,39,39,39,OK,,,,
01773.png,10,10,10,10,OK,,,,
01774.png,4,4,4,4,OK,,,,
01775.png,12,12,12,12,OK,,,,
01776.png,11,11,11,11,OK,,,,
01777.png,3,3,3,3,OK,,,,
01778.png,35,35,35,35,OK,,,,
01779.png,35,35,35,35,OK,,,,
01780.png,33,33,33,33,OK,,,,
01781.png,38,38,38,15,KO,,,,
01782.png,8,8,8,8,OK,,,,
01783.png,10,10,10,10,OK,,,,
01784.png,35,35,35,35,OK,,,,
01785.png,25,25,25,25,OK,,,,
01786.png,31,31,31,31,OK,,,,
01787.png,5,5,5,5,OK,,,,
01788.png,1,1,1,1,OK,,,,
01789.png,7,7,7,7,OK,,,,
01790.png,40,40,40,40,OK,,,,
01791.png,11,11,11,11,OK,,,,
01792.png,38,38,38,38,OK,,,,
01793.png,8,8,8,8,OK,,,,
01794.png,25,25,25,25,OK,,,,
01795.png,12,12,12,12,OK,,,,
01796.png,14,14,14,14,OK,,,,
01797.png,31,31,31,31,OK,,,,
01798.png,7,7,7,7,OK,,,,
01799.png,9,9,9,9,OK,,,,
01800.png,13,13,13,13,OK,,,,
01801.png,22,22,22,22,OK,,,,
01802.png,24,24,24,24,OK,,,,
01803.png,7,7,7,7,OK,,,,
01804.png,11,11,11,11,OK,,,,
01805.png,28,28,28,28,OK,,,,
01806.png,38,38,38,38,OK,,,,
01807.png,16,16,16,16,OK,,,,
01808.png,9,9,9,9,OK,,,,
01809.png,35,35,35,35,OK,,,,
01810.png,12,12,12,12,OK,,,,
01811.png,4,4,4,4,OK,,,,
01812.png,12,12,12,12,OK,,,,
01813.png,9,9,9,9,OK,,,,
01814.png,36,36,36,36,OK,,,,
01815.png,10,10,10,10,OK,,,,
01816.png,8,8,8,8,OK,,,,
01817.png,18,18,18,18,OK,,,,
01818.png,13,13,13,13,OK,,,,
01819.png,6,6,6,6,OK,,,,
01820.png,5,5,5,5,OK,,,,
01821.png,28,28,28,28,OK,,,,
01822.png,13,13,13,13,OK,,,,
01823.png,35,35,35,35,OK,,,,
01824.png,30,30,30,30,OK,,,,
01825.png,4,4,4,4,OK,,,,
01826.png,14,14,14,14,OK,,,,
01827.png,23,23,23,23,OK,,,,
01828.png,35,35,35,35,OK,,,,
01829.png,38,38,38,38,OK,,,,
01830.png,7,7,7,7,OK,,,,
01831.png,5,5,5,5,OK,,,,
01832.png,5,5,5,5,OK,,,,
01833.png,16,16,16,16,OK,,,,
01834.png,4,4,4,4,OK,,,,
01835.png,2,2,2,2,OK,,,,
01836.png,15,15,15,15,OK,,,,
01837.png,4,4,4,4,OK,,,,
01838.png,17,17,17,17,OK,,,,
01839.png,35,35,35,35,OK,,,,
01840.png,27,27,27,27,OK,,,,
01841.png,33,33,33,33,OK,,,,
01842.png,2,2,2,2,OK,,,,
01843.png,29,29,29,29,OK,,,,
01844.png,5,5,5,5,OK,,,,
01845.png,11,11,11,11,OK,,,,
01846.png,4,4,4,4,OK,,,,
01847.png,10,10,10,10,OK,,,,
01848.png,14,14,14,14,OK,,,,
01849.png,13,13,13,13,OK,,,,
01850.png,35,35,35,35,OK,,,,
01851.png,28,28,28,28,OK,,,,
01852.png,13,13,13,13,OK,,,,
01853.png,0,0,0,0,OK,,,,
01854.png,29,29,29,29,OK,,,,
01855.png,5,5,5,5,OK,,,,
01856.png,24,24,24,24,OK,,,,
01857.png,12,12,12,12,OK,,,,
01858.png,10,10,10,10,OK,,,,
01859.png,38,38,38,38,OK,,,,
01860.png,9,9,9,9,OK,,,,
01861.png,42,42,42,42,OK,,,,
01862.png,5,5,5,5,OK,,,,
01863.png,1,1,1,1,OK,,,,
01864.png,13,13,13,13,OK,,,,
01865.png,21,21,21,21,OK,,,,
01866.png,9,9,9,9,OK,,,,
01867.png,33,33,33,33,OK,,,,
01868.png,25,25,25,25,OK,,,,
01869.png,25,25,25,25,OK,,,,
01870.png,10,10,10,10,OK,,,,
01871.png,33,33,33,33,OK,,,,
01872.png,9,9,9,9,OK,,,,
01873.png,12,12,12,12,OK,,,,
01874.png,14,14,14,14,OK,,,,
01875.png,38,38,38,38,OK,,,,
01876.png,38,38,38,38,OK,,,,
01877.png,2,2,2,2,OK,,,,
01878.png,7,7,7,7,OK,,,,
01879.png,25,25,25,25,OK,,,,
01880.png,5,5,5,5,OK,,,,
01881.png,15,15,15,15,OK,,,,
01882.png,12,12,12,12,OK,,,,
01883.png,1,1,1,1,OK,,,,
01884.png,5,5,5,5,OK,,,,
01885.png,1,1,1,1,OK,,,,
01886.png,18,18,18,18,OK,,,,
01887.png,8,8,8,8,OK,,,,
01888.png,16,16,16,16,OK,,,,
01889.png,39,39,39,39,OK,,,,
01890.png,13,13,13,13,OK,,,,
01891.png,10,10,10,10,OK,,,,
01892.png,1,1,1,1,OK,,,,
01893.png,4,4,4,4,OK,,,,
01894.png,2,2,2,2,OK,,,,
01895.png,17,17,17,17,OK,,,,
01896.png,23,23,23,23,OK,,,,
01897.png,9,9,9,9,OK,,,,
01898.png,21,21,21,21,OK,,,,
01899.png,38,38,38,38,OK,,,,
01900.png,10,10,10,10,OK,,,,
01901.png,10,10,10,10,OK,,,,
01902.png,31,31,31,31,OK,,,,
01903.png,2,2,2,2,OK,,,,
01904.png,36,36,36,36,OK,,,,
01905.png,38,38,38,38,OK,,,,
01906.png,2,2,2,2,OK,,,,
01907.png,31,31,31,31,OK,,,,
01908.png,38,38,38,38,OK,,,,
01909.png,8,8,8,8,OK,,,,
01910.png,22,22,22,22,OK,,,,
01911.png,25,25,25,25,OK,,,,
01912.png,9,9,9,9,OK,,,,
01913.png,38,38,38,38,OK,,,,
01914.png,34,34,34,34,OK,,,,
01915.png,38,38,38,38,OK,,,,
01916.png,29,29,29,29,OK,,,,
01917.png,16,16,16,16,OK,,,,
01918.png,25,25,25,25,OK,,,,
01919.png,35,35,35,35,OK,,,,
01920.png,8,8,8,8,OK,,,,
01921.png,22,22,22,22,OK,,,,
01922.png,5,5,5,5,OK,,,,
01923.png,13,13,13,13,OK,,,,
01924.png,4,4,4,4,OK,,,,
01925.png,11,11,11,11,OK,,,,
01926.png,34,34,34,34,OK,,,,
01927.png,31,31,31,31,OK,,,,
01928.png,25,25,25,25,OK,,,,
01929.png,1,1,1,1,OK,,,,
01930.png,13,13,13,13,OK,,,,
01931.png,8,8,8,8,OK,,,,
01932.png,1,1,1,1,OK,,,,
01933.png,12,12,12,12,OK,,,,
01934.png,2,2,2,2,OK,,,,
01935.png,17,17,17,17,OK,,,,
01936.png,8,8,8,8,OK,,,,
01937.png,23,23,23,23,OK,,,,
01938.png,5,5,5,5,OK,,,,
01939.png,5,5,5,5,OK,,,,
01940.png,5,5,5,5,OK,,,,
01941.png,15,15,15,15,OK,,,,
01942.png,1,1,1,1,OK,,,,
01943.png,10,10,10,10,OK,,,,
01944.png,11,11,11,11,OK,,,,
01945.png,8,8,8,8,OK,,,,
01946.png,25,25,25,25,OK,,,,
01947.png,18,18,18,18,OK,,,,
01948.png,17,17,17,17,OK,,,,
01949.png,10,10,10,10,OK,,,,
01950.png,15,15,15,15,OK,,,,
01951.png,25,25,25,25,OK,,,,
01952.png,5,5,5,5,OK,,,,
01953.png,4,4,4,4,OK,,,,
01954.png,4,4,4,4,OK,,,,
01955.png,1,1,1,1,OK,,,,
01956.png,4,4,4,4,OK,,,,
01957.png,7,7,7,7,OK,,,,
01958.png,40,40,40,40,OK,,,,
01959.png,11,11,11,11,OK,,,,
01960.png,1,1,1,1,OK,,,,
01961.png,20,20,20,20,OK,,,,
01962.png,17,17,17,17,OK,,,,
01963.png,26,26,26,26,OK,,,,
01964.png,38,38,38,38,OK,,,,
01965.png,12,12,12,12,OK,,,,
01966.png,7,7,7,7,OK,,,,
01967.png,4,4,4,4,OK,,,,
01968.png,1,1,1,1,OK,,,,
01969.png,37,37,36,37,KO,,,,
01970.png,9,9,9,9,OK,,,,
01971.png,9,9,9,9,OK,,,,
01972.png,5,5,5,5,OK,,,,
01973.png,1,1,1,1,OK,,,,
01974.png,34,34,34,34,OK,,,,
01975.png,12,12,12,12,OK,,,,
01976.png,30,30,30,30,OK,,,,
01977.png,12,12,12,12,OK,,,,
01978.png,10,10,10,10,OK,,,,
01979.png,3,3,3,3,OK,,,,
01980.png,10,10,10,10,OK,,,,
01981.png,17,17,17,17,OK,,,,
01982.png,10,10,10,10,OK,,,,
01983.png,7,7,7,7,OK,,,,
01984.png,10,10,10,10,OK,,,,
01985.png,25,25,25,25,OK,,,,
01986.png,2,2,2,2,OK,,,,
01987.png,22,22,22,22,OK,,,,
01988.png,8,8,8,8,OK,,,,
01989.png,38,38,38,38,OK,,,,
01990.png,7,7,7,7,OK,,,,
01991.png,2,2,2,2,OK,,,,
01992.png,22,22,22,22,OK,,,,
01993.png,11,11,11,11,OK,,,,
01994.png,11,11,11,11,OK,,,,
01995.png,13,13,13,13,OK,,,,
01996.png,35,35,35,35,OK,,,,
01997.png,12,12,12,12,OK,,,,
01998.png,3,3,3,3,OK,,,,
01999.png,3,3,3,3,OK,,,,
02000.png,34,34,34,34,OK,,,,
02001.png,38,38,38,38,OK,,,,
02002.png,8,8,8,8,OK,,,,
02003.png,11,11,11,11,OK,,,,
02004.png,9,9,9,9,OK,,,,
02005.png,26,26,26,26,OK,,,,
02006.png,17,17,17,17,OK,,,,
02007.png,2,2,2,2,OK,,,,
02008.png,4,4,4,4,OK,,,,
02009.png,35,35,35,35,OK,,,,
02010.png,36,36,36,36,OK,,,,
02011.png,12,12,12,12,OK,,,,
02012.png,38,38,38,38,OK,,,,
02013.png,10,10,10,10,OK,,,,
02014.png,22,22,22,22,OK,,,,
02015.png,38,38,38,38,OK,,,,
02016.png,8,8,8,8,OK,,,,
02017.png,7,7,7,7,OK,,,,
02018.png,9,9,9,9,OK,,,,
02019.png,17,17,17,17,OK,,,,
02020.png,3,3,3,3,OK,,,,
02021.png,25,25,25,25,OK,,,,
02022.png,7,7,7,7,OK,,,,
02023.png,4,4,4,4,OK,,,,
02024.png,1,1,1,1,OK,,,,
02025.png,25,4,4,2,KO,,,,
02026.png,1,1,1,1,OK,,,,
02027.png,38,38,38,38,OK,,,,
02028.png,4,4,4,4,OK,,,,
02029.png,25,25,25,25,OK,,,,
02030.png,10,10,10,10,OK,,,,
02031.png,7,7,7,7,OK,,,,
02032.png,38,38,38,38,OK,,,,
02033.png,13,13,13,13,OK,,,,
02034.png,14,14,14,14,OK,,,,
02035.png,35,35,35,35,OK,,,,
02036.png,26,26,26,26,OK,,,,
02037.png,35,35,35,35,OK,,,,
02038.png,25,25,25,25,OK,,,,
02039.png,12,12,12,12,OK,,,,
02040.png,13,13,13,13,OK,,,,
02041.png,4,4,4,4,OK,,,,
02042.png,7,7,7,7,OK,,,,
02043.png,1,1,1,1,OK,,,,
02044.png,3,3,3,3,OK,,,,
02045.png,0,0,0,0,OK,,,,
02046.png,38,38,38,38,OK,,,,
02047.png,7,7,7,7,OK,,,,
02048.png,2,2,2,2,OK,,,,
02049.png,13,13,13,13,OK,,,,
02050.png,39,39,39,39,OK,,,,
02051.png,1,1,1,1,OK,,,,
02052.png,25,25,25,25,OK,,,,
02053.png,3,3,3,3,OK,,,,
02054.png,26,18,18,18,KO,,,,
02055.png,1,1,1,1,OK,,,,
02056.png,32,32,32,32,OK,,,,
02057.png,36,36,36,36,OK,,,,
02058.png,12,12,12,12,OK,,,,
02059.png,9,9,9,9,OK,,,,
02060.png,14,14,14,14,OK,,,,
02061.png,9,9,9,9,OK,,,,
02062.png,2,2,2,2,OK,,,,
02063.png,2,2,2,2,OK,,,,
02064.png,5,5,5,5,OK,,,,
02065.png,18,18,18,18,OK,,,,
02066.png,11,11,11,11,OK,,,,
02067.png,12,12,12,12,OK,,,,
02068.png,15,15,15,15,OK,,,,
02069.png,18,18,18,18,OK,,,,
02070.png,11,11,11,11,OK,,,,
02071.png,12,12,12,12,OK,,,,
02072.png,30,30,30,30,OK,,,,
02073.png,1,1,1,1,OK,,,,
02074.png,9,9,9,9,OK,,,,
02075.png,18,18,18,18,OK,,,,
02076.png,33,33,33,33,OK,,,,
02077.png,7,7,7,7,OK,,,,
02078.png,38,38,38,38,OK,,,,
02079.png,17,17,17,17,OK,,,,
02080.png,2,2,2,2,OK,,,,
02081.png,9,9,9,9,OK,,,,
02082.png,15,15,15,15,OK,,,,
02083.png,13,13,13,13,OK,,,,
02084.png,10,10,10,10,OK,,,,
02085.png,31,31,31,31,OK,,,,
02086.png,28,28,28,28,OK,,,,
02087.png,18,18,18,18,OK,,,,
02088.png,1,1,1,1,OK,,,,
02089.png,13,13,13,13,OK,,,,
02090.png,31,31,31,31,OK,,,,
02091.png,28,28,28,28,OK,,,,
02092.png,9,9,9,9,OK,,,,
02093.png,11,11,11,11,OK,,,,
02094.png,25,25,25,25,OK,,,,
02095.png,37,37,37,37,OK,,,,
02096.png,25,25,25,25,OK,,,,
02097.png,12,12,12,12,OK,,,,
02098.png,18,18,18,18,OK,,,,
02099.png,1,1,1,1,OK,,,,
02100.png,29,29,29,29,OK,,,,
02101.png,31,31,31,31,OK,,,,
02102.png,7,7,7,7,OK,,,,
02103.png,2,2,2,2,OK,,,,
02104.png,2,2,2,2,OK,,,,
02105.png,6,6,6,6,OK,,,,
02106.png,7,7,7,7,OK,,,,
02107.png,4,4,4,4,OK,,,,
02108.png,36,36,36,36,OK,,,,
02109.png,30,30,30,30,OK,,,,
02110.png,2,2,2,2,OK,,,,
02111.png,17,17,17,17,OK,,,,
02112.png,18,18,18,18,OK,,,,
02113.png,5,5,5,5,OK,,,,
02114.png,2,2,2,2,OK,,,,
02115.png,13,13,13,13,OK,,,,
02116.png,26,26,26,26,OK,,,,
02117.png,7,7,7,7,OK,,,,
02118.png,9,9,9,9,OK,,,,
02119.png,3,3,3,3,OK,,,,
02120.png,38,38,38,38,OK,,,,
02121.png,18,18,18,18,OK,,,,
02122.png,11,11,11,11,OK,,,,
02123.png,13,13,13,13,OK,,,,
02124.png,11,11,11,11,OK,,,,
02125.png,13,13,13,13,OK,,,,
02126.png,10,10,10,10,OK,,,,
02127.png,5,5,5,5,OK,,,,
02128.png,16,16,16,16,OK,,,,
02129.png,13,13,13,13,OK,,,,
02130.png,16,16,16,16,OK,,,,
02131.png,9,9,9,9,OK,,,,
02132.png,3,3,3,3,OK,,,,
02133.png,16,16,16,16,OK,,,,
02134.png,13,13,13,13,OK,,,,
02135.png,35,35,35,35,OK,,,,
02136.png,13,13,13,13,OK,,,,
02137.png,10,10,10,10,OK,,,,
02138.png,36,36,36,36,OK,,,,
02139.png,1,1,1,1,OK,,,,
02140.png,38,38,38,38,OK,,,,
02141.png,17,17,17,17,OK,,,,
02142.png,12,12,12,12,OK,,,,
02143.png,11,11,11,11,OK,,,,
02144.png,2,2,2,2,OK,,,,
02145.png,4,4,4,4,OK,,,,
02146.png,13,13,13,13,OK,,,,
02147.png,18,18,18,18,OK,,,,
02148.png,12,12,12,12,OK,,,,
02149.png,33,33,33,33,OK,,,,
02150.png,11,11,11,11,OK,,,,
02151.png,36,36,36,36,OK,,,,
02152.png,31,31,31,31,OK,,,,
02153.png,7,7,7,7,OK,,,,
02154.png,1,1,1,1,OK,,,,
02155.png,5,5,5,5,OK,,,,
02156.png,10,10,10,10,OK,,,,
02157.png,27,27,27,27,OK,,,,
02158.png,3,3,3,3,OK,,,,
02159.png,40,40,40,40,OK,,,,
02160.png,0,0,0,0,OK,,,,
02161.png,4,4,4,4,OK,,,,
02162.png,9,9,9,9,OK,,,,
02163.png,2,2,2,2,OK,,,,
02164.png,2,2,2,2,OK,,,,
02165.png,2,2,2,2,OK,,,,
02166.png,13,13,13,13,OK,,,,
02167.png,16,16,16,16,OK,,,,
02168.png,13,13,13,13,OK,,,,
02169.png,2,2,2,2,OK,,,,
02170.png,18,18,18,18,OK,,,,
02171.png,2,2,2,2,OK,,,,
02172.png,18,18,18,18,OK,,,,
02173.png,6,6,6,6,OK,,,,
02174.png,9,9,9,9,OK,,,,
02175.png,2,2,2,2,OK,,,,
02176.png,17,17,17,17,OK,,,,
02177.png,14,14,14,14,OK,,,,
02178.png,5,5,5,5,OK,,,,
02179.png,12,12,12,12,OK,,,,
02180.png,5,5,5,5,OK,,,,
02181.png,26,26,26,26,OK,,,,
02182.png,3,3,3,3,OK,,,,
02183.png,17,17,17,17,OK,,,,
02184.png,40,40,40,40,OK,,,,
02185.png,38,38,38,38,OK,,,,
02186.png,14,14,14,14,OK,,,,
02187.png,16,16,16,16,OK,,,,
02188.png,6,6,6,6,OK,,,,
02189.png,8,8,8,8,OK,,,,
02190.png,4,4,4,4,OK,,,,
02191.png,5,5,5,5,OK,,,,
02192.png,4,4,4,4,OK,,,,
02193.png,11,11,11,11,OK,,,,
02194.png,5,5,5,5,OK,,,,
02195.png,13,13,13,13,OK,,,,
02196.png,2,2,2,2,OK,,,,
02197.png,11,11,11,11,OK,,,,
02198.png,12,12,12,12,OK,,,,
02199.png,4,4,4,4,OK,,,,
02200.png,7,7,7,7,OK,,,,
02201.png,38,38,38,38,OK,,,,
02202.png,33,33,33,33,OK,,,,
02203.png,10,10,10,10,OK,,,,
02204.png,33,33,33,33,OK,,,,
02205.png,12,12,12,12,OK,,,,
02206.png,14,14,14,14,OK,,,,
02207.png,38,38,38,38,OK,,,,
02208.png,1,1,1,1,OK,,,,
02209.png,23,23,23,23,OK,,,,
02210.png,7,7,7,7,OK,,,,
02211.png,27,27,27,27,OK,,,,
02212.png,35,35,35,35,OK,,,,
02213.png,10,10,10,10,OK,,,,
02214.png,4,4,4,4,OK,,,,
02215.png,1,1,1,1,OK,,,,
02216.png,11,11,11,11,OK,,,,
02217.png,35,35,35,35,OK,,,,
02218.png,42,42,42,42,OK,,,,
02219.png,28,28,28,28,OK,,,,
02220.png,8,8,8,8,OK,,,,
02221.png,12,12,12,12,OK,,,,
02222.png,5,5,5,5,OK,,,,
02223.png,18,18,18,18,OK,,,,
02224.png,35,35,35,35,OK,,,,
02225.png,17,17,17,17,OK,,,,
02226.png,4,4,4,4,OK,,,,
02227.png,8,8,8,8,OK,,,,
02228.png,26,26,26,26,OK,,,,
02229.png,17,17,17,17,OK,,,,
02230.png,14,14,14,14,OK,,,,
02231.png,8,8,8,8,OK,,,,
02232.png,15,15,15,15,OK,,,,
02233.png,10,10,10,10,OK,,,,
02234.png,5,5,5,5,OK,,,,
02235.png,8,8,8,8,OK,,,,
02236.png,6,6,6,6,OK,,,,
02237.png,14,14,14,14,OK,,,,
02238.png,10,10,10,10,OK,,,,
02239.png,35,35,35,35,OK,,,,
02240.png,1,1,1,1,OK,,,,
02241.png,13,13,13,13,OK,,,,
02242.png,22,22,22,22,OK,,,,
02243.png,16,16,16,16,OK,,,,
02244.png,1,1,1,1,OK,,,,
02245.png,35,35,35,35,OK,,,,
02246.png,5,5,5,5,OK,,,,
02247.png,13,13,13,13,OK,,,,
02248.png,38,38,38,38,OK,,,,
02249.png,7,7,7,7,OK,,,,
02250.png,1,1,1,1,OK,,,,
02251.png,4,4,4,4,OK,,,,
02252.png,25,25,25,25,OK,,,,
02253.png,11,11,11,11,OK,,,,
02254.png,3,3,3,3,OK,,,,
02255.png,12,12,12,12,OK,,,,
02256.png,2,2,2,2,OK,,,,
02257.png,12,12,12,12,OK,,,,
02258.png,26,12,13,12,KO,,,,
02259.png,10,10,10,10,OK,,,,
02260.png,10,10,10,10,OK,,,,
02261.png,13,13,13,13,OK,,,,
02262.png,6,6,6,6,OK,,,,
02263.png,23,23,23,23,OK,,,,
02264.png,13,13,13,13,OK,,,,
02265.png,25,25,25,25,OK,,,,
02266.png,2,2,2,2,OK,,,,
02267.png,12,12,12,12,OK,,,,
02268.png,13,13,13,13,OK,,,,
02269.png,2,2,2,2,OK,,,,
02270.png,12,12,12,12,OK,,,,
02271.png,13,13,13,13,OK,,,,
02272.png,4,4,4,4,OK,,,,
02273.png,16,16,16,16,OK,,,,
02274.png,20,20,20,20,OK,,,,
02275.png,12,12,12,12,OK,,,,
02276.png,25,25,25,25,OK,,,,
02277.png,10,10,10,10,OK,,,,
02278.png,1,1,1,1,OK,,,,
02279.png,7,7,7,7,OK,,,,
02280.png,38,38,38,38,OK,,,,
02281.png,5,5,5,5,OK,,,,
02282.png,13,13,13,13,OK,,,,
02283.png,9,9,9,9,OK,,,,
02284.png,4,4,4,4,OK,,,,
02285.png,38,38,38,38,OK,,,,
02286.png,10,10,10,10,OK,,,,
02287.png,17,17,17,17,OK,,,,
02288.png,30,30,30,30,OK,,,,
02289.png,13,13,13,13,OK,,,,
02290.png,1,1,1,1,OK,,,,
02291.png,14,14,14,14,OK,,,,
02292.png,10,10,10,10,OK,,,,
02293.png,10,10,10,10,OK,,,,
02294.png,33,33,33,33,OK,,,,
02295.png,2,2,2,2,OK,,,,
02296.png,13,13,13,13,OK,,,,
02297.png,2,2,2,2,OK,,,,
02298.png,7,7,7,7,OK,,,,
02299.png,36,36,36,36,OK,,,,
02300.png,6,6,6,6,OK,,,,
02301.png,1,1,1,1,OK,,,,
02302.png,12,12,12,12,OK,,,,
02303.png,17,17,17,17,OK,,,,
02304.png,17,17,17,17,OK,,,,
02305.png,1,1,1,1,OK,,,,
02306.png,4,4,4,4,OK,,,,
02307.png,1,1,1,1,OK,,,,
02308.png,34,34,34,34,OK,,,,
02309.png,3,3,3,3,OK,,,,
02310.png,5,5,5,5,OK,,,,
02311.png,35,35,35,35,OK,,,,
02312.png,1,1,1,1,OK,,,,
02313.png,1,1,1,1,OK,,,,
02314.png,4,4,4,4,OK,,,,
02315.png,13,13,13,13,OK,,,,
02316.png,21,21,21,21,OK,,,,
02317.png,25,25,25,25,OK,,,,
02318.png,3,3,3,3,OK,,,,
02319.png,7,7,7,7,OK,,,,
02320.png,5,5,5,5,OK,,,,
02321.png,3,3,3,3,OK,,,,
02322.png,7,7,7,7,OK,,,,
02323.png,2,2,2,2,OK,,,,
02324.png,5,5,5,5,OK,,,,
02325.png,15,15,15,15,OK,,,,
02326.png,19,19,19,19,OK,,,,
02327.png,2,2,2,2,OK,,,,
02328.png,10,10,10,10,OK,,,,
02329.png,14,14,14,14,OK,,,,
02330.png,28,28,28,28,OK,,,,
02331.png,38,38,38,38,OK,,,,
02332.png,42,42,42,42,OK,,,,
02333.png,36,36,36,36,OK,,,,
02334.png,17,17,17,17,OK,,,,
02335.png,1,1,1,1,OK,,,,
02336.png,5,5,5,5,OK,,,,
02337.png,38,38,38,38,OK,,,,
02338.png,8,8,8,8,OK,,,,
02339.png,16,16,16,16,OK,,,,
02340.png,7,7,7,7,OK,,,,
02341.png,13,13,13,13,OK,,,,
02342.png,18,31,31,21,KO,,,,
02343.png,1,1,1,1,OK,,,,
02344.png,25,25,25,25,OK,,,,
02345.png,32,32,32,32,OK,,,,
02346.png,5,5,5,5,OK,,,,
02347.png,29,29,29,29,OK,,,,
02348.png,4,4,4,4,OK,,,,
02349.png,13,13,13,13,OK,,,,
02350.png,35,35,35,35,OK,,,,
02351.png,33,33,33,33,OK,,,,
02352.png,5,5,5,5,OK,,,,
02353.png,4,4,4,4,OK,,,,
02354.png,10,10,10,10,OK,,,,
02355.png,18,18,18,18,OK,,,,
02356.png,1,1,1,1,OK,,,,
02357.png,11,11,11,11,OK,,,,
02358.png,33,33,33,33,OK,,,,
02359.png,10,10,10,10,OK,,,,
02360.png,30,30,30,30,OK,,,,
02361.png,30,30,30,30,OK,,,,
02362.png,5,5,5,5,OK,,,,
02363.png,31,31,31,31,OK,,,,
02364.png,12,12,12,12,OK,,,,
02365.png,2,2,2,2,OK,,,,
02366.png,2,2,2,2,OK,,,,
02367.png,1,1,1,1,OK,,,,
02368.png,8,8,8,8,OK,,,,
02369.png,13,13,13,13,OK,,,,
02370.png,21,21,21,21,OK,,,,
02371.png,2,2,2,2,OK,,,,
02372.png,1,1,1,1,OK,,,,
02373.png,25,25,25,25,OK,,,,
02374.png,8,8,8,8,OK,,,,
02375.png,33,33,33,33,OK,,,,
02376.png,4,4,4,4,OK,,,,
02377.png,17,17,17,17,OK,,,,
02378.png,25,25,25,25,OK,,,,
02379.png,26,13,12,12,KO,,,,
02380.png,26,26,26,26,OK,,,,
02381.png,11,11,11,11,OK,,,,
02382.png,2,2,2,2,OK,,,,
02383.png,7,7,7,7,OK,,,,
02384.png,22,22,22,22,OK,,,,
02385.png,10,10,10,10,OK,,,,
02386.png,4,4,4,4,OK,,,,
02387.png,25,25,25,25,OK,,,,
02388.png,31,31,31,31,OK,,,,
02389.png,10,10,10,10,OK,,,,
02390.png,18,18,18,18,OK,,,,
02391.png,1,1,1,1,OK,,,,
02392.png,11,11,11,11,OK,,,,
02393.png,17,17,17,17,OK,,,,
02394.png,7,7,7,7,OK,,,,
02395.png,2,2,2,2,OK,,,,
02396.png,24,24,24,24,OK,,,,
02397.png,3,3,3,3,OK,,,,
02398.png,7,7,7,7,OK,,,,
02399.png,5,5,5,5,OK,,,,
02400.png,28,28,28,28,OK,,,,
02401.png,12,12,12,12,OK,,,,
02402.png,8,8,8,8,OK,,,,
02403.png,23,23,23,23,OK,,,,
02404.png,38,38,38,38,OK,,,,
02405.png,1,1,1,1,OK,,,,
02406.png,34,34,34,34,OK,,,,
02407.png,23,23,23,23,OK,,,,
02408.png,2,2,2,2,OK,,,,
02409.png,8,8,8,8,OK,,,,
02410.png,38,38,38,38,OK,,,,
02411.png,9,9,9,9,OK,,,,
02412.png,38,38,38,38,OK,,,,
02413.png,8,8,8,8,OK,,,,
02414.png,25,25,25,25,OK,,,,
02415.png,13,13,13,13,OK,,,,
02416.png,38,38,38,38,OK,,,,
02417.png,13,13,13,13,OK,,,,
02418.png,4,4,4,4,OK,,,,
02419.png,31,31,31,31,OK,,,,
02420.png,12,12,12,12,OK,,,,
02421.png,8,8,8,8,OK,,,,
02422.png,31,31,31,31,OK,,,,
02423.png,22,22,22,22,OK,,,,
02424.png,6,6,6,6,OK,,,,
02425.png,18,18,18,18,OK,,,,
02426.png,10,10,10,10,OK,,,,
02427.png,33,33,33,33,OK,,,,
02428.png,5,5,5,5,OK,,,,
02429.png,1,1,1,1,OK,,,,
02430.png,4,4,4,4,OK,,,,
02431.png,12,12,12,12,OK,,,,
02432.png,35,35,35,35,OK,,,,
02433.png,25,25,25,25,OK,,,,
02434.png,5,2,5,5,KO,,,,
02435.png,11,11,11,11,OK,,,,
02436.png,13,13,13,13,OK,,,,
02437.png,7,7,7,7,OK,,,,
02438.png,14,14,14,14,OK,,,,
02439.png,8,8,8,8,OK,,,,
02440.png,11,11,11,11,OK,,,,
02441.png,1,1,1,1,OK,,,,
02442.png,11,11,11,11,OK,,,,
02443.png,17,17,17,17,OK,,,,
02444.png,35,35,35,35,OK,,,,
02445.png,4,4,4,4,OK,,,,
02446.png,26,26,26,26,OK,,,,
02447.png,6,6,6,6,OK,,,,
02448.png,19,19,19,19,OK,,,,
02449.png,9,9,9,9,OK,,,,
02450.png,11,11,11,11,OK,,,,
02451.png,35,35,35,35,OK,,,,
02452.png,38,38,38,38,OK,,,,
02453.png,25,25,25,25,OK,,,,
02454.png,2,2,2,2,OK,,,,
02455.png,9,9,9,9,OK,,,,
02456.png,13,13,13,13,OK,,,,
02457.png,2,2,2,2,OK,,,,
02458.png,13,13,13,13,OK,,,,
02459.png,18,18,18,18,OK,,,,
02460.png,11,11,11,11,OK,,,,
02461.png,38,38,38,38,OK,,,,
02462.png,10,10,10,10,OK,,,,
02463.png,2,2,2,2,OK,,,,
02464.png,9,9,9,9,OK,,,,
02465.png,12,12,12,12,OK,,,,
02466.png,2,2,2,2,OK,,,,
02467.png,9,9,9,9,OK,,,,
02468.png,5,5,5,5,OK,,,,
02469.png,1,1,1,1,OK,,,,
02470.png,10,10,10,10,OK,,,,
02471.png,25,25,25,25,OK,,,,
02472.png,2,2,2,2,OK,,,,
02473.png,38,38,38,38,OK,,,,
02474.png,16,16,16,16,OK,,,,
02475.png,38,38,38,38,OK,,,,
02476.png,23,23,23,23,OK,,,,
02477.png,12,12,12,12,OK,,,,
02478.png,12,12,12,12,OK,,,,
02479.png,31,31,31,31,OK,,,,
02480.png,6,6,6,6,OK,,,,
02481.png,11,11,11,11,OK,,,,
02482.png,25,25,25,25,OK,,,,
02483.png,17,17,17,17,OK,,,,
02484.png,25,25,25,25,OK,,,,
02485.png,36,36,36,36,OK,,,,
02486.png,9,9,9,9,OK,,,,
02487.png,40,40,40,40,OK,,,,
02488.png,13,13,13,13,OK,,,,
02489.png,25,25,25,25,OK,,,,
02490.png,4,4,4,4,OK,,,,
02491.png,9,9,9,9,OK,,,,
02492.png,22,22,22,22,OK,,,,
02493.png,2,2,2,2,OK,,,,
02494.png,1,2,1,1,KO,,,,
02495.png,13,13,13,13,OK,,,,
02496.png,3,3,3,3,OK,,,,
02497.png,4,4,4,4,OK,,,,
02498.png,38,38,38,38,OK,,,,
02499.png,12,12,12,12,OK,,,,
02500.png,32,32,32,32,OK,,,,
02501.png,12,12,12,12,OK,,,,
02502.png,23,23,23,23,OK,,,,
02503.png,39,39,39,39,OK,,,,
02504.png,35,35,35,35,OK,,,,
02505.png,31,31,31,31,OK,,,,
02506.png,40,40,40,40,OK,,,,
02507.png,2,2,2,2,OK,,,,
02508.png,9,9,9,9,OK,,,,
02509.png,5,5,5,5,OK,,,,
02510.png,8,8,8,8,OK,,,,
02511.png,20,20,20,20,OK,,,,
02512.png,5,5,5,5,OK,,,,
02513.png,9,9,9,9,OK,,,,
02514.png,2,2,2,2,OK,,,,
02515.png,11,11,11,11,OK,,,,
02516.png,12,12,12,12,OK,,,,
02517.png,29,29,29,29,OK,,,,
02518.png,9,17,17,17,KO,,,,
02519.png,8,8,8,8,OK,,,,
02520.png,3,3,3,3,OK,,,,
02521.png,15,15,15,15,OK,,,,
02522.png,3,3,3,3,OK,,,,
02523.png,13,13,13,13,OK,,,,
02524.png,10,10,10,10,OK,,,,
02525.png,13,13,13,13,OK,,,,
02526.png,4,4,4,4,OK,,,,
02527.png,1,1,1,1,OK,,,,
02528.png,25,25,25,25,OK,,,,
02529.png,5,5,5,5,OK,,,,
02530.png,26,26,26,26,OK,,,,
02531.png,25,25,25,25,OK,,,,
02532.png,10,10,10,10,OK,,,,
02533.png,1,1,1,1,OK,,,,
02534.png,8,8,8,8,OK,,,,
02535.png,40,40,40,40,OK,,,,
02536.png,9,9,9,9,OK,,,,
02537.png,10,10,10,10,OK,,,,
02538.png,3,3,3,3,OK,,,,
02539.png,25,25,25,25,OK,,,,
02540.png,25,25,25,25,OK,,,,
02541.png,12,12,12,12,OK,,,,
02542.png,10,10,10,10,OK,,,,
02543.png,13,13,13,13,OK,,,,
02544.png,39,39,39,39,OK,,,,
02545.png,17,17,17,17,OK,,,,
02546.png,7,7,7,7,OK,,,,
02547.png,17,17,17,17,OK,,,,
02548.png,9,9,9,9,OK,,,,
02549.png,12,12,12,12,OK,,,,
02550.png,1,1,1,1,OK,,,,
02551.png,9,9,9,9,OK,,,,
02552.png,10,10,10,10,OK,,,,
02553.png,4,4,4,4,OK,,,,
02554.png,9,9,9,9,OK,,,,
02555.png,18,18,18,18,OK,,,,
02556.png,7,7,7,7,OK,,,,
02557.png,4,4,4,4,OK,,,,
02558.png,1,1,1,1,OK,,,,
02559.png,23,23,23,23,OK,,,,
02560.png,2,2,2,2,OK,,,,
02561.png,4,4,4,4,OK,,,,
02562.png,35,35,35,35,OK,,,,
02563.png,11,11,11,11,OK,,,,
02564.png,9,9,9,9,OK,,,,
02565.png,5,5,5,5,OK,,,,
02566.png,2,2,2,2,OK,,,,
02567.png,7,7,7,7,OK,,,,
02568.png,25,25,25,25,OK,,,,
02569.png,14,14,14,14,OK,,,,
02570.png,26,26,26,26,OK,,,,
02571.png,23,23,23,23,OK,,,,
02572.png,5,5,5,5,OK,,,,
02573.png,18,18,18,18,OK,,,,
02574.png,2,2,2,2,OK,,,,
02575.png,29,29,29,29,OK,,,,
02576.png,25,25,25,25,OK,,,,
02577.png,25,1,25,1,KO,,,,
02578.png,22,22,22,22,OK,,,,
02579.png,12,12,12,12,OK,,,,
02580.png,1,1,1,1,OK,,,,
02581.png,14,14,14,14,OK,,,,
02582.png,34,34,34,34,OK,,,,
02583.png,33,33,33,33,OK,,,,
02584.png,19,19,19,19,OK,,,,
02585.png,2,2,2,2,OK,,,,
02586.png,12,12,12,12,OK,,,,
02587.png,9,9,9,9,OK,,,,
02588.png,17,17,17,17,OK,,,,
02589.png,26,26,26,26,OK,,,,
02590.png,13,13,13,13,OK,,,,
02591.png,14,14,14,14,OK,,,,
02592.png,3,3,3,3,OK,,,,
02593.png,2,2,2,2,OK,,,,
02594.png,2,2,2,2,OK,,,,
02595.png,5,5,5,5,OK,,,,
02596.png,17,17,17,17,OK,,,,
02597.png,25,25,25,25,OK,,,,
02598.png,17,17,17,17,OK,,,,
02599.png,30,30,30,30,OK,,,,
02600.png,30,30,30,30,OK,,,,
02601.png,38,38,38,15,KO,,,,
02602.png,35,35,35,35,OK,,,,
02603.png,4,4,4,4,OK,,,,
02604.png,2,2,2,2,OK,,,,
02605.png,2,2,2,2,OK,,,,
02606.png,28,28,28,28,OK,,,,
02607.png,33,33,33,33,OK,,,,
02608.png,33,33,33,33,OK,,,,
02609.png,33,33,33,33,OK,,,,
02610.png,27,27,27,27,OK,,,,
02611.png,24,24,24,24,OK,,,,
02612.png,25,25,25,25,OK,,,,
02613.png,9,9,9,9,OK,,,,
02614.png,16,16,16,16,OK,,,,
02615.png,12,12,12,12,OK,,,,
02616.png,1,1,1,1,OK,,,,
02617.png,5,5,5,5,OK,,,,
02618.png,34,34,34,34,OK,,,,
02619.png,10,10,10,10,OK,,,,
02620.png,25,25,25,25,OK,,,,
02621.png,25,25,25,25,OK,,,,
02622.png,35,35,35,35,OK,,,,
02623.png,5,5,5,5,OK,,,,
02624.png,13,13,13,13,OK,,,,
02625.png,5,5,5,5,OK,,,,
02626.png,7,7,7,7,OK,,,,
02627.png,4,4,4,4,OK,,,,
02628.png,34,34,34,34,OK,,,,
02629.png,15,15,15,15,OK,,,,
02630.png,7,7,7,7,OK,,,,
02631.png,13,13,13,13,OK,,,,
02632.png,1,1,1,1,OK,,,,
02633.png,23,23,23,23,OK,,,,
02634.png,35,35,35,35,OK,,,,
02635.png,5,5,5,5,OK,,,,
02636.png,13,13,13,13,OK,,,,
02637.png,5,5,5,5,OK,,,,
02638.png,28,28,28,28,OK,,,,
02639.png,13,13,13,13,OK,,,,
02640.png,12,12,12,12,OK,,,,
02641.png,11,11,11,11,OK,,,,
02642.png,25,25,25,25,OK,,,,
02643.png,34,34,34,34,OK,,,,
02644.png,10,10,10,10,OK,,,,
02645.png,3,3,3,3,OK,,,,
02646.png,5,5,5,5,OK,,,,
02647.png,31,31,31,31,OK,,,,
02648.png,11,11,11,11,OK,,,,
02649.png,11,11,11,11,OK,,,,
02650.png,37,37,37,37,OK,,,,
02651.png,12,12,12,12,OK,,,,
02652.png,25,25,25,25,OK,,,,
02653.png,9,9,9,9,OK,,,,
02654.png,13,13,13,13,OK,,,,
02655.png,30,30,30,30,OK,,,,
02656.png,25,25,25,25,OK,,,,
02657.png,25,25,25,25,OK,,,,
02658.png,12,12,12,12,OK,,,,
02659.png,12,12,12,12,OK,,,,
02660.png,30,30,30,30,OK,,,,
02661.png,15,15,15,15,OK,,,,
02662.png,13,13,13,13,OK,,,,
02663.png,1,1,1,1,OK,,,,
02664.png,25,25,25,25,OK,,,,
02665.png,8,8,8,8,OK,,,,
02666.png,13,13,13,13,OK,,,,
02667.png,3,3,3,3,OK,,,,
02668.png,10,10,10,10,OK,,,,
02669.png,18,18,18,18,OK,,,,
02670.png,42,42,42,42,OK,,,,
02671.png,9,9,9,9,OK,,,,
02672.png,16,16,16,16,OK,,,,
02673.png,4,4,4,4,OK,,,,
02674.png,12,12,12,12,OK,,,,
02675.png,15,15,15,15,OK,,,,
02676.png,25,25,25,25,OK,,,,
02677.png,6,6,6,6,OK,,,,
02678.png,41,41,41,41,OK,,,,
02679.png,1,1,1,1,OK,,,,
02680.png,1,1,1,1,OK,,,,
02681.png,2,2,2,2,OK,,,,
02682.png,30,25,11,30,KO,,,,
02683.png,13,13,13,13,OK,,,,
02684.png,33,33,33,33,OK,,,,
02685.png,38,38,38,38,OK,,,,
02686.png,4,4,4,4,OK,,,,
02687.png,5,5,5,5,OK,,,,
02688.png,7,7,7,7,OK,,,,
02689.png,2,2,2,2,OK,,,,
02690.png,35,35,35,35,OK,,,,
02691.png,10,10,10,10,OK,,,,
02692.png,38,38,38,38,OK,,,,
02693.png,4,4,4,4,OK,,,,
02694.png,1,1,1,1,OK,,,,
02695.png,13,13,13,13,OK,,,,
02696.png,11,11,11,11,OK,,,,
02697.png,38,38,38,38,OK,,,,
02698.png,7,7,7,7,OK,,,,
02699.png,5,5,5,5,OK,,,,
02700.png,5,5,5,5,OK,,,,
02701.png,35,35,35,35,OK,,,,
02702.png,37,37,37,37,OK,,,,
02703.png,38,38,38,38,OK,,,,
02704.png,38,38,38,38,OK,,,,
02705.png,1,1,1,1,OK,,,,
02706.png,33,33,33,33,OK,,,,
02707.png,29,29,29,29,OK,,,,
02708.png,26,26,26,26,OK,,,,
02709.png,25,25,25,25,OK,,,,
02710.png,25,25,25,25,OK,,,,
02711.png,10,10,10,10,OK,,,,
02712.png,1,1,1,1,OK,,,,
02713.png,1,1,1,1,OK,,,,
02714.png,1,1,1,1,OK,,,,
02715.png,16,16,16,16,OK,,,,
02716.png,5,5,5,5,OK,,,,
02717.png,23,23,23,23,OK,,,,
02718.png,10,10,10,10,OK,,,,
02719.png,9,9,9,9,OK,,,,
02720.png,17,17,17,17,OK,,,,
02721.png,2,2,2,2,OK,,,,
02722.png,12,12,12,12,OK,,,,
02723.png,9,9,9,9,OK,,,,
02724.png,18,18,18,18,OK,,,,
02725.png,35,35,35,35,OK,,,,
02726.png,10,10,10,10,OK,,,,
02727.png,2,2,2,2,OK,,,,
02728.png,15,15,15,15,OK,,,,
02729.png,12,12,12,12,OK,,,,
02730.png,4,4,4,4,OK,,,,
02731.png,25,25,25,25,OK,,,,
02732.png,10,10,10,10,OK,,,,
02733.png,12,12,12,12,OK,,,,
02734.png,5,5,5,5,OK,,,,
02735.png,13,13,13,13,OK,,,,
02736.png,2,2,2,2,OK,,,,
02737.png,3,3,3,3,OK,,,,
02738.png,28,28,28,28,OK,,,,
02739.png,1,1,1,1,OK,,,,
02740.png,23,23,23,23,OK,,,,
02741.png,2,2,2,2,OK,,,,
02742.png,1,1,1,1,OK,,,,
02743.png,9,9,9,9,OK,,,,
02744.png,5,5,5,5,OK,,,,
02745.png,38,38,38,38,OK,,,,
02746.png,12,12,12,12,OK,,,,
02747.png,1,1,1,1,OK,,,,
02748.png,27,27,27,28,KO,,,,
02749.png,13,13,13,13,OK,,,,
02750.png,9,9,9,9,OK,,,,
02751.png,24,24,24,24,OK,,,,
02752.png,0,0,0,0,OK,,,,
02753.png,5,5,5,5,OK,,,,
02754.png,38,38,38,38,OK,,,,
02755.png,5,5,5,5,OK,,,,
02756.png,4,4,4,4,OK,,,,
02757.png,18,18,18,18,OK,,,,
02758.png,3,5,5,5,KO,,,,
02759.png,36,36,36,36,OK,,,,
02760.png,30,30,30,30,OK,,,,
02761.png,10,10,10,10,OK,,,,
02762.png,38,38,38,38,OK,,,,
02763.png,16,16,16,16,OK,,,,
02764.png,2,2,2,2,OK,,,,
02765.png,31,31,31,31,OK,,,,
02766.png,24,24,24,24,OK,,,,
02767.png,38,38,38,38,OK,,,,
02768.png,25,25,25,25,OK,,,,
02769.png,17,17,17,17,OK,,,,
02770.png,12,12,12,12,OK,,,,
02771.png,29,29,29,29,OK,,,,
02772.png,4,4,4,4,OK,,,,
02773.png,10,10,10,10,OK,,,,
02774.png,14,14,14,14,OK,,,,
02775.png,11,11,11,11,OK,,,,
02776.png,25,25,25,25,OK,,,,
02777.png,18,18,18,18,OK,,,,
02778.png,4,4,4,4,OK,,,,
02779.png,4,4,4,4,OK,,,,
02780.png,8,8,8,8,OK,,,,
02781.png,25,25,25,25,OK,,,,
02782.png,18,18,18,18,OK,,,,
02783.png,7,7,7,7,OK,,,,
02784.png,38,38,38,38,OK,,,,
02785.png,3,3,3,3,OK,,,,
02786.png,13,13,13,13,OK,,,,
02787.png,31,31,31,31,OK,,,,
02788.png,8,8,8,8,OK,,,,
02789.png,21,21,21,21,OK,,,,
02790.png,31,31,31,31,OK,,,,
02791.png,38,38,38,38,OK,,,,
02792.png,2,2,2,2,OK,,,,
02793.png,2,2,2,2,OK,,,,
02794.png,34,34,34,34,OK,,,,
02795.png,10,10,10,10,OK,,,,
02796.png,7,7,7,7,OK,,,,
02797.png,10,10,10,10,OK,,,,
02798.png,38,38,38,38,OK,,,,
02799.png,8,8,8,8,OK,,,,
02800.png,4,4,4,4,OK,,,,
02801.png,12,12,12,12,OK,,,,
02802.png,28,28,28,28,OK,,,,
02803.png,5,5,5,5,OK,,,,
02804.png,39,39,39,39,OK,,,,
02805.png,41,41,41,41,OK,,,,
02806.png,10,10,10,10,OK,,,,
02807.png,13,13,13,13,OK,,,,
02808.png,38,38,38,38,OK,,,,
02809.png,38,38,38,38,OK,,,,
02810.png,19,19,19,19,OK,,,,
02811.png,1,1,1,1,OK,,,,
02812.png,7,7,7,7,OK,,,,
02813.png,6,6,6,6,OK,,,,
02814.png,39,39,39,39,OK,,,,
02815.png,3,3,3,3,OK,,,,
02816.png,1,1,1,1,OK,,,,
02817.png,19,19,19,19,OK,,,,
02818.png,32,32,32,32,OK,,,,
02819.png,38,38,38,38,OK,,,,
02820.png,12,12,12,12,OK,,,,
02821.png,8,8,8,8,OK,,,,
02822.png,35,35,35,35,OK,,,,
02823.png,12,12,12,12,OK,,,,
02824.png,38,38,38,38,OK,,,,
02825.png,17,17,17,17,OK,,,,
02826.png,2,2,2,2,OK,,,,
02827.png,1,1,1,1,OK,,,,
02828.png,14,14,14,14,OK,,,,
02829.png,35,35,35,35,OK,,,,
02830.png,12,12,12,12,OK,,,,
02831.png,35,35,35,35,OK,,,,
02832.png,34,34,34,34,OK,,,,
02833.png,17,17,17,17,OK,,,,
02834.png,42,42,42,42,OK,,,,
02835.png,1,1,1,1,OK,,,,
02836.png,5,5,5,5,OK,,,,
02837.png,31,31,31,31,OK,,,,
02838.png,6,6,6,6,OK,,,,
02839.png,28,28,28,28,OK,,,,
02840.png,12,12,12,12,OK,,,,
02841.png,38,38,38,38,OK,,,,
02842.png,11,11,11,11,OK,,,,
02843.png,5,5,5,5,OK,,,,
02844.png,8,8,8,8,OK,,,,
02845.png,8,8,8,8,OK,,,,
02846.png,23,23,23,23,OK,,,,
02847.png,27,27,27,27,OK,,,,
02848.png,2,2,2,2,OK,,,,
02849.png,1,1,1,1,OK,,,,
02850.png,25,25,25,25,OK,,,,
02851.png,10,10,10,10,OK,,,,
02852.png,31,31,31,31,OK,,,,
02853.png,3,3,3,3,OK,,,,
02854.png,18,18,18,18,OK,,,,
02855.png,18,18,18,18,OK,,,,
02856.png,13,13,13,13,OK,,,,
02857.png,18,18,18,18,OK,,,,
02858.png,13,13,13,13,OK,,,,
02859.png,34,34,34,34,OK,,,,
02860.png,5,5,5,5,OK,,,,
02861.png,4,4,4,4,OK,,,,
02862.png,1,1,1,1,OK,,,,
02863.png,23,23,23,23,OK,,,,
02864.png,30,30,30,30,OK,,,,
02865.png,4,4,4,4,OK,,,,
02866.png,12,12,12,12,OK,,,,
02867.png,1,1,1,1,OK,,,,
02868.png,38,38,38,38,OK,,,,
02869.png,1,1,1,1,OK,,,,
02870.png,12,12,12,12,OK,,,,
02871.png,25,25,25,25,OK,,,,
02872.png,14,14,14,14,OK,,,,
02873.png,38,38,38,38,OK,,,,
02874.png,1,1,1,1,OK,,,,
02875.png,17,17,17,17,OK,,,,
02876.png,9,9,9,9,OK,,,,
02877.png,16,16,16,16,OK,,,,
02878.png,13,13,13,13,OK,,,,
02879.png,7,7,7,7,OK,,,,
02880.png,39,39,39,39,OK,,,,
02881.png,2,2,2,2,OK,,,,
02882.png,8,8,8,8,OK,,,,
02883.png,2,2,2,2,OK,,,,
02884.png,10,10,10,10,OK,,,,
02885.png,25,25,25,25,OK,,,,
02886.png,10,10,10,10,OK,,,,
02887.png,4,4,4,4,OK,,,,
02888.png,4,4,4,4,OK,,,,
02889.png,10,10,10,10,OK,,,,
02890.png,9,9,9,9,OK,,,,
02891.png,39,39,39,39,OK,,,,
02892.png,7,7,7,7,OK,,,,
02893.png,22,22,22,22,OK,,,,
02894.png,40,40,40,40,OK,,,,
02895.png,4,4,4,4,OK,,,,
02896.png,12,12,12,12,OK,,,,
02897.png,10,10,10,10,OK,,,,
02898.png,15,15,15,15,OK,,,,
02899.png,12,12,12,12,OK,,,,
02900.png,13,13,13,13,OK,,,,
02901.png,34,34,34,34,OK,,,,
02902.png,4,4,4,4,OK,,,,
02903.png,2,2,2,2,OK,,,,
02904.png,5,5,5,5,OK,,,,
02905.png,25,25,25,25,OK,,,,
02906.png,37,37,37,37,OK,,,,
02907.png,17,14,17,17,KO,,,,
02908.png,15,15,15,15,OK,,,,
02909.png,14,14,14,14,OK,,,,
02910.png,15,15,15,15,OK,,,,
02911.png,12,12,12,12,OK,,,,
02912.png,26,26,26,26,OK,,,,
02913.png,18,18,18,18,OK,,,,
02914.png,9,9,9,9,OK,,,,
02915.png,17,17,17,17,OK,,,,
02916.png,1,1,1,1,OK,,,,
02917.png,7,7,7,7,OK,,,,
02918.png,31,23,31,23,KO,,,,
02919.png,1,1,1,1,OK,,,,
02920.png,35,35,35,35,OK,,,,
02921.png,11,11,11,11,OK,,,,
02922.png,7,7,7,7,OK,,,,
02923.png,10,10,10,10,OK,,,,
02924.png,5,5,5,5,OK,,,,
02925.png,13,13,13,13,OK,,,,
02926.png,10,10,10,10,OK,,,,
02927.png,9,9,9,9,OK,,,,
02928.png,1,1,1,1,OK,,,,
02929.png,10,10,10,10,OK,,,,
02930.png,0,0,0,0,OK,,,,
02931.png,1,1,1,1,OK,,,,
02932.png,13,13,13,13,OK,,,,
02933.png,10,10,10,10,OK,,,,
02934.png,13,13,13,13,OK,,,,
02935.png,2,2,2,2,OK,,,,
02936.png,18,18,18,18,OK,,,,
02937.png,13,13,13,13,OK,,,,
02938.png,4,4,4,4,OK,,,,
02939.png,2,2,2,2,OK,,,,
02940.png,8,8,8,8,OK,,,,
02941.png,16,16,16,16,OK,,,,
02942.png,17,17,17,17,OK,,,,
02943.png,18,18,18,18,OK,,,,
02944.png,39,39,39,39,OK,,,,
02945.png,15,15,15,15,OK,,,,
02946.png,5,5,5,5,OK,,,,
02947.png,9,9,9,9,OK,,,,
02948.png,15,15,15,15,OK,,,,
02949.png,17,17,17,17,OK,,,,
02950.png,2,2,2,2,OK,,,,
02951.png,8,8,8,8,OK,,,,
02952.png,33,33,33,33,OK,,,,
02953.png,33,33,33,33,OK,,,,
02954.png,23,23,23,23,OK,,,,
02955.png,1,1,1,1,OK,,,,
02956.png,11,11,11,11,OK,,,,
02957.png,28,28,28,28,OK,,,,
02958.png,9,9,9,9,OK,,,,
02959.png,4,4,4,4,OK,,,,
02960.png,14,14,14,14,OK,,,,
02961.png,3,3,3,3,OK,,,,
02962.png,22,22,22,22,OK,,,,
02963.png,17,17,17,17,OK,,,,
02964.png,9,9,9,9,OK,,,,
02965.png,3,3,3,3,OK,,,,
02966.png,26,26,26,26,OK,,,,
02967.png,2,2,2,2,OK,,,,
02968.png,16,16,16,16,OK,,,,
02969.png,17,17,17,17,OK,,,,
02970.png,18,18,18,18,OK,,,,
02971.png,12,12,12,12,OK,,,,
02972.png,29,29,29,29,OK,,,,
02973.png,11,11,11,11,OK,,,,
02974.png,18,18,18,18,OK,,,,
02975.png,1,1,1,1,OK,,,,
02976.png,2,2,2,2,OK,,,,
02977.png,38,38,38,38,OK,,,,
02978.png,36,36,36,36,OK,,,,
02979.png,25,25,25,25,OK,,,,
02980.png,41,41,41,41,OK,,,,
02981.png,5,5,5,5,OK,,,,
02982.png,12,12,12,12,OK,,,,
02983.png,7,7,7,7,OK,,,,
02984.png,17,17,17,17,OK,,,,
02985.png,4,4,4,4,OK,,,,
02986.png,25,25,25,25,OK,,,,
02987.png,6,6,6,6,OK,,,,
02988.png,36,36,36,36,OK,,,,
02989.png,26,26,26,26,OK,,,,
02990.png,9,9,9,9,OK,,,,
02991.png,7,7,7,7,OK,,,,
02992.png,14,14,14,14,OK,,,,
02993.png,30,30,30,30,OK,,,,
02994.png,17,17,17,17,OK,,,,
02995.png,20,20,20,20,OK,,,,
02996.png,18,18,18,18,OK,,,,
02997.png,12,12,12,12,OK,,,,
02998.png,41,41,41,41,OK,,,,
02999.png,5,5,5,5,OK,,,,
03000.png,11,11,11,11,OK,,,,
03001.png,36,36,36,36,OK,,,,
03002.png,1,1,1,1,OK,,,,
03003.png,15,15,15,15,OK,,,,
03004.png,11,11,11,11,OK,,,,
03005.png,12,12,12,12,OK,,,,
03006.png,34,34,34,34,OK,,,,
03007.png,33,33,33,33,OK,,,,
03008.png,21,21,21,21,OK,,,,
03009.png,0,0,0,0,OK,,,,
03010.png,9,9,9,9,OK,,,,
03011.png,9,9,9,9,OK,,,,
03012.png,27,27,27,27,OK,,,,
03013.png,3,3,3,3,OK,,,,
03014.png,18,18,18,18,OK,,,,
03015.png,31,31,31,31,OK,,,,
03016.png,2,2,2,2,OK,,,,
03017.png,26,26,26,26,OK,,,,
03018.png,25,25,25,25,OK,,,,
03019.png,38,38,38,38,OK,,,,
03020.png,12,12,12,12,OK,,,,
03021.png,6,6,6,6,OK,,,,
03022.png,28,28,28,28,OK,,,,
03023.png,35,35,35,35,OK,,,,
03024.png,5,5,5,5,OK,,,,
03025.png,30,30,30,30,OK,,,,
03026.png,4,4,4,4,OK,,,,
03027.png,8,8,8,8,OK,,,,
03028.png,12,12,12,12,OK,,,,
03029.png,17,17,17,17,OK,,,,
03030.png,18,18,18,18,OK,,,,
03031.png,1,1,1,1,OK,,,,
03032.png,38,38,38,38,OK,,,,
03033.png,38,38,38,38,OK,,,,
03034.png,9,9,9,9,OK,,,,
03035.png,25,25,25,25,OK,,,,
03036.png,5,5,5,5,OK,,,,
03037.png,1,1,1,1,OK,,,,
03038.png,1,1,1,1,OK,,,,
03039.png,42,42,42,42,OK,,,,
03040.png,13,13,13,13,OK,,,,
03041.png,13,13,13,13,OK,,,,
03042.png,2,2,2,2,OK,,,,
03043.png,30,30,30,30,OK,,,,
03044.png,10,10,10,10,OK,,,,
03045.png,35,35,35,35,OK,,,,
03046.png,28,28,28,28,OK,,,,
03047.png,5,5,5,5,OK,,,,
03048.png,11,11,11,11,OK,,,,
03049.png,30,30,30,30,OK,,,,
03050.png,11,11,11,11,OK,,,,
03051.png,1,1,1,1,OK,,,,
03052.png,25,25,25,25,OK,,,,
03053.png,38,38,38,38,OK,,,,
03054.png,38,38,38,38,OK,,,,
03055.png,31,31,31,31,OK,,,,
03056.png,19,19,19,19,OK,,,,
03057.png,13,13,13,13,OK,,,,
03058.png,21,21,21,21,OK,,,,
03059.png,20,20,20,20,OK,,,,
03060.png,8,8,8,8,OK,,,,
03061.png,38,38,38,38,OK,,,,
03062.png,22,22,22,22,OK,,,,
03063.png,28,28,28,28,OK,,,,
03064.png,12,12,12,12,OK,,,,
03065.png,17,17,17,17,OK,,,,
03066.png,12,12,12,12,OK,,,,
03067.png,35,35,35,35,OK,,,,
03068.png,10,10,10,10,OK,,,,
03069.png,13,13,13,13,OK,,,,
03070.png,12,12,12,12,OK,,,,
03071.png,1,1,1,1,OK,,,,
03072.png,2,2,2,2,OK,,,,
03073.png,10,10,10,10,OK,,,,
03074.png,5,5,5,5,OK,,,,
03075.png,13,13,13,13,OK,,,,
03076.png,34,34,34,34,OK,,,,
03077.png,2,2,2,2,OK,,,,
03078.png,2,2,2,2,OK,,,,
03079.png,17,17,17,17,OK,,,,
03080.png,9,9,9,9,OK,,,,
03081.png,13,13,13,13,OK,,,,
03082.png,34,34,34,34,OK,,,,
03083.png,2,2,2,2,OK,,,,
03084.png,13,13,13,13,OK,,,,
03085.png,10,10,10,10,OK,,,,
03086.png,8,8,8,8,OK,,,,
03087.png,4,4,4,4,OK,,,,
03088.png,38,38,38,38,OK,,,,
03089.png,10,10,10,10,OK,,,,
03090.png,4,4,4,4,OK,,,,
03091.png,1,1,1,1,OK,,,,
03092.png,33,33,33,33,OK,,,,
03093.png,2,2,2,2,OK,,,,
03094.png,14,14,14,14,OK,,,,
03095.png,35,35,35,35,OK,,,,
03096.png,10,10,10,10,OK,,,,
03097.png,13,13,13,13,OK,,,,
03098.png,9,9,9,9,OK,,,,
03099.png,5,5,5,5,OK,,,,
03100.png,35,35,35,35,OK,,,,
03101.png,18,18,18,18,OK,,,,
03102.png,25,25,25,25,OK,,,,
03103.png,40,40,40,40,OK,,,,
03104.png,3,3,3,3,OK,,,,
03105.png,13,13,13,13,OK,,,,
03106.png,31,31,31,31,OK,,,,
03107.png,22,22,22,22,OK,,,,
03108.png,38,38,38,38,OK,,,,
03109.png,39,39,39,39,OK,,,,
03110.png,2,2,2,2,OK,,,,
03111.png,25,25,25,25,OK,,,,
03112.png,23,23,23,23,OK,,,,
03113.png,11,11,11,11,OK,,,,
03114.png,23,23,23,23,OK,,,,
03115.png,12,12,12,12,OK,,,,
03116.png,17,17,17,17,OK,,,,
03117.png,36,36,36,36,OK,,,,
03118.png,1,1,1,1,OK,,,,
03119.png,38,38,38,38,OK,,,,
03120.png,2,2,2,2,OK,,,,
03121.png,8,8,8,8,OK,,,,
03122.png,18,18,18,18,OK,,,,
03123.png,4,4,4,4,OK,,,,
03124.png,10,10,10,10,OK,,,,
03125.png,7,7,7,7,OK,,,,
03126.png,38,38,38,38,OK,,,,
03127.png,14,14,14,14,OK,,,,
03128.png,10,10,10,10,OK,,,,
03129.png,38,38,38,38,OK,,,,
03130.png,9,9,9,9,OK,,,,
03131.png,14,14,14,14,OK,,,,
03132.png,1,1,1,1,OK,,,,
03133.png,25,25,25,25,OK,,,,
03134.png,14,14,14,14,OK,,,,
03135.png,1,1,1,1,OK,,,,
03136.png,1,1,1,1,OK,,,,
03137.png,25,25,25,25,OK,,,,
03138.png,7,7,7,7,OK,,,,
03139.png,10,10,10,10,OK,,,,
03140.png,5,5,5,5,OK,,,,
03141.png,40,40,40,40,OK,,,,
03142.png,28,28,28,28,OK,,,,
03143.png,20,20,20,20,OK,,,,
03144.png,4,4,4,4,OK,,,,
03145.png,9,9,9,9,OK,,,,
03146.png,3,3,3,3,OK,,,,
03147.png,2,1,1,1,KO,,,,
03148.png,35,35,35,35,OK,,,,
03149.png,2,2,2,2,OK,,,,
03150.png,22,22,22,22,OK,,,,
03151.png,2,2,2,2,OK,,,,
03152.png,2,2,2,2,OK,,,,
03153.png,1,1,1,1,OK,,,,
03154.png,14,14,14,14,OK,,,,
03155.png,4,4,4,4,OK,,,,
03156.png,3,3,3,3,OK,,,,
03157.png,11,11,11,11,OK,,,,
03158.png,10,10,10,10,OK,,,,
03159.png,5,5,5,5,OK,,,,
03160.png,29,29,29,29,OK,,,,
03161.png,10,10,10,10,OK,,,,
03162.png,33,33,33,33,OK,,,,
03163.png,38,38,38,38,OK,,,,
03164.png,12,12,12,12,OK,,,,
03165.png,17,17,17,17,OK,,,,
03166.png,16,16,16,16,OK,,,,
03167.png,12,12,12,12,OK,,,,
03168.png,3,3,3,3,OK,,,,
03169.png,4,4,4,4,OK,,,,
03170.png,10,10,10,10,OK,,,,
03171.png,8,8,8,8,OK,,,,
03172.png,18,18,18,18,OK,,,,
03173.png,38,38,38,13,KO,,,,
03174.png,35,35,35,35,OK,,,,
03175.png,1,1,1,1,OK,,,,
03176.png,17,17,17,17,OK,,,,
03177.png,26,26,26,26,OK,,,,
03178.png,34,34,34,34,OK,,,,
03179.png,7,7,7,7,OK,,,,
03180.png,8,8,8,8,OK,,,,
03181.png,10,10,10,10,OK,,,,
03182.png,7,7,7,7,OK,,,,
03183.png,17,17,17,17,OK,,,,
03184.png,3,3,3,3,OK,,,,
03185.png,12,12,12,12,OK,,,,
03186.png,13,13,13,13,OK,,,,
03187.png,31,31,31,31,OK,,,,
03188.png,36,36,36,36,OK,,,,
03189.png,7,7,7,7,OK,,,,
03190.png,8,8,8,8,OK,,,,
03191.png,12,12,12,12,OK,,,,
03192.png,3,3,3,3,OK,,,,
03193.png,5,5,5,5,OK,,,,
03194.png,24,24,24,24,OK,,,,
03195.png,11,11,11,11,OK,,,,
03196.png,28,28,28,28,OK,,,,
03197.png,2,2,2,2,OK,,,,
03198.png,1,1,1,1,OK,,,,
03199.png,5,5,5,5,OK,,,,
03200.png,5,5,5,5,OK,,,,
03201.png,9,9,9,9,OK,,,,
03202.png,1,1,1,1,OK,,,,
03203.png,13,13,13,13,OK,,,,
03204.png,13,13,13,13,OK,,,,
03205.png,13,13,13,13,OK,,,,
03206.png,7,7,7,7,OK,,,,
03207.png,31,31,31,31,OK,,,,
03208.png,1,1,1,1,OK,,,,
03209.png,2,2,2,2,OK,,,,
03210.png,7,7,7,7,OK,,,,
03211.png,1,1,1,1,OK,,,,
03212.png,2,2,2,2,OK,,,,
03213.png,12,12,12,12,OK,,,,
03214.png,2,2,2,2,OK,,,,
03215.png,4,4,4,4,OK,,,,
03216.png,11,11,11,11,OK,,,,
03217.png,24,24,24,24,OK,,,,
03218.png,38,38,38,38,OK,,,,
03219.png,10,10,10,10,OK,,,,
03220.png,24,24,24,24,OK,,,,
03221.png,26,26,26,26,OK,,,,
03222.png,6,6,6,6,OK,,,,
03223.png,4,4,4,4,OK,,,,
03224.png,11,11,11,11,OK,,,,
03225.png,23,23,23,23,OK,,,,
03226.png,4,4,4,4,OK,,,,
03227.png,35,35,35,35,OK,,,,
03228.png,7,7,7,7,OK,,,,
03229.png,15,15,15,15,OK,,,,
03230.png,31,31,31,31,OK,,,,
03231.png,23,23,23,23,OK,,,,
03232.png,11,11,11,11,OK,,,,
03233.png,25,25,25,25,OK,,,,
03234.png,18,18,18,18,OK,,,,
03235.png,27,27,27,27,OK,,,,
03236.png,41,41,41,41,OK,,,,
03237.png,1,1,1,1,OK,,,,
03238.png,23,23,23,23,OK,,,,
03239.png,8,8,8,8,OK,,,,
03240.png,4,4,4,4,OK,,,,
03241.png,15,15,15,15,OK,,,,
03242.png,7,7,7,7,OK,,,,
03243.png,25,25,25,25,OK,,,,
03244.png,12,12,12,12,OK,,,,
03245.png,9,9,9,9,OK,,,,
03246.png,20,20,20,20,OK,,,,
03247.png,1,1,1,1,OK,,,,
03248.png,1,1,1,1,OK,,,,
03249.png,11,11,11,11,OK,,,,
03250.png,27,27,27,27,OK,,,,
03251.png,13,13,13,13,OK,,,,
03252.png,13,13,13,13,OK,,,,
03253.png,15,15,15,15,OK,,,,
03254.png,35,35,35,35,OK,,,,
03255.png,25,25,25,25,OK,,,,
03256.png,11,11,11,11,OK,,,,
03257.png,8,8,8,8,OK,,,,
03258.png,36,36,36,36,OK,,,,
03259.png,2,2,2,2,OK,,,,
03260.png,10,10,10,10,OK,,,,
03261.png,12,12,12,12,OK,,,,
03262.png,2,2,2,2,OK,,,,
03263.png,3,3,3,3,OK,,,,
03264.png,34,34,34,34,OK,,,,
03265.png,16,16,16,16,OK,,,,
03266.png,8,8,8,8,OK,,,,
03267.png,10,10,10,10,OK,,,,
03268.png,12,12,12,12,OK,,,,
03269.png,9,9,9,9,OK,,,,
03270.png,11,11,11,11,OK,,,,
03271.png,11,11,11,11,OK,,,,
03272.png,35,35,35,35,OK,,,,
03273.png,30,30,30,30,OK,,,,
03274.png,40,40,40,40,OK,,,,
03275.png,4,4,4,4,OK,,,,
03276.png,2,2,2,2,OK,,,,
03277.png,1,1,1,1,OK,,,,
03278.png,18,18,18,18,OK,,,,
03279.png,17,17,17,17,OK,,,,
03280.png,35,35,35,35,OK,,,,
03281.png,0,0,0,0,OK,,,,
03282.png,2,2,2,2,OK,,,,
03283.png,12,12,12,12,OK,,,,
03284.png,12,12,12,12,OK,,,,
03285.png,12,12,12,12,OK,,,,
03286.png,14,14,14,14,OK,,,,
03287.png,8,8,8,8,OK,,,,
03288.png,31,31,31,31,OK,,,,
03289.png,1,1,1,1,OK,,,,
03290.png,26,26,26,26,OK,,,,
03291.png,7,7,7,7,OK,,,,
03292.png,10,10,10,10,OK,,,,
03293.png,5,5,5,5,OK,,,,
03294.png,21,21,21,21,OK,,,,
03295.png,13,13,13,13,OK,,,,
03296.png,3,3,3,3,OK,,,,
03297.png,13,13,13,13,OK,,,,
03298.png,18,18,18,18,OK,,,,
03299.png,2,2,2,2,OK,,,,
03300.png,25,25,25,25,OK,,,,
03301.png,10,10,10,10,OK,,,,
03302.png,1,1,1,1,OK,,,,
03303.png,6,6,6,6,OK,,,,
03304.png,1,1,1,1,OK,,,,
03305.png,7,7,7,7,OK,,,,
03306.png,34,34,34,34,OK,,,,
03307.png,14,14,14,14,OK,,,,
03308.png,7,7,7,7,OK,,,,
03309.png,2,2,2,2,OK,,,,
03310.png,25,25,25,25,OK,,,,
03311.png,15,15,15,15,OK,,,,
03312.png,8,8,8,8,OK,,,,
03313.png,33,33,33,33,OK,,,,
03314.png,10,10,10,10,OK,,,,
03315.png,10,10,10,10,OK,,,,
03316.png,3,3,3,3,OK,,,,
03317.png,17,17,17,17,OK,,,,
03318.png,13,13,13,13,OK,,,,
03319.png,11,11,11,11,OK,,,,
03320.png,25,25,25,25,OK,,,,
03321.png,1,1,1,1,OK,,,,
03322.png,15,15,15,15,OK,,,,
03323.png,1,1,1,1,OK,,,,
03324.png,35,35,35,35,OK,,,,
03325.png,14,14,14,14,OK,,,,
03326.png,9,9,9,9,OK,,,,
03327.png,13,13,13,13,OK,,,,
03328.png,9,9,9,9,OK,,,,
03329.png,25,25,25,25,OK,,,,
03330.png,4,4,4,4,OK,,,,
03331.png,1,1,1,1,OK,,,,
03332.png,7,7,7,7,OK,,,,
03333.png,31,31,31,31,OK,,,,
03334.png,3,3,3,3,OK,,,,
03335.png,1,1,1,1,OK,,,,
03336.png,2,2,2,2,OK,,,,
03337.png,20,20,20,20,OK,,,,
03338.png,18,18,18,18,OK,,,,
03339.png,38,38,38,38,OK,,,,
03340.png,0,0,0,0,OK,,,,
03341.png,39,39,39,39,OK,,,,
03342.png,3,3,3,3,OK,,,,
03343.png,15,15,15,15,OK,,,,
03344.png,12,12,12,12,OK,,,,
03345.png,2,2,2,2,OK,,,,
03346.png,3,3,3,3,OK,,,,
03347.png,35,35,35,35,OK,,,,
03348.png,5,5,5,5,OK,,,,
03349.png,11,11,11,11,OK,,,,
03350.png,3,3,3,3,OK,,,,
03351.png,1,1,1,1,OK,,,,
03352.png,9,9,9,9,OK,,,,
03353.png,37,37,37,37,OK,,,,
03354.png,12,12,12,12,OK,,,,
03355.png,7,7,7,7,OK,,,,
03356.png,2,2,2,2,OK,,,,
03357.png,38,38,38,38,OK,,,,
03358.png,22,22,22,22,OK,,,,
03359.png,16,16,16,16,OK,,,,
03360.png,41,41,41,41,OK,,,,
03361.png,31,31,31,31,OK,,,,
03362.png,25,25,25,25,OK,,,,
03363.png,29,29,29,29,OK,,,,
03364.png,10,10,10,10,OK,,,,
03365.png,16,16,16,16,OK,,,,
03366.png,2,2,2,2,OK,,,,
03367.png,29,29,29,29,OK,,,,
03368.png,13,13,13,13,OK,,,,
03369.png,22,22,22,22,OK,,,,
03370.png,12,12,12,12,OK,,,,
03371.png,12,12,12,12,OK,,,,
03372.png,9,9,9,9,OK,,,,
03373.png,23,23,23,23,OK,,,,
03374.png,15,15,15,15,OK,,,,
03375.png,13,13,13,13,OK,,,,
03376.png,3,3,3,3,OK,,,,
03377.png,12,12,12,12,OK,,,,
03378.png,40,40,40,40,OK,,,,
03379.png,25,25,25,25,OK,,,,
03380.png,38,38,38,38,OK,,,,
03381.png,10,10,10,10,OK,,,,
03382.png,1,1,1,1,OK,,,,
03383.png,11,11,11,11,OK,,,,
03384.png,4,4,4,4,OK,,,,
03385.png,36,36,36,36,OK,,,,
03386.png,42,42,42,42,OK,,,,
03387.png,30,30,30,30,OK,,,,
03388.png,22,22,22,22,OK,,,,
03389.png,5,5,5,5,OK,,,,
03390.png,4,4,4,4,OK,,,,
03391.png,31,31,31,31,OK,,,,
03392.png,4,4,4,4,OK,,,,
03393.png,9,9,9,9,OK,,,,
03394.png,28,28,28,28,OK,,,,
03395.png,13,13,13,13,OK,,,,
03396.png,13,13,13,13,OK,,,,
03397.png,16,16,16,16,OK,,,,
03398.png,7,7,7,7,OK,,,,
03399.png,5,5,5,5,OK,,,,
03400.png,3,3,3,3,OK,,,,
03401.png,9,9,9,9,OK,,,,
03402.png,15,15,15,15,OK,,,,
03403.png,14,14,14,14,OK,,,,
03404.png,9,9,9,9,OK,,,,
03405.png,19,19,19,19,OK,,,,
03406.png,5,5,5,5,OK,,,,
03407.png,5,5,5,5,OK,,,,
03408.png,1,1,1,1,OK,,,,
03409.png,13,13,13,13,OK,,,,
03410.png,28,28,28,28,OK,,,,
03411.png,8,8,8,8,OK,,,,
03412.png,14,14,14,14,OK,,,,
03413.png,6,6,6,6,OK,,,,
03414.png,10,10,10,10,OK,,,,
03415.png,1,1,1,1,OK,,,,
03416.png,23,23,23,23,OK,,,,
03417.png,13,13,13,13,OK,,,,
03418.png,36,36,36,36,OK,,,,
03419.png,2,2,2,2,OK,,,,
03420.png,0,0,0,0,OK,,,,
03421.png,28,28,28,28,OK,,,,
03422.png,40,40,40,40,OK,,,,
03423.png,2,2,2,2,OK,,,,
03424.png,12,12,12,12,OK,,,,
03425.png,15,15,15,15,OK,,,,
03426.png,5,5,5,5,OK,,,,
03427.png,4,4,4,4,OK,,,,
03428.png,13,13,13,13,OK,,,,
03429.png,35,35,35,35,OK,,,,
03430.png,12,12,12,12,OK,,,,
03431.png,4,4,4,4,OK,,,,
03432.png,5,5,5,5,OK,,,,
03433.png,11,11,11,11,OK,,,,
03434.png,5,5,5,5,OK,,,,
03435.png,2,2,2,2,OK,,,,
03436.png,9,9,9,9,OK,,,,
03437.png,18,18,18,18,OK,,,,
03438.png,7,7,7,7,OK,,,,
03439.png,1,1,1,1,OK,,,,
03440.png,18,18,18,18,OK,,,,
03441.png,2,2,2,2,OK,,,,
03442.png,3,3,3,3,OK,,,,
03443.png,12,12,12,12,OK,,,,
03444.png,8,8,8,8,OK,,,,
03445.png,1,1,1,1,OK,,,,
03446.png,4,4,4,4,OK,,,,
03447.png,4,4,4,4,OK,,,,
03448.png,15,15,15,15,OK,,,,
03449.png,14,14,14,14,OK,,,,
03450.png,8,8,8,8,OK,,,,
03451.png,2,2,2,2,OK,,,,
03452.png,1,1,1,1,OK,,,,
03453.png,8,8,8,8,OK,,,,
03454.png,40,40,40,40,OK,,,,
03455.png,5,5,5,5,OK,,,,
03456.png,35,35,35,35,OK,,,,
03457.png,25,22,22,25,KO,,,,
03458.png,5,5,5,5,OK,,,,
03459.png,35,35,35,35,OK,,,,
03460.png,12,12,12,12,OK,,,,
03461.png,1,1,1,1,OK,,,,
03462.png,35,35,35,35,OK,,,,
03463.png,12,12,12,12,OK,,,,
03464.png,10,10,10,10,OK,,,,
03465.png,38,38,38,38,OK,,,,
03466.png,11,11,11,11,OK,,,,
03467.png,38,38,38,38,OK,,,,
03468.png,1,1,1,1,OK,,,,
03469.png,36,36,36,36,OK,,,,
03470.png,8,8,8,8,OK,,,,
03471.png,11,11,11,11,OK,,,,
03472.png,16,16,16,16,OK,,,,
03473.png,42,42,42,42,OK,,,,
03474.png,0,0,0,0,OK,,,,
03475.png,1,1,1,1,OK,,,,
03476.png,16,16,16,16,OK,,,,
03477.png,12,12,12,12,OK,,,,
03478.png,11,11,11,11,OK,,,,
03479.png,15,15,15,15,OK,,,,
03480.png,25,25,25,25,OK,,,,
03481.png,20,20,20,20,OK,,,,
03482.png,17,17,17,17,OK,,,,
03483.png,1,1,1,1,OK,,,,
03484.png,4,4,4,4,OK,,,,
03485.png,18,18,18,18,OK,,,,
03486.png,15,15,15,15,OK,,,,
03487.png,25,25,25,25,OK,,,,
03488.png,35,35,35,35,OK,,,,
03489.png,12,12,12,12,OK,,,,
03490.png,11,30,11,11,KO,,,,
03491.png,2,2,2,2,OK,,,,
03492.png,18,18,18,18,OK,,,,
03493.png,24,24,24,24,OK,,,,
03494.png,25,25,25,25,OK,,,,
03495.png,18,18,18,18,OK,,,,
03496.png,7,7,7,7,OK,,,,
03497.png,9,9,9,9,OK,,,,
03498.png,5,5,5,5,OK,,,,
03499.png,8,8,8,8,OK,,,,
03500.png,2,2,2,2,OK,,,,
03501.png,32,32,32,32,OK,,,,
03502.png,8,8,8,8,OK,,,,
03503.png,10,10,10,10,OK,,,,
03504.png,12,12,12,12,OK,,,,
03505.png,13,13,13,13,OK,,,,
03506.png,16,16,16,16,OK,,,,
03507.png,12,12,12,12,OK,,,,
03508.png,14,14,14,14,OK,,,,
03509.png,38,38,38,38,OK,,,,
03510.png,4,4,4,4,OK,,,,
03511.png,38,38,38,38,OK,,,,
03512.png,18,18,18,18,OK,,,,
03513.png,38,38,38,38,OK,,,,
03514.png,12,12,12,12,OK,,,,
03515.png,7,7,7,7,OK,,,,
03516.png,9,9,9,9,OK,,,,
03517.png,38,38,38,38,OK,,,,
03518.png,2,2,2,2,OK,,,,
03519.png,2,2,2,2,OK,,,,
03520.png,2,2,2,2,OK,,,,
03521.png,24,24,24,24,OK,,,,
03522.png,1,1,1,1,OK,,,,
03523.png,6,6,6,6,OK,,,,
03524.png,1,1,1,1,OK,,,,
03525.png,5,5,5,5,OK,,,,
03526.png,10,10,10,10,OK,,,,
03527.png,9,9,9,9,OK,,,,
03528.png,38,38,38,38,OK,,,,
03529.png,18,18,18,18,OK,,,,
03530.png,4,4,4,4,OK,,,,
03531.png,4,4,4,4,OK,,,,
03532.png,17,17,17,17,OK,,,,
03533.png,12,12,12,12,OK,,,,
03534.png,1,1,1,1,OK,,,,
03535.png,35,35,35,35,OK,,,,
03536.png,13,13,13,13,OK,,,,
03537.png,9,9,9,9,OK,,,,
03538.png,10,10,10,10,OK,,,,
03539.png,17,17,17,17,OK,,,,
03540.png,10,10,10,10,OK,,,,
03541.png,5,5,5,5,OK,,,,
03542.png,11,11,11,11,OK,,,,
03543.png,8,8,8,8,OK,,,,
03544.png,2,2,2,2,OK,,,,
03545.png,13,13,13,13,OK,,,,
03546.png,14,14,14,14,OK,,,,
03547.png,11,11,11,11,OK,,,,
03548.png,38,38,38,38,OK,,,,
03549.png,10,10,10,10,OK,,,,
03550.png,14,14,14,14,OK,,,,
03551.png,18,18,18,18,OK,,,,
03552.png,19,19,19,19,OK,,,,
03553.png,32,32,32,32,OK,,,,
03554.png,8,8,8,8,OK,,,,
03555.png,5,5,5,5,OK,,,,
03556.png,2,2,2,2,OK,,,,
03557.png,12,12,12,12,OK,,,,
03558.png,22,22,22,22,OK,,,,
03559.png,2,2,2,2,OK,,,,
03560.png,17,17,17,17,OK,,,,
03561.png,6,6,6,6,OK,,,,
03562.png,5,5,5,5,OK,,,,
03563.png,35,35,35,35,OK,,,,
03564.png,27,27,27,27,OK,,,,
03565.png,9,9,9,9,OK,,,,
03566.png,5,5,5,5,OK,,,,
03567.png,30,30,11,11,KO,,,,
03568.png,13,13,13,13,OK,,,,
03569.png,13,13,13,13,OK,,,,
03570.png,13,13,13,13,OK,,,,
03571.png,11,11,11,11,OK,,,,
03572.png,38,38,38,38,OK,,,,
03573.png,10,10,10,10,OK,,,,
03574.png,12,12,12,12,OK,,,,
03575.png,8,8,8,8,OK,,,,
03576.png,8,8,8,8,OK,,,,
03577.png,8,8,8,8,OK,,,,
03578.png,4,4,4,4,OK,,,,
03579.png,38,38,38,38,OK,,,,
03580.png,24,24,24,24,OK,,,,
03581.png,35,35,35,35,OK,,,,
03582.png,38,38,38,38,OK,,,,
03583.png,17,17,17,17,OK,,,,
03584.png,38,38,38,38,OK,,,,
03585.png,10,10,10,10,OK,,,,
03586.png,18,18,18,18,OK,,,,
03587.png,11,11,11,11,OK,,,,
03588.png,25,25,25,25,OK,,,,
03589.png,3,3,3,3,OK,,,,
03590.png,17,17,17,17,OK,,,,
03591.png,7,7,7,7,OK,,,,
03592.png,35,35,35,35,OK,,,,
03593.png,41,41,41,41,OK,,,,
03594.png,14,14,14,14,OK,,,,
03595.png,3,3,3,3,OK,,,,
03596.png,38,38,38,38,OK,,,,
03597.png,12,12,12,12,OK,,,,
03598.png,20,20,20,20,OK,,,,
03599.png,38,38,38,38,OK,,,,
03600.png,6,6,6,6,OK,,,,
03601.png,14,14,14,14,OK,,,,
03602.png,2,2,2,2,OK,,,,
03603.png,4,4,4,4,OK,,,,
03604.png,2,2,2,2,OK,,,,
03605.png,37,37,37,37,OK,,,,
03606.png,12,12,12,12,OK,,,,
03607.png,8,8,8,8,OK,,,,
03608.png,9,9,9,9,OK,,,,
03609.png,38,38,38,38,OK,,,,
03610.png,12,12,12,12,OK,,,,
03611.png,4,4,4,4,OK,,,,
03612.png,38,38,38,38,OK,,,,
03613.png,9,9,9,9,OK,,,,
03614.png,35,35,35,35,OK,,,,
03615.png,4,4,4,4,OK,,,,
03616.png,37,37,37,37,OK,,,,
03617.png,21,21,21,21,OK,,,,
03618.png,10,10,10,10,OK,,,,
03619.png,2,2,2,2,OK,,,,
03620.png,16,16,16,16,OK,,,,
03621.png,23,23,23,23,OK,,,,
03622.png,3,3,3,3,OK,,,,
03623.png,2,2,2,2,OK,,,,
03624.png,11,11,11,11,OK,,,,
03625.png,25,25,25,25,OK,,,,
03626.png,11,11,11,11,OK,,,,
03627.png,1,1,1,1,OK,,,,
03628.png,5,5,5,5,OK,,,,
03629.png,1,1,1,1,OK,,,,
03630.png,35,35,35,35,OK,,,,
03631.png,10,10,10,10,OK,,,,
03632.png,2,2,2,2,OK,,,,
03633.png,5,5,5,5,OK,,,,
03634.png,1,1,1,1,OK,,,,
03635.png,12,12,12,12,OK,,,,
03636.png,7,7,7,7,OK,,,,
03637.png,7,7,7,7,OK,,,,
03638.png,1,1,1,1,OK,,,,
03639.png,38,38,38,38,OK,,,,
03640.png,17,17,17,17,OK,,,,
03641.png,10,10,10,10,OK,,,,
03642.png,10,10,10,10,OK,,,,
03643.png,18,18,18,18,OK,,,,
03644.png,9,17,17,17,KO,,,,
03645.png,1,1,1,1,OK,,,,
03646.png,1,1,1,1,OK,,,,
03647.png,14,14,14,14,OK,,,,
03648.png,12,12,12,12,OK,,,,
03649.png,7,7,7,7,OK,,,,
03650.png,4,4,4,4,OK,,,,
03651.png,14,14,14,14,OK,,,,
03652.png,17,17,17,17,OK,,,,
03653.png,38,38,38,38,OK,,,,
03654.png,3,3,3,3,OK,,,,
03655.png,3,3,3,3,OK,,,,
03656.png,25,25,25,25,OK,,,,
03657.png,25,25,25,25,OK,,,,
03658.png,10,10,10,10,OK,,,,
03659.png,13,13,13,13,OK,,,,
03660.png,8,8,8,8,OK,,,,
03661.png,2,2,2,2,OK,,,,
03662.png,18,18,18,18,OK,,,,
03663.png,31,31,31,31,OK,,,,
03664.png,14,14,14,14,OK,,,,
03665.png,26,26,26,26,OK,,,,
03666.png,31,31,31,31,OK,,,,
03667.png,14,14,14,14,OK,,,,
03668.png,14,14,14,14,OK,,,,
03669.png,9,9,9,9,OK,,,,
03670.png,35,35,35,35,OK,,,,
03671.png,3,3,3,3,OK,,,,
03672.png,33,33,33,33,OK,,,,
03673.png,1,1,1,1,OK,,,,
03674.png,14,14,14,14,OK,,,,
03675.png,25,25,25,25,OK,,,,
03676.png,2,2,2,2,OK,,,,
03677.png,0,0,0,0,OK,,,,
03678.png,10,10,10,10,OK,,,,
03679.png,17,17,17,17,OK,,,,
03680.png,2,2,2,2,OK,,,,
03681.png,25,25,25,25,OK,,,,
03682.png,13,13,13,13,OK,,,,
03683.png,4,4,4,4,OK,,,,
03684.png,39,39,39,39,OK,,,,
03685.png,5,5,5,5,OK,,,,
03686.png,31,31,31,31,OK,,,,
03687.png,10,10,10,10,OK,,,,
03688.png,4,4,4,4,OK,,,,
03689.png,4,4,4,4,OK,,,,
03690.png,24,24,24,24,OK,,,,
03691.png,1,1,1,1,OK,,,,
03692.png,12,12,12,12,OK,,,,
03693.png,8,8,8,8,OK,,,,
03694.png,2,2,2,2,OK,,,,
03695.png,41,41,41,41,OK,,,,
03696.png,4,4,4,4,OK,,,,
03697.png,12,12,12,12,OK,,,,
03698.png,12,12,12,12,OK,,,,
03699.png,10,10,10,10,OK,,,,
03700.png,35,35,35,35,OK,,,,
03701.png,21,21,21,21,OK,,,,
03702.png,22,22,22,22,OK,,,,
03703.png,2,2,2,2,OK,,,,
03704.png,23,23,25,13,KO,,,,
03705.png,6,6,6,6,OK,,,,
03706.png,35,35,35,35,OK,,,,
03707.png,3,3,3,3,OK,,,,
03708.png,14,14,14,14,OK,,,,
03709.png,2,2,2,2,OK,,,,
03710.png,17,17,17,17,OK,,,,
03711.png,2,2,2,2,OK,,,,
03712.png,17,17,17,17,OK,,,,
03713.png,11,11,11,11,OK,,,,
03714.png,19,19,19,19,OK,,,,
03715.png,33,33,33,33,OK,,,,
03716.png,2,2,2,2,OK,,,,
03717.png,4,4,4,4,OK,,,,
03718.png,33,33,33,33,OK,,,,
03719.png,28,28,28,28,OK,,,,
03720.png,41,41,41,41,OK,,,,
03721.png,6,6,6,6,OK,,,,
03722.png,28,28,28,28,OK,,,,
03723.png,38,38,38,38,OK,,,,
03724.png,38,38,38,38,OK,,,,
03725.png,11,11,11,11,OK,,,,
03726.png,7,7,7,7,OK,,,,
03727.png,26,26,26,26,OK,,,,
03728.png,18,18,18,18,OK,,,,
03729.png,10,10,10,10,OK,,,,
03730.png,25,25,25,25,OK,,,,
03731.png,13,13,13,13,OK,,,,
03732.png,3,3,3,3,OK,,,,
03733.png,11,11,11,11,OK,,,,
03734.png,38,38,38,38,OK,,,,
03735.png,35,35,35,35,OK,,,,
03736.png,17,17,17,17,OK,,,,
03737.png,22,22,22,22,OK,,,,
03738.png,31,31,31,31,OK,,,,
03739.png,18,31,31,18,KO,,,,
03740.png,11,11,11,11,OK,,,,
03741.png,25,25,25,25,OK,,,,
03742.png,25,25,25,25,OK,,,,
03743.png,31,31,31,31,OK,,,,
03744.png,26,12,13,12,KO,,,,
03745.png,30,30,30,30,OK,,,,
03746.png,28,28,28,28,OK,,,,
03747.png,12,12,12,12,OK,,,,
03748.png,12,12,12,12,OK,,,,
03749.png,31,31,31,31,OK,,,,
03750.png,35,35,35,35,OK,,,,
03751.png,34,34,34,34,OK,,,,
03752.png,28,28,28,28,OK,,,,
03753.png,29,29,29,29,OK,,,,
03754.png,10,10,10,10,OK,,,,
03755.png,9,9,9,9,OK,,,,
03756.png,13,13,13,13,OK,,,,
03757.png,31,31,31,31,OK,,,,
03758.png,10,10,10,10,OK,,,,
03759.png,1,1,1,1,OK,,,,
03760.png,10,10,10,10,OK,,,,
03761.png,6,6,6,6,OK,,,,
03762.png,11,11,11,11,OK,,,,
03763.png,13,13,13,13,OK,,,,
03764.png,38,38,38,38,OK,,,,
03765.png,4,4,4,4,OK,,,,
03766.png,13,13,13,13,OK,,,,
03767.png,13,13,13,13,OK,,,,
03768.png,7,7,7,7,OK,,,,
03769.png,1,1,1,1,OK,,,,
03770.png,18,18,18,18,OK,,,,
03771.png,7,7,7,7,OK,,,,
03772.png,1,1,1,1,OK,,,,
03773.png,2,2,2,2,OK,,,,
03774.png,31,31,31,31,OK,,,,
03775.png,11,11,11,11,OK,,,,
03776.png,0,0,0,0,OK,,,,
03777.png,11,11,11,11,OK,,,,
03778.png,5,25,11,11,KO,,,,
03779.png,0,0,0,0,OK,,,,
03780.png,25,25,25,25,OK,,,,
03781.png,18,18,18,18,OK,,,,
03782.png,30,30,30,30,OK,,,,
03783.png,23,23,23,23,OK,,,,
03784.png,1,1,1,1,OK,,,,
03785.png,1,1,1,1,OK,,,,
03786.png,25,25,25,25,OK,,,,
03787.png,13,13,13,13,OK,,,,
03788.png,10,10,10,10,OK,,,,
03789.png,37,37,37,37,OK,,,,
03790.png,15,15,15,15,OK,,,,
03791.png,5,5,5,5,OK,,,,
03792.png,11,11,11,11,OK,,,,
03793.png,26,12,12,12,KO,,,,
03794.png,9,9,9,9,OK,,,,
03795.png,11,11,11,11,OK,,,,
03796.png,5,5,5,5,OK,,,,
03797.png,2,2,2,2,OK,,,,
03798.png,13,13,13,13,OK,,,,
03799.png,30,30,30,30,OK,,,,
03800.png,25,25,25,25,OK,,,,
03801.png,9,9,9,9,OK,,,,
03802.png,5,5,5,5,OK,,,,
03803.png,13,13,13,13,OK,,,,
03804.png,20,20,20,20,OK,,,,
03805.png,3,3,3,3,OK,,,,
03806.png,11,11,11,11,OK,,,,
03807.png,10,10,10,10,OK,,,,
03808.png,10,10,10,10,OK,,,,
03809.png,14,14,14,14,OK,,,,
03810.png,1,1,1,1,OK,,,,
03811.png,25,25,25,25,OK,,,,
03812.png,3,3,3,3,OK,,,,
03813.png,10,10,10,10,OK,,,,
03814.png,13,13,13,13,OK,,,,
03815.png,35,35,35,35,OK,,,,
03816.png,18,18,18,18,OK,,,,
03817.png,18,18,18,18,OK,,,,
03818.png,10,10,10,10,OK,,,,
03819.png,4,4,4,4,OK,,,,
03820.png,26,26,26,26,OK,,,,
03821.png,28,28,28,28,OK,,,,
03822.png,15,15,15,15,OK,,,,
03823.png,17,17,17,17,OK,,,,
03824.png,17,17,17,17,OK,,,,
03825.png,14,14,14,14,OK,,,,
03826.png,35,35,35,35,OK,,,,
03827.png,12,12,12,12,OK,,,,
03828.png,7,7,7,7,OK,,,,
03829.png,38,38,38,38,OK,,,,
03830.png,1,1,1,1,OK,,,,
03831.png,1,1,1,1,OK,,,,
03832.png,41,41,41,41,OK,,,,
03833.png,7,7,7,7,OK,,,,
03834.png,5,5,5,5,OK,,,,
03835.png,20,20,20,20,OK,,,,
03836.png,1,1,1,1,OK,,,,
03837.png,6,6,6,6,OK,,,,
03838.png,2,2,2,2,OK,,,,
03839.png,2,2,2,2,OK,,,,
03840.png,23,23,23,23,OK,,,,
03841.png,11,11,11,11,OK,,,,
03842.png,12,12,12,12,OK,,,,
03843.png,1,1,1,1,OK,,,,
03844.png,13,13,13,13,OK,,,,
03845.png,35,35,35,35,OK,,,,
03846.png,15,15,15,15,OK,,,,
03847.png,25,25,25,25,OK,,,,
03848.png,10,10,10,10,OK,,,,
03849.png,38,38,38,38,OK,,,,
03850.png,5,5,5,5,OK,,,,
03851.png,28,28,28,28,OK,,,,
03852.png,9,9,9,9,OK,,,,
03853.png,34,34,34,34,OK,,,,
03854.png,1,1,1,1,OK,,,,
03855.png,38,38,38,38,OK,,,,
03856.png,9,9,9,9,OK,,,,
03857.png,5,5,5,5,OK,,,,
03858.png,4,4,4,4,OK,,,,
03859.png,16,16,16,16,OK,,,,
03860.png,25,25,25,25,OK,,,,
03861.png,23,23,23,23,OK,,,,
03862.png,10,10,10,10,OK,,,,
03863.png,0,0,0,0,OK,,,,
03864.png,39,39,39,39,OK,,,,
03865.png,12,12,12,12,OK,,,,
03866.png,10,10,10,10,OK,,,,
03867.png,41,41,41,41,OK,,,,
03868.png,25,25,25,25,OK,,,,
03869.png,33,33,33,33,OK,,,,
03870.png,15,15,15,15,OK,,,,
03871.png,33,33,33,33,OK,,,,
03872.png,25,25,25,25,OK,,,,
03873.png,27,27,27,27,OK,,,,
03874.png,7,7,7,7,OK,,,,
03875.png,13,13,13,13,OK,,,,
03876.png,11,11,11,11,OK,,,,
03877.png,1,1,1,1,OK,,,,
03878.png,1,1,1,1,OK,,,,
03879.png,7,7,7,7,OK,,,,
03880.png,28,28,28,28,OK,,,,
03881.png,17,17,17,17,OK,,,,
03882.png,12,12,12,12,OK,,,,
03883.png,7,7,7,7,OK,,,,
03884.png,12,12,12,12,OK,,,,
03885.png,31,31,31,31,OK,,,,
03886.png,5,5,5,5,OK,,,,
03887.png,38,38,38,38,OK,,,,
03888.png,13,13,13,13,OK,,,,
03889.png,24,24,24,24,OK,,,,
03890.png,13,13,13,13,OK,,,,
03891.png,14,14,14,14,OK,,,,
03892.png,10,10,10,10,OK,,,,
03893.png,1,1,1,1,OK,,,,
03894.png,25,25,25,25,OK,,,,
03895.png,5,5,5,5,OK,,,,
03896.png,22,22,22,25,KO,,,,
03897.png,1,1,1,1,OK,,,,
03898.png,15,15,15,15,OK,,,,
03899.png,8,8,8,8,OK,,,,
03900.png,1,1,1,1,OK,,,,
03901.png,25,25,25,25,OK,,,,
03902.png,13,13,13,13,OK,,,,
03903.png,12,12,12,12,OK,,,,
03904.png,28,28,28,28,OK,,,,
03905.png,41,41,41,41,OK,,,,
03906.png,38,38,38,38,OK,,,,
03907.png,17,17,17,17,OK,,,,
03908.png,7,7,7,7,OK,,,,
03909.png,33,33,33,33,OK,,,,
03910.png,38,38,38,38,OK,,,,
03911.png,3,3,3,3,OK,,,,
03912.png,28,28,28,28,OK,,,,
03913.png,35,35,35,35,OK,,,,
03914.png,4,4,4,4,OK,,,,
03915.png,4,4,4,4,OK,,,,
03916.png,2,2,2,2,OK,,,,
03917.png,31,31,31,31,OK,,,,
03918.png,16,16,16,16,OK,,,,
03919.png,12,12,12,12,OK,,,,
03920.png,12,12,12,12,OK,,,,
03921.png,12,12,12,12,OK,,,,
03922.png,0,0,0,0,OK,,,,
03923.png,2,2,2,2,OK,,,,
03924.png,9,9,9,9,OK,,,,
03925.png,4,4,4,4,OK,,,,
03926.png,20,20,20,20,OK,,,,
03927.png,31,31,31,31,OK,,,,
03928.png,7,7,7,7,OK,,,,
03929.png,4,4,4,4,OK,,,,
03930.png,8,8,8,8,OK,,,,
03931.png,9,9,9,9,OK,,,,
03932.png,35,35,35,35,OK,,,,
03933.png,13,13,13,13,OK,,,,
03934.png,9,9,9,9,OK,,,,
03935.png,38,38,38,38,OK,,,,
03936.png,12,12,12,12,OK,,,,
03937.png,7,7,7,7,OK,,,,
03938.png,32,32,32,32,OK,,,,
03939.png,9,9,9,9,OK,,,,
03940.png,11,11,11,11,OK,,,,
03941.png,7,7,7,7,OK,,,,
03942.png,5,5,5,5,OK,,,,
03943.png,13,13,13,13,OK,,,,
03944.png,7,7,7,7,OK,,,,
03945.png,12,12,12,12,OK,,,,
03946.png,11,11,11,11,OK,,,,
03947.png,1,1,1,1,OK,,,,
03948.png,25,25,25,25,OK,,,,
03949.png,12,12,12,12,OK,,,,
03950.png,4,4,4,4,OK,,,,
03951.png,17,17,17,17,OK,,,,
03952.png,6,6,6,6,OK,,,,
03953.png,38,38,38,38,OK,,,,
03954.png,38,38,38,38,OK,,,,
03955.png,12,12,12,12,OK,,,,
03956.png,31,31,31,31,OK,,,,
03957.png,6,6,6,6,OK,,,,
03958.png,22,22,22,22,OK,,,,
03959.png,4,4,4,4,OK,,,,
03960.png,18,31,31,21,KO,,,,
03961.png,15,15,15,15,OK,,,,
03962.png,1,1,1,1,OK,,,,
03963.png,8,8,8,8,OK,,,,
03964.png,40,40,40,40,OK,,,,
03965.png,26,26,26,26,OK,,,,
03966.png,9,9,9,9,OK,,,,
03967.png,3,3,3,3,OK,,,,
03968.png,40,40,40,40,OK,,,,
03969.png,13,13,13,13,OK,,,,
03970.png,8,8,8,8,OK,,,,
03971.png,34,34,34,34,OK,,,,
03972.png,17,17,17,17,OK,,,,
03973.png,36,36,36,36,OK,,,,
03974.png,12,12,12,12,OK,,,,
03975.png,40,40,40,40,OK,,,,
03976.png,38,38,38,38,OK,,,,
03977.png,4,4,4,4,OK,,,,
03978.png,31,31,31,31,OK,,,,
03979.png,35,35,35,35,OK,,,,
03980.png,31,31,31,31,OK,,,,
03981.png,18,18,18,18,OK,,,,
03982.png,13,13,13,13,OK,,,,
03983.png,25,25,25,25,OK,,,,
03984.png,1,1,1,1,OK,,,,
03985.png,1,1,1,1,OK,,,,
03986.png,17,17,17,17,OK,,,,
03987.png,31,31,31,31,OK,,,,
03988.png,16,16,16,16,OK,,,,
03989.png,10,10,10,10,OK,,,,
03990.png,12,12,12,12,OK,,,,
03991.png,42,42,42,42,OK,,,,
03992.png,9,9,9,9,OK,,,,
03993.png,39,39,39,39,OK,,,,
03994.png,35,35,35,35,OK,,,,
03995.png,13,13,13,13,OK,,,,
03996.png,10,10,10,10,OK,,,,
03997.png,13,13,13,13,OK,,,,
03998.png,4,4,4,4,OK,,,,
03999.png,4,4,4,4,OK,,,,
04000.png,25,25,25,25,OK,,,,
04001.png,34,34,34,34,OK,,,,
04002.png,12,12,12,12,OK,,,,
04003.png,2,2,2,2,OK,,,,
04004.png,8,8,8,8,OK,,,,
04005.png,29,29,29,29,OK,,,,
04006.png,31,31,31,31,OK,,,,
04007.png,4,4,4,4,OK,,,,
04008.png,1,1,1,1,OK,,,,
04009.png,8,8,8,8,OK,,,,
04010.png,4,4,4,4,OK,,,,
04011.png,30,30,30,30,OK,,,,
04012.png,0,0,0,0,OK,,,,
04013.png,15,15,15,15,OK,,,,
04014.png,13,13,13,13,OK,,,,
04015.png,25,25,25,25,OK,,,,
04016.png,2,2,2,2,OK,,,,
04017.png,4,4,4,4,OK,,,,
04018.png,2,2,2,2,OK,,,,
04019.png,12,12,12,12,OK,,,,
04020.png,28,28,28,28,OK,,,,
04021.png,11,11,11,11,OK,,,,
04022.png,35,35,35,35,OK,,,,
04023.png,4,4,4,4,OK,,,,
04024.png,10,10,10,10,OK,,,,
04025.png,38,38,38,38,OK,,,,
04026.png,31,31,31,31,OK,,,,
04027.png,12,12,12,12,OK,,,,
04028.png,7,7,7,7,OK,,,,
04029.png,16,16,16,16,OK,,,,
04030.png,6,6,6,6,OK,,,,
04031.png,1,1,1,1,OK,,,,
04032.png,21,21,21,21,OK,,,,
04033.png,5,5,5,5,OK,,,,
04034.png,13,13,13,13,OK,,,,
04035.png,2,2,2,2,OK,,,,
04036.png,38,38,38,38,OK,,,,
04037.png,2,2,2,2,OK,,,,
04038.png,24,24,24,24,OK,,,,
04039.png,5,5,5,5,OK,,,,
04040.png,34,34,34,34,OK,,,,
04041.png,9,9,9,9,OK,,,,
04042.png,17,17,17,17,OK,,,,
04043.png,26,26,26,26,OK,,,,
04044.png,25,25,25,25,OK,,,,
04045.png,24,24,24,24,OK,,,,
04046.png,12,12,12,12,OK,,,,
04047.png,17,17,17,17,OK,,,,
04048.png,27,27,27,27,OK,,,,
04049.png,35,35,35,35,OK,,,,
04050.png,29,29,29,29,OK,,,,
04051.png,8,8,8,8,OK,,,,
04052.png,31,31,31,31,OK,,,,
04053.png,5,5,5,5,OK,,,,
04054.png,15,15,15,15,OK,,,,
04055.png,22,22,22,25,KO,,,,
04056.png,10,10,10,10,OK,,,,
04057.png,28,28,28,28,OK,,,,
04058.png,25,25,25,25,OK,,,,
04059.png,12,12,12,12,OK,,,,
04060.png,8,8,8,8,OK,,,,
04061.png,9,9,9,9,OK,,,,
04062.png,11,11,11,11,OK,,,,
04063.png,1,1,1,1,OK,,,,
04064.png,17,17,17,17,OK,,,,
04065.png,29,29,29,29,OK,,,,
04066.png,38,38,38,38,OK,,,,
04067.png,2,2,2,2,OK,,,,
04068.png,36,36,36,36,OK,,,,
04069.png,30,30,30,30,OK,,,,
04070.png,30,30,30,30,OK,,,,
04071.png,1,1,1,1,OK,,,,
04072.png,8,8,8,8,OK,,,,
04073.png,13,13,13,13,OK,,,,
04074.png,38,38,38,38,OK,,,,
04075.png,1,1,1,1,OK,,,,
04076.png,5,5,5,5,OK,,,,
04077.png,29,29,29,29,OK,,,,
04078.png,11,11,11,11,OK,,,,
04079.png,18,18,18,18,OK,,,,
04080.png,11,11,11,11,OK,,,,
04081.png,10,10,10,10,OK,,,,
04082.png,4,4,4,4,OK,,,,
04083.png,15,15,15,15,OK,,,,
04084.png,12,12,12,12,OK,,,,
04085.png,7,7,7,7,OK,,,,
04086.png,21,21,21,21,OK,,,,
04087.png,38,38,38,38,OK,,,,
04088.png,28,28,28,28,OK,,,,
04089.png,13,13,13,13,OK,,,,
04090.png,7,7,7,7,OK,,,,
04091.png,12,12,12,12,OK,,,,
04092.png,10,10,10,10,OK,,,,
04093.png,1,1,1,1,OK,,,,
04094.png,35,35,35,35,OK,,,,
04095.png,1,1,1,1,OK,,,,
04096.png,8,8,8,8,OK,,,,
04097.png,38,38,38,38,OK,,,,
04098.png,25,25,25,25,OK,,,,
04099.png,13,13,13,13,OK,,,,
04100.png,15,15,15,15,OK,,,,
04101.png,12,12,12,12,OK,,,,
04102.png,8,8,8,8,OK,,,,
04103.png,17,17,17,17,OK,,,,
04104.png,38,38,38,38,OK,,,,
04105.png,41,41,41,41,OK,,,,
04106.png,31,31,31,31,OK,,,,
04107.png,10,10,10,10,OK,,,,
04108.png,25,25,25,25,OK,,,,
04109.png,1,1,1,1,OK,,,,
04110.png,14,14,14,14,OK,,,,
04111.png,17,17,17,17,OK,,,,
04112.png,23,23,23,23,OK,,,,
04113.png,10,10,10,10,OK,,,,
04114.png,26,26,26,26,OK,,,,
04115.png,31,31,31,31,OK,,,,
04116.png,5,5,5,5,OK,,,,
04117.png,36,36,36,36,OK,,,,
04118.png,14,14,14,14,OK,,,,
04119.png,4,4,4,4,OK,,,,
04120.png,4,4,4,4,OK,,,,
04121.png,7,7,7,7,OK,,,,
04122.png,20,20,20,20,OK,,,,
04123.png,34,34,34,34,OK,,,,
04124.png,1,1,1,1,OK,,,,
04125.png,21,21,21,21,OK,,,,
04126.png,14,14,14,14,OK,,,,
04127.png,4,4,4,4,OK,,,,
04128.png,13,13,13,13,OK,,,,
04129.png,6,6,6,6,OK,,,,
04130.png,39,39,39,39,OK,,,,
04131.png,11,11,11,11,OK,,,,
04132.png,33,33,33,33,OK,,,,
04133.png,30,30,30,30,OK,,,,
04134.png,2,2,2,2,OK,,,,
04135.png,3,3,3,3,OK,,,,
04136.png,33,33,33,33,OK,,,,
04137.png,1,1,1,1,OK,,,,
04138.png,40,40,40,40,OK,,,,
04139.png,1,1,1,1,OK,,,,
04140.png,13,13,13,13,OK,,,,
04141.png,23,23,23,23,OK,,,,
04142.png,18,18,18,18,OK,,,,
04143.png,10,10,10,10,OK,,,,
04144.png,35,35,35,35,OK,,,,
04145.png,1,1,1,1,OK,,,,
04146.png,15,15,15,15,OK,,,,
04147.png,21,21,21,21,OK,,,,
04148.png,14,14,14,14,OK,,,,
04149.png,3,3,3,3,OK,,,,
04150.png,35,35,35,35,OK,,,,
04151.png,12,12,12,12,OK,,,,
04152.png,9,9,9,9,OK,,,,
04153.png,33,33,33,33,OK,,,,
04154.png,17,17,17,17,OK,,,,
04155.png,12,12,12,12,OK,,,,
04156.png,25,25,25,25,OK,,,,
04157.png,18,18,18,18,OK,,,,
04158.png,4,4,4,4,OK,,,,
04159.png,31,31,31,31,OK,,,,
04160.png,11,11,11,11,OK,,,,
04161.png,5,5,5,5,OK,,,,
04162.png,29,29,29,29,OK,,,,
04163.png,11,11,11,11,OK,,,,
04164.png,5,5,5,5,OK,,,,
04165.png,14,14,14,14,OK,,,,
04166.png,15,15,15,15,OK,,,,
04167.png,5,5,5,5,OK,,,,
04168.png,38,38,38,38,OK,,,,
04169.png,14,14,14,14,OK,,,,
04170.png,4,4,4,4,OK,,,,
04171.png,10,10,10,10,OK,,,,
04172.png,12,12,12,12,OK,,,,
04173.png,2,2,2,2,OK,,,,
04174.png,13,13,13,13,OK,,,,
04175.png,17,14,17,17,KO,,,,
04176.png,10,10,10,10,OK,,,,
04177.png,4,4,4,4,OK,,,,
04178.png,5,5,5,5,OK,,,,
04179.png,4,4,4,4,OK,,,,
04180.png,0,0,0,0,OK,,,,
04181.png,8,8,8,8,OK,,,,
04182.png,31,31,31,31,OK,,,,
04183.png,4,4,4,4,OK,,,,
04184.png,41,41,41,41,OK,,,,
04185.png,21,21,21,21,OK,,,,
04186.png,20,20,20,20,OK,,,,
04187.png,25,25,25,25,OK,,,,
04188.png,14,14,14,14,OK,,,,
04189.png,1,1,1,1,OK,,,,
04190.png,11,11,11,11,OK,,,,
04191.png,21,21,21,21,OK,,,,
04192.png,11,11,11,11,OK,,,,
04193.png,18,18,18,18,OK,,,,
04194.png,10,10,10,10,OK,,,,
04195.png,5,5,5,5,OK,,,,
04196.png,12,12,12,12,OK,,,,
04197.png,13,13,13,13,OK,,,,
04198.png,31,31,31,31,OK,,,,
04199.png,12,12,12,12,OK,,,,
04200.png,2,2,2,2,OK,,,,
04201.png,12,12,12,12,OK,,,,
04202.png,13,13,13,13,OK,,,,
04203.png,16,16,16,16,OK,,,,
04204.png,3,3,3,3,OK,,,,
04205.png,2,2,2,2,OK,,,,
04206.png,10,10,10,10,OK,,,,
04207.png,5,5,5,5,OK,,,,
04208.png,31,31,31,31,OK,,,,
04209.png,12,12,12,12,OK,,,,
04210.png,14,14,14,14,OK,,,,
04211.png,17,17,17,17,OK,,,,
04212.png,17,17,17,17,OK,,,,
04213.png,13,13,13,13,OK,,,,
04214.png,17,17,17,17,OK,,,,
04215.png,16,16,16,16,OK,,,,
04216.png,31,31,31,31,OK,,,,
04217.png,11,11,11,11,OK,,,,
04218.png,26,26,26,26,OK,,,,
04219.png,39,13,13,13,KO,,,,
04220.png,13,13,13,13,OK,,,,
04221.png,7,7,7,7,OK,,,,
04222.png,13,13,13,13,OK,,,,
04223.png,2,2,2,2,OK,,,,
04224.png,18,18,18,18,OK,,,,
04225.png,8,8,8,8,OK,,,,
04226.png,7,7,7,7,OK,,,,
04227.png,1,1,1,1,OK,,,,
04228.png,9,9,9,9,OK,,,,
04229.png,38,38,38,38,OK,,,,
04230.png,9,9,9,9,OK,,,,
04231.png,13,13,13,13,OK,,,,
04232.png,13,13,13,13,OK,,,,
04233.png,1,1,1,1,OK,,,,
04234.png,1,1,1,1,OK,,,,
04235.png,8,8,8,8,OK,,,,
04236.png,2,2,2,2,OK,,,,
04237.png,8,8,8,8,OK,,,,
04238.png,13,13,13,13,OK,,,,
04239.png,38,38,38,38,OK,,,,
04240.png,7,7,7,7,OK,,,,
04241.png,18,18,18,18,OK,,,,
04242.png,2,2,2,2,OK,,,,
04243.png,14,14,14,14,OK,,,,
04244.png,38,38,38,38,OK,,,,
04245.png,5,5,5,5,OK,,,,
04246.png,38,38,38,38,OK,,,,
04247.png,12,12,12,12,OK,,,,
04248.png,25,25,25,25,OK,,,,
04249.png,5,5,5,5,OK,,,,
04250.png,25,25,25,25,OK,,,,
04251.png,11,11,11,11,OK,,,,
04252.png,18,18,18,18,OK,,,,
04253.png,5,5,5,5,OK,,,,
04254.png,14,14,14,14,OK,,,,
04255.png,12,12,12,12,OK,,,,
04256.png,13,13,13,13,OK,,,,
04257.png,5,5,5,5,OK,,,,
04258.png,13,13,13,13,OK,,,,
04259.png,9,9,9,9,OK,,,,
04260.png,11,11,11,11,OK,,,,
04261.png,25,25,25,25,OK,,,,
04262.png,7,7,7,7,OK,,,,
04263.png,12,12,12,12,OK,,,,
04264.png,35,35,35,35,OK,,,,
04265.png,15,15,15,15,OK,,,,
04266.png,1,1,1,1,OK,,,,
04267.png,3,3,3,3,OK,,,,
04268.png,31,31,31,31,OK,,,,
04269.png,17,14,17,17,KO,,,,
04270.png,13,13,13,13,OK,,,,
04271.png,6,6,42,6,KO,,,,
04272.png,8,8,8,8,OK,,,,
04273.png,25,25,25,25,OK,,,,
04274.png,4,4,4,4,OK,,,,
04275.png,38,38,38,38,OK,,,,
04276.png,18,18,18,18,OK,,,,
04277.png,10,10,10,10,OK,,,,
04278.png,36,36,36,36,OK,,,,
04279.png,17,17,17,17,OK,,,,
04280.png,13,13,13,13,OK,,,,
04281.png,8,8,8,8,OK,,,,
04282.png,12,12,12,12,OK,,,,
04283.png,4,4,4,4,OK,,,,
04284.png,1,1,1,1,OK,,,,
04285.png,2,2,2,2,OK,,,,
04286.png,5,5,5,5,OK,,,,
04287.png,17,17,17,17,OK,,,,
04288.png,9,9,9,9,OK,,,,
04289.png,25,25,25,25,OK,,,,
04290.png,29,29,29,29,OK,,,,
04291.png,35,35,35,35,OK,,,,
04292.png,29,29,29,29,OK,,,,
04293.png,35,35,35,35,OK,,,,
04294.png,15,15,15,15,OK,,,,
04295.png,2,2,2,2,OK,,,,
04296.png,35,35,35,35,OK,,,,
04297.png,11,11,11,11,OK,,,,
04298.png,28,28,28,28,OK,,,,
04299.png,26,26,26,26,OK,,,,
04300.png,23,23,23,23,OK,,,,
04301.png,3,3,3,3,OK,,,,
04302.png,35,35,35,35,OK,,,,
04303.png,25,25,25,25,OK,,,,
04304.png,38,38,38,38,OK,,,,
04305.png,1,1,1,1,OK,,,,
04306.png,13,13,31,13,KO,,,,
04307.png,9,9,9,9,OK,,,,
04308.png,11,11,11,11,OK,,,,
04309.png,7,7,7,7,OK,,,,
04310.png,9,9,9,9,OK,,,,
04311.png,38,38,38,38,OK,,,,
04312.png,20,20,20,20,OK,,,,
04313.png,39,39,39,39,OK,,,,
04314.png,26,26,26,26,OK,,,,
04315.png,13,13,13,13,OK,,,,
04316.png,42,42,42,42,OK,,,,
04317.png,11,11,11,11,OK,,,,
04318.png,12,12,12,12,OK,,,,
04319.png,38,38,38,38,OK,,,,
04320.png,7,7,7,7,OK,,,,
04321.png,3,3,3,3,OK,,,,
04322.png,10,10,10,10,OK,,,,
04323.png,8,8,8,8,OK,,,,
04324.png,35,35,35,35,OK,,,,
04325.png,4,4,4,4,OK,,,,
04326.png,5,5,5,5,OK,,,,
04327.png,5,5,5,5,OK,,,,
04328.png,9,9,9,9,OK,,,,
04329.png,35,35,35,35,OK,,,,
04330.png,31,31,31,31,OK,,,,
04331.png,24,24,24,24,OK,,,,
04332.png,0,0,0,0,OK,,,,
04333.png,0,0,0,0,OK,,,,
04334.png,8,8,8,8,OK,,,,
04335.png,41,41,41,41,OK,,,,
04336.png,1,1,1,1,OK,,,,
04337.png,1,1,1,1,OK,,,,
04338.png,4,4,4,4,OK,,,,
04339.png,7,7,7,7,OK,,,,
04340.png,25,25,25,25,OK,,,,
04341.png,26,12,12,12,KO,,,,
04342.png,33,33,33,33,OK,,,,
04343.png,14,14,14,14,OK,,,,
04344.png,2,2,2,2,OK,,,,
04345.png,15,15,15,15,OK,,,,
04346.png,9,9,9,9,OK,,,,
04347.png,12,12,12,12,OK,,,,
04348.png,1,1,1,1,OK,,,,
04349.png,11,11,11,11,OK,,,,
04350.png,33,33,33,33,OK,,,,
04351.png,4,4,4,4,OK,,,,
04352.png,1,1,1,1,OK,,,,
04353.png,18,18,18,18,OK,,,,
04354.png,13,13,13,13,OK,,,,
04355.png,12,12,12,12,OK,,,,
04356.png,13,13,13,13,OK,,,,
04357.png,2,2,2,2,OK,,,,
04358.png,13,13,13,13,OK,,,,
04359.png,10,10,10,10,OK,,,,
04360.png,36,36,36,36,OK,,,,
04361.png,10,10,10,10,OK,,,,
04362.png,38,38,38,38,OK,,,,
04363.png,3,3,3,3,OK,,,,
04364.png,11,11,11,11,OK,,,,
04365.png,38,38,38,38,OK,,,,
04366.png,15,15,15,15,OK,,,,
04367.png,30,30,30,30,OK,,,,
04368.png,18,18,18,18,OK,,,,
04369.png,35,35,35,35,OK,,,,
04370.png,5,5,5,5,OK,,,,
04371.png,9,9,9,9,OK,,,,
04372.png,18,18,18,18,OK,,,,
04373.png,8,8,8,8,OK,,,,
04374.png,12,12,12,12,OK,,,,
04375.png,15,15,15,15,OK,,,,
04376.png,5,5,5,5,OK,,,,
04377.png,1,1,1,1,OK,,,,
04378.png,35,35,35,35,OK,,,,
04379.png,4,4,4,4,OK,,,,
04380.png,25,25,25,25,OK,,,,
04381.png,5,5,5,5,OK,,,,
04382.png,2,2,2,2,OK,,,,
04383.png,5,11,11,11,KO,,,,
04384.png,12,12,23,12,KO,,,,
04385.png,8,8,8,8,OK,,,,
04386.png,1,1,1,1,OK,,,,
04387.png,1,1,1,1,OK,,,,
04388.png,4,4,4,4,OK,,,,
04389.png,4,4,4,4,OK,,,,
04390.png,9,9,9,9,OK,,,,
04391.png,17,17,17,17,OK,,,,
04392.png,4,4,4,4,OK,,,,
04393.png,10,10,10,10,OK,,,,
04394.png,17,17,17,17,OK,,,,
04395.png,38,38,38,38,OK,,,,
04396.png,2,2,2,2,OK,,,,
04397.png,2,2,2,2,OK,,,,
04398.png,39,39,39,39,OK,,,,
04399.png,1,1,1,1,OK,,,,
04400.png,21,21,21,21,OK,,,,
04401.png,15,15,15,15,OK,,,,
04402.png,10,10,10,10,OK,,,,
04403.png,4,4,4,4,OK,,,,
04404.png,3,3,3,3,OK,,,,
04405.png,13,13,13,13,OK,,,,
04406.png,5,5,5,5,OK,,,,
04407.png,9,9,9,9,OK,,,,
04408.png,3,3,3,3,OK,,,,
04409.png,18,18,18,18,OK,,,,
04410.png,6,6,6,6,OK,,,,
04411.png,7,7,7,7,OK,,,,
04412.png,12,12,12,12,OK,,,,
04413.png,42,42,42,42,OK,,,,
04414.png,19,19,19,19,OK,,,,
04415.png,11,11,11,11,OK,,,,
04416.png,17,17,17,17,OK,,,,
04417.png,1,1,1,1,OK,,,,
04418.png,33,33,33,33,OK,,,,
04419.png,8,8,8,8,OK,,,,
04420.png,31,31,31,31,OK,,,,
04421.png,31,31,31,31,OK,,,,
04422.png,5,5,5,5,OK,,,,
04423.png,1,1,1,1,OK,,,,
04424.png,12,12,12,12,OK,,,,
04425.png,28,28,28,28,OK,,,,
04426.png,5,5,5,5,OK,,,,
04427.png,12,12,12,12,OK,,,,
04428.png,8,8,8,8,OK,,,,
04429.png,20,20,20,20,OK,,,,
04430.png,10,10,10,10,OK,,,,
04431.png,10,10,10,10,OK,,,,
04432.png,8,8,8,8,OK,,,,
04433.png,8,8,8,8,OK,,,,
04434.png,0,0,0,0,OK,,,,
04435.png,5,5,5,5,OK,,,,
04436.png,7,7,7,7,OK,,,,
04437.png,20,20,20,20,OK,,,,
04438.png,33,33,33,33,OK,,,,
04439.png,10,10,10,10,OK,,,,
04440.png,5,5,5,5,OK,,,,
04441.png,12,12,12,12,OK,,,,
04442.png,38,38,38,38,OK,,,,
04443.png,21,21,21,21,OK,,,,
04444.png,2,2,2,2,OK,,,,
04445.png,7,7,7,7,OK,,,,
04446.png,5,5,5,5,OK,,,,
04447.png,2,2,2,2,OK,,,,
04448.png,17,17,17,17,OK,,,,
04449.png,3,3,3,3,OK,,,,
04450.png,17,17,17,17,OK,,,,
04451.png,12,12,12,12,OK,,,,
04452.png,31,31,31,31,OK,,,,
04453.png,25,25,25,25,OK,,,,
04454.png,18,18,18,18,OK,,,,
04455.png,2,2,2,2,OK,,,,
04456.png,27,27,27,27,OK,,,,
04457.png,3,3,3,3,OK,,,,
04458.png,37,37,37,37,OK,,,,
04459.png,9,9,9,9,OK,,,,
04460.png,38,38,38,38,OK,,,,
04461.png,5,5,5,5,OK,,,,
04462.png,38,38,38,38,OK,,,,
04463.png,8,8,8,8,OK,,,,
04464.png,13,13,13,13,OK,,,,
04465.png,10,10,10,10,OK,,,,
04466.png,14,14,14,14,OK,,,,
04467.png,12,12,12,12,OK,,,,
04468.png,17,17,17,17,OK,,,,
04469.png,31,31,31,31,OK,,,,
04470.png,26,26,26,26,OK,,,,
04471.png,33,33,33,33,OK,,,,
04472.png,38,38,38,38,OK,,,,
04473.png,17,17,17,17,OK,,,,
04474.png,12,12,12,12,OK,,,,
04475.png,2,2,2,2,OK,,,,
04476.png,2,2,2,2,OK,,,,
04477.png,13,13,13,13,OK,,,,
04478.png,1,1,1,1,OK,,,,
04479.png,21,21,21,21,OK,,,,
04480.png,2,2,2,2,OK,,,,
04481.png,10,10,10,10,OK,,,,
04482.png,9,9,9,9,OK,,,,
04483.png,33,33,33,33,OK,,,,
04484.png,5,5,5,5,OK,,,,
04485.png,13,13,13,13,OK,,,,
04486.png,1,1,1,1,OK,,,,
04487.png,4,4,4,4,OK,,,,
04488.png,8,8,8,8,OK,,,,
04489.png,2,2,2,2,OK,,,,
04490.png,36,36,36,36,OK,,,,
04491.png,12,12,12,12,OK,,,,
04492.png,38,38,38,38,OK,,,,
04493.png,4,4,4,4,OK,,,,
04494.png,34,34,34,34,OK,,,,
04495.png,12,12,12,12,OK,,,,
04496.png,42,42,42,42,OK,,,,
04497.png,5,5,5,5,OK,,,,
04498.png,2,2,2,2,OK,,,,
04499.png,1,1,1,1,OK,,,,
04500.png,22,22,22,22,OK,,,,
04501.png,25,25,25,25,OK,,,,
04502.png,28,28,28,28,OK,,,,
04503.png,3,3,3,3,OK,,,,
04504.png,0,0,0,0,OK,,,,
04505.png,2,2,2,2,OK,,,,
04506.png,2,2,2,2,OK,,,,
04507.png,17,17,17,17,OK,,,,
04508.png,12,12,12,12,OK,,,,
04509.png,30,30,30,30,OK,,,,
04510.png,31,31,31,31,OK,,,,
04511.png,30,30,30,30,OK,,,,
04512.png,0,0,0,0,OK,,,,
04513.png,1,1,1,1,OK,,,,
04514.png,35,35,35,35,OK,,,,
04515.png,40,40,40,40,OK,,,,
04516.png,2,2,2,2,OK,,,,
04517.png,10,10,10,10,OK,,,,
04518.png,10,10,10,10,OK,,,,
04519.png,7,7,7,7,OK,,,,
04520.png,9,9,9,9,OK,,,,
04521.png,4,4,4,4,OK,,,,
04522.png,34,34,34,34,OK,,,,
04523.png,5,5,5,5,OK,,,,
04524.png,7,7,7,7,OK,,,,
04525.png,30,30,30,30,OK,,,,
04526.png,12,12,12,12,OK,,,,
04527.png,13,13,13,13,OK,,,,
04528.png,35,35,35,35,OK,,,,
04529.png,28,28,28,28,OK,,,,
04530.png,12,12,12,12,OK,,,,
04531.png,35,35,35,35,OK,,,,
04532.png,10,10,10,10,OK,,,,
04533.png,12,12,12,12,OK,,,,
04534.png,8,8,8,8,OK,,,,
04535.png,18,18,18,18,OK,,,,
04536.png,5,5,5,5,OK,,,,
04537.png,1,1,1,1,OK,,,,
04538.png,5,5,5,5,OK,,,,
04539.png,1,1,1,1,OK,,,,
04540.png,2,2,2,2,OK,,,,
04541.png,2,2,2,2,OK,,,,
04542.png,12,12,12,12,OK,,,,
04543.png,3,5,3,3,KO,,,,
04544.png,7,7,7,7,OK,,,,
04545.png,16,16,16,16,OK,,,,
04546.png,2,2,2,2,OK,,,,
04547.png,7,7,7,7,OK,,,,
04548.png,14,14,14,14,OK,,,,
04549.png,18,18,18,18,OK,,,,
04550.png,38,38,38,38,OK,,,,
04551.png,25,25,25,25,OK,,,,
04552.png,2,2,2,2,OK,,,,
04553.png,18,18,18,18,OK,,,,
04554.png,9,9,9,9,OK,,,,
04555.png,36,36,36,36,OK,,,,
04556.png,9,9,9,9,OK,,,,
04557.png,25,25,25,25,OK,,,,
04558.png,5,5,5,5,OK,,,,
04559.png,5,5,5,5,OK,,,,
04560.png,5,5,5,5,OK,,,,
04561.png,3,3,3,3,OK,,,,
04562.png,27,27,27,27,OK,,,,
04563.png,13,13,13,13,OK,,,,
04564.png,1,1,1,1,OK,,,,
04565.png,25,25,25,25,OK,,,,
04566.png,25,25,25,25,OK,,,,
04567.png,8,8,8,8,OK,,,,
04568.png,10,10,10,10,OK,,,,
04569.png,25,25,25,25,OK,,,,
04570.png,0,0,0,0,OK,,,,
04571.png,31,31,31,31,OK,,,,
04572.png,9,9,9,9,OK,,,,
04573.png,2,2,2,2,OK,,,,
04574.png,2,2,2,2,OK,,,,
04575.png,8,8,8,8,OK,,,,
04576.png,4,4,4,4,OK,,,,
04577.png,13,13,13,13,OK,,,,
04578.png,7,7,7,7,OK,,,,
04579.png,30,30,30,30,OK,,,,
04580.png,5,5,5,5,OK,,,,
04581.png,15,15,15,15,OK,,,,
04582.png,12,12,12,12,OK,,,,
04583.png,17,17,17,17,OK,,,,
04584.png,1,1,1,1,OK,,,,
04585.png,27,27,27,27,OK,,,,
04586.png,7,7,7,7,OK,,,,
04587.png,24,24,24,24,OK,,,,
04588.png,3,5,3,3,KO,,,,
04589.png,3,3,3,3,OK,,,,
04590.png,10,10,10,10,OK,,,,
04591.png,26,26,26,26,OK,,,,
04592.png,38,38,38,38,OK,,,,
04593.png,10,10,10,10,OK,,,,
04594.png,12,12,12,12,OK,,,,
04595.png,2,2,2,2,OK,,,,
04596.png,10,10,10,10,OK,,,,
04597.png,3,3,3,3,OK,,,,
04598.png,5,5,5,5,OK,,,,
04599.png,1,1,1,1,OK,,,,
04600.png,12,12,12,12,OK,,,,
04601.png,4,4,4,4,OK,,,,
04602.png,29,29,29,29,OK,,,,
04603.png,34,34,34,34,OK,,,,
04604.png,1,1,1,1,OK,,,,
04605.png,0,0,0,0,OK,,,,
04606.png,4,4,4,4,OK,,,,
04607.png,35,35,35,35,OK,,,,
04608.png,4,4,4,4,OK,,,,
04609.png,5,5,5,5,OK,,,,
04610.png,13,13,13,13,OK,,,,
04611.png,33,33,33,33,OK,,,,
04612.png,37,37,37,37,OK,,,,
04613.png,37,37,37,37,OK,,,,
04614.png,38,38,38,38,OK,,,,
04615.png,33,33,33,33,OK,,,,
04616.png,38,38,38,38,OK,,,,
04617.png,21,21,21,21,OK,,,,
04618.png,31,31,31,31,OK,,,,
04619.png,11,11,11,11,OK,,,,
04620.png,19,19,19,19,OK,,,,
04621.png,38,38,38,38,OK,,,,
04622.png,4,4,4,4,OK,,,,
04623.png,12,12,12,12,OK,,,,
04624.png,8,8,8,8,OK,,,,
04625.png,24,24,24,24,OK,,,,
04626.png,12,12,12,12,OK,,,,
04627.png,2,2,2,2,OK,,,,
04628.png,13,13,13,13,OK,,,,
04629.png,7,7,7,7,OK,,,,
04630.png,7,7,7,7,OK,,,,
04631.png,1,1,1,1,OK,,,,
04632.png,9,9,9,9,OK,,,,
04633.png,38,38,38,38,OK,,,,
04634.png,26,26,26,26,OK,,,,
04635.png,20,20,20,20,OK,,,,
04636.png,33,33,33,33,OK,,,,
04637.png,35,35,35,35,OK,,,,
04638.png,25,25,25,25,OK,,,,
04640.png,8,8,8,8,OK,,,,
04641.png,2,2,2,2,OK,,,,
04643.png,19,19,19,19,OK,,,,
04644.png,5,5,5,5,OK,,,,
04645.png,39,39,39,39,OK,,,,
04646.png,2,2,2,2,OK,,,,
04647.png,4,4,4,4,OK,,,,
04648.png,35,35,35,35,OK,,,,
04649.png,12,12,12,12,OK,,,,
04650.png,4,4,4,4,OK,,,,
04651.png,10,10,10,10,OK,,,,
04652.png,25,25,25,25,OK,,,,
04653.png,8,8,8,8,OK,,,,
04654.png,4,4,4,4,OK,,,,
04655.png,4,4,4,4,OK,,,,
04656.png,38,38,38,38,OK,,,,
04657.png,1,1,1,1,OK,,,,
04658.png,37,35,37,37,KO,,,,
04659.png,5,5,5,5,OK,,,,
04660.png,10,10,10,10,OK,,,,
04661.png,1,1,1,1,OK,,,,
04662.png,6,6,6,6,OK,,,,
04663.png,6,6,6,6,OK,,,,
04664.png,38,38,38,38,OK,,,,
04665.png,12,12,12,12,OK,,,,
04666.png,33,33,33,33,OK,,,,
04667.png,40,40,40,40,OK,,,,
04668.png,1,1,1,1,OK,,,,
04669.png,10,10,10,10,OK,,,,
04670.png,4,4,4,4,OK,,,,
04671.png,25,25,25,25,OK,,,,
04672.png,18,18,18,18,OK,,,,
04673.png,4,4,4,4,OK,,,,
04674.png,9,9,9,9,OK,,,,
04675.png,39,39,39,39,OK,,,,
04676.png,10,10,10,10,OK,,,,
04677.png,7,7,7,7,OK,,,,
04678.png,6,6,6,6,OK,,,,
04679.png,7,7,7,7,OK,,,,
04680.png,1,1,1,1,OK,,,,
04681.png,10,10,10,10,OK,,,,
04682.png,12,12,12,12,OK,,,,
04683.png,13,13,13,13,OK,,,,
04684.png,2,2,2,2,OK,,,,
04685.png,2,2,2,2,OK,,,,
04686.png,22,22,22,22,OK,,,,
04687.png,6,6,6,6,OK,,,,
04688.png,10,10,10,10,OK,,,,
04689.png,11,11,11,11,OK,,,,
04690.png,12,12,12,12,OK,,,,
04691.png,21,21,21,21,OK,,,,
04692.png,11,11,11,11,OK,,,,
04693.png,38,38,38,38,OK,,,,
04694.png,5,5,5,5,OK,,,,
04695.png,4,4,4,4,OK,,,,
04696.png,31,31,31,31,OK,,,,
04697.png,27,27,27,27,OK,,,,
04698.png,26,26,26,26,OK,,,,
04699.png,26,26,26,26,OK,,,,
04700.png,33,33,33,33,OK,,,,
04701.png,4,4,4,4,OK,,,,
04702.png,25,25,25,25,OK,,,,
04703.png,7,7,7,7,OK,,,,
04704.png,1,1,1,1,OK,,,,
04705.png,2,2,2,2,OK,,,,
04706.png,39,39,39,39,OK,,,,
04707.png,38,38,38,38,OK,,,,
04708.png,38,38,38,38,OK,,,,
04709.png,40,40,40,40,OK,,,,
04710.png,38,38,38,38,OK,,,,
04711.png,3,3,3,3,OK,,,,
04712.png,5,5,5,5,OK,,,,
04713.png,13,13,13,13,OK,,,,
04714.png,11,11,11,11,OK,,,,
04715.png,16,16,16,16,OK,,,,
04716.png,7,7,7,7,OK,,,,
04717.png,36,36,36,36,OK,,,,
04718.png,22,22,22,22,OK,,,,
04719.png,14,14,14,14,OK,,,,
04720.png,7,7,7,7,OK,,,,
04721.png,3,3,3,3,OK,,,,
04722.png,4,4,4,4,OK,,,,
04723.png,4,4,4,4,OK,,,,
04724.png,25,25,25,25,OK,,,,
04725.png,26,26,26,26,OK,,,,
04726.png,0,0,0,0,OK,,,,
04727.png,18,18,18,18,OK,,,,
04728.png,5,5,5,5,OK,,,,
04729.png,9,9,9,9,OK,,,,
04730.png,3,3,3,3,OK,,,,
04731.png,21,21,21,21,OK,,,,
04732.png,19,19,19,19,OK,,,,
04733.png,12,12,12,12,OK,,,,
04734.png,1,1,1,1,OK,,,,
04735.png,1,1,1,1,OK,,,,
04736.png,7,7,7,7,OK,,,,
04737.png,14,14,14,14,OK,,,,
04738.png,7,7,7,7,OK,,,,
04739.png,7,7,7,7,OK,,,,
04740.png,13,13,13,13,OK,,,,
04741.png,4,4,4,4,OK,,,,
04742.png,13,13,13,13,OK,,,,
04743.png,18,18,18,18,OK,,,,
04744.png,4,4,4,4,OK,,,,
04745.png,38,38,38,38,OK,,,,
04746.png,12,12,12,12,OK,,,,
04747.png,12,12,12,12,OK,,,,
04748.png,13,13,13,13,OK,,,,
04749.png,2,2,2,2,OK,,,,
04750.png,17,17,17,17,OK,,,,
04751.png,17,17,17,17,OK,,,,
04752.png,1,1,1,1,OK,,,,
04753.png,26,26,26,26,OK,,,,
04754.png,19,19,19,19,OK,,,,
04755.png,7,7,7,7,OK,,,,
04756.png,18,18,18,18,OK,,,,
04757.png,14,14,14,14,OK,,,,
04758.png,4,4,4,4,OK,,,,
04759.png,1,1,1,1,OK,,,,
04760.png,7,7,7,7,OK,,,,
04761.png,8,8,8,8,OK,,,,
04762.png,20,20,20,20,OK,,,,
04763.png,10,10,10,10,OK,,,,
04764.png,16,16,16,16,OK,,,,
04766.png,5,5,5,5,OK,,,,
04767.png,17,17,17,17,OK,,,,
04768.png,25,25,25,25,OK,,,,
04769.png,12,12,12,12,OK,,,,
04770.png,38,38,38,38,OK,,,,
04771.png,3,3,3,3,OK,,,,
04773.png,13,13,13,13,OK,,,,
04774.png,31,31,31,31,OK,,,,
04775.png,36,36,36,36,OK,,,,
04776.png,13,13,13,13,OK,,,,
04777.png,15,15,15,15,OK,,,,
04778.png,38,38,38,38,OK,,,,
04779.png,25,25,25,25,OK,,,,
04780.png,18,18,18,18,OK,,,,
04781.png,4,4,4,4,OK,,,,
04782.png,11,11,11,11,OK,,,,
04783.png,25,25,25,25,OK,,,,
04784.png,2,2,2,2,OK,,,,
04785.png,38,38,38,38,OK,,,,
04786.png,23,23,23,23,OK,,,,
04787.png,8,8,8,8,OK,,,,
04788.png,10,10,10,10,OK,,,,
04789.png,7,7,7,7,OK,,,,
04790.png,15,15,15,15,OK,,,,
04791.png,31,31,31,31,OK,,,,
04792.png,4,4,4,4,OK,,,,
04793.png,39,39,39,39,OK,,,,
04794.png,25,25,25,25,OK,,,,
04795.png,0,0,0,0,OK,,,,
04796.png,25,25,25,25,OK,,,,
04797.png,17,17,17,17,OK,,,,
04798.png,38,38,38,38,OK,,,,
04799.png,16,16,16,16,OK,,,,
04800.png,10,10,10,10,OK,,,,
04801.png,1,1,1,1,OK,,,,
04802.png,7,7,7,7,OK,,,,
04803.png,4,4,4,4,OK,,,,
04804.png,17,17,17,17,OK,,,,
04805.png,10,10,10,10,OK,,,,
04806.png,9,9,9,9,OK,,,,
04807.png,25,25,25,25,OK,,,,
04808.png,4,4,4,4,OK,,,,
04809.png,17,17,17,17,OK,,,,
04810.png,13,13,13,13,OK,,,,
04811.png,18,18,18,18,OK,,,,
04812.png,5,5,5,5,OK,,,,
04813.png,5,5,5,5,OK,,,,
04814.png,5,5,5,5,OK,,,,
04815.png,10,10,10,10,OK,,,,
04816.png,25,25,25,25,OK,,,,
04817.png,7,7,7,7,OK,,,,
04818.png,10,10,10,10,OK,,,,
04819.png,11,11,11,11,OK,,,,
04820.png,11,11,11,11,OK,,,,
04821.png,42,42,42,42,OK,,,,
04822.png,13,13,13,13,OK,,,,
04823.png,2,2,2,2,OK,,,,
04824.png,4,4,4,4,OK,,,,
04825.png,4,4,4,4,OK,,,,
04826.png,2,2,2,2,OK,,,,
04827.png,22,22,22,22,OK,,,,
04828.png,35,35,35,35,OK,,,,
04829.png,17,17,17,17,OK,,,,
04830.png,4,4,4,4,OK,,,,
04831.png,7,7,7,7,OK,,,,
04832.png,8,8,8,8,OK,,,,
04834.png,7,7,7,7,OK,,,,
04835.png,10,10,10,10,OK,,,,
04836.png,5,5,5,5,OK,,,,
04837.png,10,10,10,10,OK,,,,
04838.png,10,10,10,10,OK,,,,
04839.png,4,4,4,4,OK,,,,
04840.png,5,5,5,5,OK,,,,
04841.png,7,7,7,7,OK,,,,
04842.png,11,11,11,11,OK,,,,
04843.png,3,3,3,3,OK,,,,
04844.png,12,12,12,12,OK,,,,
04845.png,38,38,38,38,OK,,,,
04846.png,13,13,13,13,OK,,,,
04847.png,9,9,9,9,OK,,,,
04848.png,11,11,11,11,OK,,,,
04849.png,29,29,29,29,OK,,,,
04850.png,7,7,7,7,OK,,,,
04851.png,3,3,3,3,OK,,,,
04852.png,2,2,2,2,OK,,,,
04853.png,12,12,12,12,OK,,,,
04854.png,22,22,22,22,OK,,,,
04855.png,10,10,10,10,OK,,,,
04856.png,13,13,13,13,OK,,,,
04857.png,38,38,38,38,OK,,,,
04858.png,7,7,7,7,OK,,,,
04859.png,14,14,14,14,OK,,,,
04860.png,33,33,33,33,OK,,,,
04861.png,3,3,3,3,OK,,,,
04862.png,4,4,4,4,OK,,,,
04863.png,15,15,15,15,OK,,,,
04864.png,1,1,1,1,OK,,,,
04865.png,9,9,9,9,OK,,,,
04866.png,9,9,9,9,OK,,,,
04867.png,11,11,11,11,OK,,,,
04868.png,32,32,32,32,OK,,,,
04869.png,39,39,39,39,OK,,,,
04870.png,38,38,38,38,OK,,,,
04871.png,12,12,12,12,OK,,,,
04872.png,4,4,4,4,OK,,,,
04873.png,3,3,3,3,OK,,,,
04874.png,1,1,1,1,OK,,,,
04875.png,14,14,14,14,OK,,,,
04876.png,15,15,15,15,OK,,,,
04877.png,38,38,38,38,OK,,,,
04878.png,33,33,33,33,OK,,,,
04879.png,27,27,27,27,OK,,,,
04880.png,18,18,18,18,OK,,,,
04881.png,10,10,10,10,OK,,,,
04882.png,13,13,13,13,OK,,,,
04883.png,18,18,18,18,OK,,,,
04884.png,2,2,2,2,OK,,,,
04885.png,31,31,31,31,OK,,,,
04886.png,18,18,18,18,OK,,,,
04887.png,11,11,11,11,OK,,,,
04888.png,1,1,1,1,OK,,,,
04889.png,19,19,19,19,OK,,,,
04890.png,1,1,1,1,OK,,,,
04891.png,38,38,38,38,OK,,,,
04892.png,18,18,18,18,OK,,,,
04893.png,24,24,24,24,OK,,,,
04894.png,3,3,3,3,OK,,,,
04895.png,11,11,11,11,OK,,,,
04896.png,1,1,1,1,OK,,,,
04897.png,4,4,4,4,OK,,,,
04898.png,40,40,40,40,OK,,,,
04899.png,7,7,7,7,OK,,,,
04900.png,25,25,25,25,OK,,,,
04901.png,31,31,31,31,OK,,,,
04902.png,29,29,29,29,OK,,,,
04903.png,7,7,7,7,OK,,,,
04904.png,35,35,35,35,OK,,,,
04905.png,10,10,10,10,OK,,,,
04906.png,5,5,5,5,OK,,,,
04907.png,12,12,12,12,OK,,,,
04909.png,8,8,8,8,OK,,,,
04910.png,13,13,13,13,OK,,,,
04911.png,17,17,17,17,OK,,,,
04912.png,10,10,10,10,OK,,,,
04913.png,14,14,14,14,OK,,,,
04914.png,23,23,23,23,OK,,,,
04915.png,8,8,8,8,OK,,,,
04916.png,17,17,17,17,OK,,,,
04917.png,9,9,9,9,OK,,,,
04918.png,25,25,25,25,OK,,,,
04919.png,1,1,1,1,OK,,,,
04920.png,1,1,1,1,OK,,,,
04921.png,38,38,38,38,OK,,,,
04922.png,12,12,12,12,OK,,,,
04923.png,31,31,31,31,OK,,,,
04924.png,10,10,10,10,OK,,,,
04925.png,31,31,31,31,OK,,,,
04926.png,5,5,5,5,OK,,,,
04927.png,10,10,10,10,OK,,,,
04928.png,2,2,2,2,OK,,,,
04929.png,34,34,34,34,OK,,,,
04930.png,35,35,35,35,OK,,,,
04931.png,11,11,11,11,OK,,,,
04932.png,42,42,42,42,OK,,,,
04933.png,39,39,39,39,OK,,,,
04934.png,8,8,8,8,OK,,,,
04935.png,5,5,5,5,OK,,,,
04936.png,38,38,38,38,OK,,,,
04937.png,7,7,7,7,OK,,,,
04938.png,10,10,10,10,OK,,,,
04939.png,2,2,2,2,OK,,,,
04940.png,9,9,9,9,OK,,,,
04941.png,13,13,13,13,OK,,,,
04942.png,10,10,10,10,OK,,,,
04943.png,14,14,14,14,OK,,,,
04944.png,25,25,25,25,OK,,,,
04945.png,19,19,19,19,OK,,,,
04946.png,5,5,5,5,OK,,,,
04947.png,8,8,8,8,OK,,,,
04948.png,31,31,31,31,OK,,,,
04949.png,13,13,13,13,OK,,,,
04950.png,9,9,9,9,OK,,,,
04951.png,40,40,40,40,OK,,,,
04954.png,18,18,18,18,OK,,,,
04955.png,9,9,9,9,OK,,,,
04956.png,2,2,2,2,OK,,,,
04957.png,17,17,17,17,OK,,,,
04958.png,25,25,25,25,OK,,,,
04959.png,2,2,2,2,OK,,,,
04960.png,7,7,7,7,OK,,,,
04961.png,25,25,25,25,OK,,,,
04962.png,5,5,5,5,OK,,,,
04963.png,12,12,12,12,OK,,,,
04964.png,14,14,14,14,OK,,,,
04965.png,11,11,11,11,OK,,,,
04966.png,39,39,39,39,OK,,,,
04967.png,7,7,7,7,OK,,,,
04968.png,10,10,10,10,OK,,,,
04969.png,13,13,13,13,OK,,,,
04970.png,9,9,9,9,OK,,,,
04971.png,15,15,15,15,OK,,,,
04972.png,7,7,7,7,OK,,,,
04973.png,10,10,10,10,OK,,,,
04974.png,13,13,13,13,OK,,,,
04975.png,35,35,35,35,OK,,,,
04976.png,4,4,4,4,OK,,,,
04977.png,32,32,32,32,OK,,,,
04978.png,23,23,23,23,OK,,,,
04979.png,38,38,38,38,OK,,,,
04980.png,40,40,40,40,OK,,,,
04981.png,35,35,35,35,OK,,,,
04982.png,2,2,2,2,OK,,,,
04983.png,26,12,12,12,KO,,,,
04984.png,2,2,2,2,OK,,,,
04986.png,1,1,1,1,OK,,,,
04987.png,25,25,25,25,OK,,,,
04988.png,1,1,1,1,OK,,,,
04989.png,35,35,35,35,OK,,,,
04990.png,2,2,2,2,OK,,,,
04991.png,39,39,39,39,OK,,,,
04992.png,2,2,2,2,OK,,,,
04993.png,3,3,3,3,OK,,,,
04994.png,4,4,4,4,OK,,,,
04995.png,26,26,26,26,OK,,,,
04996.png,12,12,12,12,OK,,,,
04997.png,4,4,4,4,OK,,,,
04998.png,3,3,3,3,OK,,,,
04999.png,35,35,35,35,OK,,,,
05001.png,14,14,14,14,OK,,,,
05002.png,18,18,18,18,OK,,,,
05003.png,1,1,1,1,OK,,,,
05004.png,5,5,5,5,OK,,,,
05005.png,13,13,13,13,OK,,,,
05006.png,1,1,1,1,OK,,,,
05007.png,2,2,2,2,OK,,,,
05008.png,35,35,35,35,OK,,,,
05009.png,9,9,9,9,OK,,,,
05010.png,29,29,29,29,OK,,,,
05011.png,1,1,1,1,OK,,,,
05012.png,38,38,38,38,OK,,,,
05013.png,18,18,18,18,OK,,,,
05014.png,3,3,3,3,OK,,,,
05015.png,3,3,3,3,OK,,,,
05016.png,4,4,4,4,OK,,,,
05017.png,17,17,17,17,OK,,,,
05018.png,12,12,12,12,OK,,,,
05021.png,33,33,33,33,OK,,,,
05022.png,42,42,42,42,OK,,,,
05023.png,25,25,25,25,OK,,,,
05024.png,13,13,13,13,OK,,,,
05025.png,9,9,9,9,OK,,,,
05026.png,18,18,18,18,OK,,,,
05027.png,6,6,6,6,OK,,,,
05028.png,2,2,2,2,OK,,,,
05029.png,3,3,3,3,OK,,,,
05030.png,13,13,13,13,OK,,,,
05031.png,11,11,11,11,OK,,,,
05032.png,38,38,38,38,OK,,,,
05033.png,18,18,18,18,OK,,,,
05034.png,3,3,3,3,OK,,,,
05035.png,12,12,12,12,OK,,,,
05036.png,32,32,32,32,OK,,,,
05037.png,13,13,13,13,OK,,,,
05038.png,2,2,2,2,OK,,,,
05039.png,35,35,35,35,OK,,,,
05040.png,13,13,13,13,OK,,,,
05041.png,5,5,5,5,OK,,,,
05042.png,10,10,10,10,OK,,,,
05043.png,27,27,27,27,OK,,,,
05044.png,35,35,35,35,OK,,,,
05045.png,17,17,17,17,OK,,,,
05046.png,1,1,1,1,OK,,,,
05047.png,29,29,29,29,OK,,,,
05048.png,35,35,35,35,OK,,,,
05049.png,2,2,2,2,OK,,,,
05050.png,25,25,25,25,OK,,,,
05051.png,14,14,14,14,OK,,,,
05052.png,8,8,8,8,OK,,,,
05053.png,2,2,2,2,OK,,,,
05054.png,14,14,14,14,OK,,,,
05055.png,38,38,38,38,OK,,,,
05056.png,8,8,8,8,OK,,,,
05057.png,27,27,27,27,OK,,,,
05058.png,9,9,9,9,OK,,,,
05059.png,10,10,10,10,OK,,,,
05060.png,3,3,3,3,OK,,,,
05061.png,13,13,13,13,OK,,,,
05062.png,38,38,38,38,OK,,,,
05063.png,36,36,36,36,OK,,,,
05064.png,11,11,11,11,OK,,,,
05065.png,13,13,13,13,OK,,,,
05066.png,24,24,24,24,OK,,,,
05067.png,10,10,10,10,OK,,,,
05068.png,19,19,19,19,OK,,,,
05069.png,25,25,25,25,OK,,,,
05070.png,10,10,10,10,OK,,,,
05071.png,11,11,11,11,OK,,,,
05073.png,13,13,13,13,OK,,,,
05075.png,15,15,15,15,OK,,,,
05076.png,1,1,1,1,OK,,,,
05078.png,12,12,12,12,OK,,,,
05079.png,4,4,4,4,OK,,,,
05080.png,14,14,14,14,OK,,,,
05081.png,10,10,10,10,OK,,,,
05082.png,10,10,10,10,OK,,,,
05083.png,12,12,12,12,OK,,,,
05084.png,5,5,5,5,OK,,,,
05085.png,2,2,2,2,OK,,,,
05086.png,13,13,13,13,OK,,,,
05087.png,1,1,1,1,OK,,,,
05088.png,13,13,13,13,OK,,,,
05089.png,9,9,9,9,OK,,,,
05090.png,9,9,9,9,OK,,,,
05091.png,2,2,2,2,OK,,,,
05092.png,10,10,10,10,OK,,,,
05093.png,23,23,23,23,OK,,,,
05094.png,10,10,10,10,OK,,,,
05095.png,25,22,22,25,KO,,,,
05096.png,13,13,13,13,OK,,,,
05097.png,2,2,2,2,OK,,,,
05098.png,1,1,1,1,OK,,,,
05099.png,7,7,7,7,OK,,,,
05100.png,5,5,5,5,OK,,,,
05101.png,18,18,18,18,OK,,,,
05102.png,12,12,12,12,OK,,,,
05103.png,5,5,5,5,OK,,,,
05104.png,2,2,2,2,OK,,,,
05105.png,25,25,25,25,OK,,,,
05106.png,1,1,1,1,OK,,,,
05107.png,38,38,38,38,OK,,,,
05108.png,35,35,35,35,OK,,,,
05109.png,25,25,25,25,OK,,,,
05110.png,38,38,38,38,OK,,,,
05111.png,1,1,1,1,OK,,,,
05112.png,14,14,14,14,OK,,,,
05113.png,5,5,5,5,OK,,,,
05114.png,35,35,35,35,OK,,,,
05115.png,14,14,14,14,OK,,,,
05116.png,15,15,15,15,OK,,,,
05117.png,15,15,15,15,OK,,,,
05118.png,4,4,4,4,OK,,,,
05119.png,9,9,9,9,OK,,,,
05120.png,10,10,10,10,OK,,,,
05121.png,1,1,1,1,OK,,,,
05122.png,1,1,1,1,OK,,,,
05123.png,38,38,38,38,OK,,,,
05124.png,12,12,12,12,OK,,,,
05125.png,39,39,39,39,OK,,,,
05126.png,12,12,12,12,OK,,,,
05127.png,40,40,40,40,OK,,,,
05129.png,15,15,15,15,OK,,,,
05130.png,18,18,18,18,OK,,,,
05131.png,17,17,17,17,OK,,,,
05132.png,39,39,39,39,OK,,,,
05133.png,5,5,5,5,OK,,,,
05134.png,25,25,25,25,OK,,,,
05135.png,3,3,3,3,OK,,,,
05136.png,3,3,3,3,OK,,,,
05137.png,25,25,25,25,OK,,,,
05138.png,38,38,38,38,OK,,,,
05139.png,2,2,2,2,OK,,,,
05140.png,13,13,13,13,OK,,,,
05141.png,12,12,12,12,OK,,,,
05142.png,14,14,14,14,OK,,,,
05143.png,13,13,13,13,OK,,,,
05144.png,38,38,38,38,OK,,,,
05145.png,4,4,4,4,OK,,,,
05146.png,10,10,10,10,OK,,,,
05147.png,38,38,38,38,OK,,,,
05148.png,2,2,2,2,OK,,,,
05149.png,18,18,31,31,KO,,,,
05150.png,4,4,4,4,OK,,,,
05151.png,25,25,25,25,OK,,,,
05152.png,18,18,18,18,OK,,,,
05153.png,2,2,2,2,OK,,,,
05154.png,3,3,3,3,OK,,,,
05155.png,13,13,13,13,OK,,,,
05157.png,5,5,5,5,OK,,,,
05158.png,38,38,38,38,OK,,,,
05159.png,4,4,4,4,OK,,,,
05160.png,34,34,34,34,OK,,,,
05161.png,5,5,5,5,OK,,,,
05162.png,11,11,11,11,OK,,,,
05163.png,11,11,11,11,OK,,,,
05164.png,18,18,18,18,OK,,,,
05166.png,17,17,17,17,OK,,,,
05167.png,1,1,1,1,OK,,,,
05168.png,10,10,10,10,OK,,,,
05169.png,12,12,12,12,OK,,,,
05170.png,3,3,3,3,OK,,,,
05171.png,38,38,38,38,OK,,,,
05172.png,23,23,23,23,OK,,,,
05173.png,13,13,13,13,OK,,,,
05174.png,4,4,4,4,OK,,,,
05177.png,8,8,8,8,OK,,,,
05178.png,4,4,4,4,OK,,,,
05179.png,13,13,13,13,OK,,,,
05180.png,18,18,18,18,OK,,,,
05181.png,38,38,38,38,OK,,,,
05182.png,26,12,13,12,KO,,,,
05183.png,35,35,35,35,OK,,,,
05184.png,7,7,7,7,OK,,,,
05185.png,10,10,10,10,OK,,,,
05186.png,7,7,7,7,OK,,,,
05187.png,1,1,1,1,OK,,,,
05188.png,4,4,4,4,OK,,,,
05189.png,20,20,20,20,OK,,,,
05190.png,14,14,14,14,OK,,,,
05191.png,13,13,13,13,OK,,,,
05192.png,2,2,2,2,OK,,,,
05193.png,17,14,17,17,KO,,,,
05194.png,13,13,13,13,OK,,,,
05195.png,36,36,36,36,OK,,,,
05196.png,1,1,1,1,OK,,,,
05197.png,38,38,38,38,OK,,,,
05198.png,3,3,3,3,OK,,,,
05199.png,13,13,13,13,OK,,,,
05200.png,35,35,35,35,OK,,,,
05201.png,2,2,2,2,OK,,,,
05202.png,18,18,18,18,OK,,,,
05203.png,13,13,13,13,OK,,,,
05204.png,12,12,12,12,OK,,,,
05205.png,2,2,2,2,OK,,,,
05206.png,1,1,1,1,OK,,,,
05207.png,11,11,11,11,OK,,,,
05208.png,5,5,5,5,OK,,,,
05209.png,13,13,13,13,OK,,,,
05210.png,10,10,10,10,OK,,,,
05211.png,38,38,38,38,OK,,,,
05212.png,25,25,25,25,OK,,,,
05213.png,14,14,14,14,OK,,,,
05214.png,5,5,5,5,OK,,,,
05215.png,1,1,1,1,OK,,,,
05216.png,9,9,9,9,OK,,,,
05217.png,17,17,17,17,OK,,,,
05218.png,40,40,40,40,OK,,,,
05219.png,12,12,12,12,OK,,,,
05220.png,4,4,4,4,OK,,,,
05221.png,31,31,31,31,OK,,,,
05222.png,40,40,40,40,OK,,,,
05224.png,2,2,2,2,OK,,,,
05225.png,6,6,6,6,OK,,,,
05226.png,1,1,1,1,OK,,,,
05227.png,11,11,11,11,OK,,,,
05229.png,35,35,35,35,OK,,,,
05230.png,9,9,9,9,OK,,,,
05231.png,3,3,3,3,OK,,,,
05232.png,14,14,14,14,OK,,,,
05233.png,27,27,27,27,OK,,,,
05234.png,38,38,38,38,OK,,,,
05235.png,5,5,5,5,OK,,,,
05236.png,4,4,4,4,OK,,,,
05237.png,2,2,2,2,OK,,,,
05238.png,38,38,38,38,OK,,,,
05239.png,18,18,18,18,OK,,,,
05240.png,4,4,4,4,OK,,,,
05241.png,38,38,38,38,OK,,,,
05242.png,38,38,38,38,OK,,,,
05243.png,3,3,3,3,OK,,,,
05244.png,12,12,12,12,OK,,,,
05245.png,1,1,1,1,OK,,,,
05246.png,20,20,20,20,OK,,,,
05247.png,5,5,5,5,OK,,,,
05248.png,40,40,40,40,OK,,,,
05249.png,2,2,2,2,OK,,,,
05250.png,38,38,38,38,OK,,,,
05252.png,1,1,1,1,OK,,,,
05253.png,12,12,12,12,OK,,,,
05254.png,5,5,5,5,OK,,,,
05255.png,3,3,3,3,OK,,,,
05256.png,4,4,4,4,OK,,,,
05257.png,15,15,15,15,OK,,,,
05258.png,13,13,13,13,OK,,,,
05259.png,38,38,38,38,OK,,,,
05260.png,1,1,1,1,OK,,,,
05261.png,38,38,38,38,OK,,,,
05262.png,3,3,3,3,OK,,,,
05263.png,2,2,2,2,OK,,,,
05264.png,10,10,10,10,OK,,,,
05265.png,1,1,1,1,OK,,,,
05266.png,38,38,38,38,OK,,,,
05267.png,13,13,13,13,OK,,,,
05268.png,18,18,18,18,OK,,,,
05269.png,1,1,1,1,OK,,,,
05270.png,5,5,5,5,OK,,,,
05271.png,23,23,23,23,OK,,,,
05272.png,1,1,1,1,OK,,,,
05273.png,4,4,4,4,OK,,,,
05274.png,31,31,31,31,OK,,,,
05275.png,12,12,12,12,OK,,,,
05276.png,12,12,12,12,OK,,,,
05277.png,25,25,25,25,OK,,,,
05278.png,5,5,5,5,OK,,,,
05279.png,4,4,4,4,OK,,,,
05281.png,25,25,25,25,OK,,,,
05282.png,7,7,7,7,OK,,,,
05283.png,38,38,38,38,OK,,,,
05284.png,17,17,17,17,OK,,,,
05285.png,12,12,12,12,OK,,,,
05286.png,10,10,10,10,OK,,,,
05287.png,13,13,13,13,OK,,,,
05288.png,15,15,15,15,OK,,,,
05289.png,23,23,23,23,OK,,,,
05290.png,18,18,18,18,OK,,,,
05291.png,25,25,25,25,OK,,,,
05292.png,34,34,34,34,OK,,,,
05293.png,20,20,20,20,OK,,,,
05294.png,11,11,11,11,OK,,,,
05295.png,20,20,20,20,OK,,,,
05296.png,23,23,23,23,OK,,,,
05297.png,12,12,12,12,OK,,,,
05298.png,26,13,13,13,KO,,,,
05299.png,36,36,36,36,OK,,,,
05300.png,18,18,18,18,OK,,,,
05301.png,11,11,11,11,OK,,,,
05302.png,33,33,33,33,OK,,,,
05303.png,7,7,7,7,OK,,,,
05304.png,17,17,17,17,OK,,,,
05305.png,10,10,10,10,OK,,,,
05306.png,38,38,38,38,OK,,,,
05307.png,2,2,2,2,OK,,,,
05308.png,2,2,2,2,OK,,,,
05309.png,6,6,6,6,OK,,,,
05310.png,13,13,13,13,OK,,,,
05311.png,14,14,14,14,OK,,,,
05312.png,1,1,1,1,OK,,,,
05314.png,35,35,35,35,OK,,,,
05315.png,38,38,38,38,OK,,,,
05316.png,11,11,11,11,OK,,,,
05317.png,35,35,35,35,OK,,,,
05318.png,18,18,18,18,OK,,,,
05319.png,18,18,18,18,OK,,,,
05320.png,15,15,15,15,OK,,,,
05321.png,2,2,2,2,OK,,,,
05322.png,3,3,3,3,OK,,,,
05323.png,13,13,13,13,OK,,,,
05324.png,8,8,8,8,OK,,,,
05325.png,31,31,31,31,OK,,,,
05326.png,4,4,4,4,OK,,,,
05327.png,18,18,18,18,OK,,,,
05328.png,13,13,13,13,OK,,,,
05329.png,25,25,25,25,OK,,,,
05330.png,2,2,2,2,OK,,,,
05331.png,25,25,25,25,OK,,,,
05332.png,25,25,25,25,OK,,,,
05333.png,1,1,1,1,OK,,,,
05334.png,8,8,8,8,OK,,,,
05335.png,31,31,31,31,OK,,,,
05336.png,40,40,40,40,OK,,,,
05337.png,22,22,22,25,KO,,,,
05338.png,31,31,31,31,OK,,,,
05339.png,9,9,9,9,OK,,,,
05340.png,25,25,25,25,OK,,,,
05341.png,25,25,25,25,OK,,,,
05342.png,24,24,24,24,OK,,,,
05343.png,1,1,1,1,OK,,,,
05344.png,4,4,4,4,OK,,,,
05345.png,12,12,12,12,OK,,,,
05346.png,33,33,33,33,OK,,,,
05347.png,5,5,5,5,OK,,,,
05348.png,4,4,4,4,OK,,,,
05350.png,1,1,1,1,OK,,,,
05351.png,9,9,9,9,OK,,,,
05352.png,30,30,30,30,OK,,,,
05353.png,4,4,4,4,OK,,,,
05354.png,33,33,33,33,OK,,,,
05356.png,4,4,4,4,OK,,,,
05357.png,17,17,17,17,OK,,,,
05358.png,4,4,4,4,OK,,,,
05359.png,40,40,40,40,OK,,,,
05360.png,4,4,4,4,OK,,,,
05361.png,5,5,5,5,OK,,,,
05362.png,3,3,3,3,OK,,,,
05364.png,6,6,6,6,OK,,,,
05365.png,34,34,34,34,OK,,,,
05366.png,13,13,13,13,OK,,,,
05367.png,14,14,14,14,OK,,,,
05368.png,1,1,1,1,OK,,,,
05369.png,40,40,40,40,OK,,,,
05370.png,5,5,5,5,OK,,,,
05371.png,3,3,3,3,OK,,,,
05372.png,1,1,1,1,OK,,,,
05373.png,1,1,1,1,OK,,,,
05374.png,9,9,9,9,OK,,,,
05375.png,5,5,5,5,OK,,,,
05376.png,12,12,12,12,OK,,,,
05377.png,15,15,15,15,OK,,,,
05378.png,13,13,13,13,OK,,,,
05379.png,24,24,24,24,OK,,,,
05380.png,15,15,15,15,OK,,,,
05381.png,20,20,20,20,OK,,,,
05382.png,2,2,2,2,OK,,,,
05384.png,9,9,9,9,OK,,,,
05385.png,7,7,7,7,OK,,,,
05386.png,35,35,35,35,OK,,,,
05387.png,10,10,10,10,OK,,,,
05388.png,14,14,14,14,OK,,,,
05389.png,17,17,17,17,OK,,,,
05390.png,15,15,15,15,OK,,,,
05391.png,2,2,2,2,OK,,,,
05392.png,2,2,2,2,OK,,,,
05393.png,18,18,18,18,OK,,,,
05395.png,7,7,7,7,OK,,,,
05396.png,8,8,8,8,OK,,,,
05397.png,35,35,35,35,OK,,,,
05398.png,12,12,12,12,OK,,,,
05399.png,9,9,9,9,OK,,,,
05401.png,13,13,13,13,OK,,,,
05402.png,13,13,13,13,OK,,,,
05404.png,20,20,20,20,OK,,,,
05405.png,21,21,21,21,OK,,,,
05406.png,34,34,34,34,OK,,,,
05407.png,14,14,14,14,OK,,,,
05408.png,12,12,12,12,OK,,,,
05409.png,38,38,38,38,OK,,,,
05410.png,4,4,4,4,OK,,,,
05411.png,18,18,18,18,OK,,,,
05412.png,13,13,13,13,OK,,,,
05413.png,18,18,18,18,OK,,,,
05414.png,4,4,4,4,OK,,,,
05415.png,12,12,12,12,OK,,,,
05416.png,11,11,11,11,OK,,,,
05417.png,12,12,12,12,OK,,,,
05418.png,15,15,15,15,OK,,,,
05419.png,12,12,12,12,OK,,,,
05420.png,37,37,37,37,OK,,,,
05421.png,7,7,7,7,OK,,,,
05422.png,31,31,31,31,OK,,,,
05423.png,15,15,15,15,OK,,,,
05424.png,14,14,14,14,OK,,,,
05425.png,9,9,9,9,OK,,,,
05426.png,36,36,36,36,OK,,,,
05427.png,38,38,38,38,OK,,,,
05428.png,5,5,5,5,OK,,,,
05429.png,13,13,13,13,OK,,,,
05430.png,31,31,31,31,OK,,,,
05431.png,12,12,12,12,OK,,,,
05432.png,8,8,8,8,OK,,,,
05433.png,11,11,11,11,OK,,,,
05434.png,4,4,4,4,OK,,,,
05435.png,11,11,11,11,OK,,,,
05436.png,38,38,38,38,OK,,,,
05437.png,10,10,10,10,OK,,,,
05438.png,38,38,38,38,OK,,,,
05439.png,1,1,1,1,OK,,,,
05440.png,12,12,12,12,OK,,,,
05441.png,6,6,6,6,OK,,,,
05442.png,4,4,4,4,OK,,,,
05443.png,11,11,11,11,OK,,,,
05445.png,20,20,20,20,OK,,,,
05446.png,9,9,9,9,OK,,,,
05447.png,10,10,10,10,OK,,,,
05448.png,15,15,15,15,OK,,,,
05449.png,10,10,10,10,OK,,,,
05450.png,35,35,35,35,OK,,,,
05451.png,15,15,15,15,OK,,,,
05452.png,38,38,38,38,OK,,,,
05453.png,8,8,8,8,OK,,,,
05454.png,5,5,5,5,OK,,,,
05456.png,11,11,11,11,OK,,,,
05457.png,13,13,13,13,OK,,,,
05458.png,12,12,12,12,OK,,,,
05460.png,8,8,8,8,OK,,,,
05461.png,3,3,3,3,OK,,,,
05462.png,4,4,4,4,OK,,,,
05463.png,13,13,13,13,OK,,,,
05465.png,34,34,34,34,OK,,,,
05466.png,36,36,36,36,OK,,,,
05467.png,10,10,10,10,OK,,,,
05468.png,2,2,2,2,OK,,,,
05469.png,8,8,8,8,OK,,,,
05470.png,22,22,22,22,OK,,,,
05471.png,11,11,11,11,OK,,,,
05472.png,25,25,25,25,OK,,,,
05473.png,2,2,2,2,OK,,,,
05474.png,38,38,38,38,OK,,,,
05475.png,4,4,4,4,OK,,,,
05476.png,11,11,11,11,OK,,,,
05477.png,13,13,13,13,OK,,,,
05478.png,21,21,21,21,OK,,,,
05479.png,15,15,15,15,OK,,,,
05480.png,10,10,10,10,OK,,,,
05481.png,5,5,5,5,OK,,,,
05482.png,15,15,15,15,OK,,,,
05483.png,7,7,7,7,OK,,,,
05484.png,38,38,38,38,OK,,,,
05485.png,5,5,5,5,OK,,,,
05486.png,10,10,10,10,OK,,,,
05487.png,12,12,12,12,OK,,,,
05488.png,10,10,10,10,OK,,,,
05489.png,35,35,35,35,OK,,,,
05490.png,40,40,40,40,OK,,,,
05491.png,3,3,3,3,OK,,,,
05492.png,8,8,8,8,OK,,,,
05493.png,38,38,38,38,OK,,,,
05494.png,2,2,2,2,OK,,,,
05495.png,38,38,38,38,OK,,,,
05497.png,31,31,31,31,OK,,,,
05499.png,33,33,33,33,OK,,,,
05500.png,17,17,17,17,OK,,,,
05501.png,10,10,10,10,OK,,,,
05502.png,2,2,2,2,OK,,,,
05504.png,11,11,11,11,OK,,,,
05505.png,38,38,38,38,OK,,,,
05506.png,38,38,38,38,OK,,,,
05507.png,25,25,25,25,OK,,,,
05508.png,13,13,13,13,OK,,,,
05510.png,38,38,38,38,OK,,,,
05511.png,7,7,7,7,OK,,,,
05512.png,13,13,13,13,OK,,,,
05513.png,4,4,4,4,OK,,,,
05514.png,38,38,38,38,OK,,,,
05515.png,19,19,19,19,OK,,,,
05516.png,35,35,35,35,OK,,,,
05517.png,17,17,17,17,OK,,,,
05518.png,27,27,27,25,KO,,,,
05521.png,6,41,6,6,KO,,,,
05522.png,38,38,38,38,OK,,,,
05523.png,31,31,31,31,OK,,,,
05524.png,31,31,31,31,OK,,,,
05525.png,2,2,2,2,OK,,,,
05526.png,11,11,11,11,OK,,,,
05527.png,32,32,32,32,OK,,,,
05528.png,37,37,37,37,OK,,,,
05529.png,26,12,12,12,KO,,,,
05530.png,9,9,9,9,OK,,,,
05531.png,7,7,7,7,OK,,,,
05532.png,17,17,17,17,OK,,,,
05533.png,38,38,38,38,OK,,,,
05534.png,7,7,7,7,OK,,,,
05535.png,14,14,14,14,OK,,,,
05536.png,2,2,2,2,OK,,,,
05537.png,1,1,1,1,OK,,,,
05538.png,11,11,11,11,OK,,,,
05539.png,1,1,1,1,OK,,,,
05540.png,29,29,29,29,OK,,,,
05541.png,11,11,11,11,OK,,,,
05542.png,5,5,5,5,OK,,,,
05543.png,14,14,14,14,OK,,,,
05544.png,9,9,9,9,OK,,,,
05545.png,38,38,38,38,OK,,,,
05546.png,10,10,10,10,OK,,,,
05547.png,25,25,25,25,OK,,,,
05549.png,17,17,17,17,OK,,,,
05550.png,10,10,10,10,OK,,,,
05551.png,1,1,1,1,OK,,,,
05552.png,13,13,13,13,OK,,,,
05553.png,9,9,9,9,OK,,,,
05554.png,11,11,11,11,OK,,,,
05555.png,39,39,39,39,OK,,,,
05556.png,18,18,18,18,OK,,,,
05557.png,25,25,25,25,OK,,,,
05558.png,33,33,33,33,OK,,,,
05559.png,13,13,13,13,OK,,,,
05560.png,7,7,7,7,OK,,,,
05561.png,12,12,12,12,OK,,,,
05563.png,10,10,10,10,OK,,,,
05564.png,8,8,8,8,OK,,,,
05565.png,5,8,8,8,KO,,,,
05566.png,38,38,38,38,OK,,,,
05567.png,12,12,12,12,OK,,,,
05568.png,32,32,32,32,OK,,,,
05569.png,8,8,8,8,OK,,,,
05570.png,13,13,13,13,OK,,,,
05571.png,38,38,38,38,OK,,,,
05572.png,7,7,7,7,OK,,,,
05573.png,7,7,7,7,OK,,,,
05574.png,18,18,18,18,OK,,,,
05575.png,15,15,15,15,OK,,,,
05576.png,4,4,4,4,OK,,,,
05577.png,18,18,18,18,OK,,,,
05578.png,33,33,33,33,OK,,,,
05579.png,2,2,2,2,OK,,,,
05580.png,1,1,1,1,OK,,,,
05581.png,2,2,2,2,OK,,,,
05582.png,11,11,11,11,OK,,,,
05583.png,1,1,1,1,OK,,,,
05584.png,17,17,17,17,OK,,,,
05585.png,1,1,1,1,OK,,,,
05586.png,1,1,1,1,OK,,,,
05587.png,12,12,12,12,OK,,,,
05588.png,10,10,10,10,OK,,,,
05589.png,10,10,10,10,OK,,,,
05590.png,13,13,13,13,OK,,,,
05591.png,4,4,4,4,OK,,,,
05592.png,2,2,2,2,OK,,,,
05593.png,36,36,36,36,OK,,,,
05594.png,8,8,8,8,OK,,,,
05595.png,12,12,12,12,OK,,,,
05596.png,7,7,7,7,OK,,,,
05597.png,11,11,11,11,OK,,,,
05598.png,5,5,5,5,OK,,,,
05599.png,15,15,15,15,OK,,,,
05601.png,40,40,40,40,OK,,,,
05602.png,1,1,1,1,OK,,,,
05603.png,7,7,7,7,OK,,,,
05604.png,4,4,4,4,OK,,,,
05605.png,17,17,17,17,OK,,,,
05606.png,9,9,9,9,OK,,,,
05607.png,17,17,17,17,OK,,,,
05608.png,40,40,40,40,OK,,,,
05609.png,7,7,7,7,OK,,,,
05610.png,31,31,31,31,OK,,,,
05611.png,10,10,10,10,OK,,,,
05612.png,18,18,18,18,OK,,,,
05613.png,13,13,13,13,OK,,,,
05614.png,25,25,25,25,OK,,,,
05615.png,17,17,17,17,OK,,,,
05616.png,9,9,9,9,OK,,,,
05617.png,38,38,38,38,OK,,,,
05618.png,7,7,7,7,OK,,,,
05619.png,3,3,3,3,OK,,,,
05620.png,29,29,29,29,OK,,,,
05621.png,12,12,12,12,OK,,,,
05622.png,8,8,8,8,OK,,,,
05623.png,10,10,10,10,OK,,,,
05624.png,25,25,25,25,OK,,,,
05625.png,10,10,10,10,OK,,,,
05626.png,5,5,5,5,OK,,,,
05627.png,3,3,3,3,OK,,,,
05628.png,37,37,37,37,OK,,,,
05630.png,7,7,7,7,OK,,,,
05631.png,3,3,3,3,OK,,,,
05632.png,14,14,14,14,OK,,,,
05633.png,35,35,35,35,OK,,,,
05634.png,13,13,13,13,OK,,,,
05635.png,17,17,17,17,OK,,,,
05636.png,15,15,15,15,OK,,,,
05637.png,21,21,21,21,OK,,,,
05638.png,13,13,13,13,OK,,,,
05639.png,38,38,38,38,OK,,,,
05640.png,3,3,3,3,OK,,,,
05641.png,3,3,5,3,KO,,,,
05642.png,11,11,11,11,OK,,,,
05643.png,18,18,18,18,OK,,,,
05644.png,20,20,20,20,OK,,,,
05645.png,5,5,5,5,OK,,,,
05646.png,8,8,8,8,OK,,,,
05647.png,18,18,18,18,OK,,,,
05648.png,5,5,5,5,OK,,,,
05649.png,7,7,7,7,OK,,,,
05650.png,12,12,12,12,OK,,,,
05651.png,5,5,5,5,OK,,,,
05652.png,38,38,38,38,OK,,,,
05653.png,14,14,14,14,OK,,,,
05654.png,2,2,2,2,OK,,,,
05655.png,4,4,4,4,OK,,,,
05656.png,17,17,17,17,OK,,,,
05657.png,2,2,2,2,OK,,,,
05658.png,37,37,37,37,OK,,,,
05659.png,40,40,40,40,OK,,,,
05660.png,31,31,31,31,OK,,,,
05661.png,7,7,7,7,OK,,,,
05662.png,18,18,18,18,OK,,,,
05663.png,13,13,13,13,OK,,,,
05665.png,13,13,13,13,OK,,,,
05666.png,7,7,7,7,OK,,,,
05667.png,27,27,27,27,OK,,,,
05668.png,5,5,5,5,OK,,,,
05669.png,7,7,7,7,OK,,,,
05670.png,31,31,31,31,OK,,,,
05671.png,2,2,2,2,OK,,,,
05672.png,4,4,4,4,OK,,,,
05673.png,8,8,8,8,OK,,,,
05674.png,11,11,11,11,OK,,,,
05675.png,8,8,8,8,OK,,,,
05676.png,25,25,25,25,OK,,,,
05677.png,9,9,9,9,OK,,,,
05678.png,14,14,14,14,OK,,,,
05679.png,12,12,12,12,OK,,,,
05680.png,10,10,10,10,OK,,,,
05682.png,17,17,17,17,OK,,,,
05683.png,38,38,38,38,OK,,,,
05684.png,25,25,25,25,OK,,,,
05686.png,5,5,5,5,OK,,,,
05687.png,1,1,1,1,OK,,,,
05688.png,35,35,35,35,OK,,,,
05689.png,2,2,2,2,OK,,,,
05690.png,2,2,2,2,OK,,,,
05691.png,11,11,11,11,OK,,,,
05692.png,12,12,12,12,OK,,,,
05693.png,27,27,27,27,OK,,,,
05694.png,17,17,17,17,OK,,,,
05695.png,12,12,12,12,OK,,,,
05696.png,33,33,33,33,OK,,,,
05697.png,38,38,38,38,OK,,,,
05698.png,2,2,2,2,OK,,,,
05699.png,4,4,4,4,OK,,,,
05700.png,8,8,8,8,OK,,,,
05702.png,12,12,12,12,OK,,,,
05703.png,29,29,29,29,OK,,,,
05704.png,1,1,1,1,OK,,,,
05705.png,41,41,41,41,OK,,,,
05706.png,17,17,17,17,OK,,,,
05707.png,38,38,38,38,OK,,,,
05708.png,35,35,35,35,OK,,,,
05709.png,9,9,9,9,OK,,,,
05710.png,2,2,2,2,OK,,,,
05711.png,2,2,2,2,OK,,,,
05712.png,20,20,20,20,OK,,,,
05713.png,12,12,12,12,OK,,,,
05714.png,5,5,5,5,OK,,,,
05715.png,2,2,2,2,OK,,,,
05716.png,25,25,25,25,OK,,,,
05717.png,2,2,2,2,OK,,,,
05718.png,33,33,33,33,OK,,,,
05719.png,7,7,7,7,OK,,,,
05720.png,35,35,35,35,OK,,,,
05721.png,4,4,4,4,OK,,,,
05722.png,35,35,35,35,OK,,,,
05723.png,12,12,12,12,OK,,,,
05725.png,7,7,7,7,OK,,,,
05726.png,10,10,10,10,OK,,,,
05727.png,42,42,42,42,OK,,,,
05728.png,13,13,13,13,OK,,,,
05729.png,5,5,5,5,OK,,,,
05730.png,31,31,31,31,OK,,,,
05731.png,3,3,3,3,OK,,,,
05732.png,38,38,38,38,OK,,,,
05733.png,1,1,1,1,OK,,,,
05735.png,11,11,11,11,OK,,,,
05737.png,4,4,4,4,OK,,,,
05738.png,10,10,10,10,OK,,,,
05739.png,4,4,4,4,OK,,,,
05740.png,5,5,5,5,OK,,,,
05741.png,8,8,8,8,OK,,,,
05742.png,24,24,24,24,OK,,,,
05743.png,31,31,31,31,OK,,,,
05744.png,3,3,3,3,OK,,,,
05745.png,4,4,4,4,OK,,,,
05746.png,12,12,12,12,OK,,,,
05747.png,21,21,21,21,OK,,,,
05748.png,29,29,29,29,OK,,,,
05750.png,4,4,4,4,OK,,,,
05751.png,1,1,1,1,OK,,,,
05753.png,5,5,5,5,OK,,,,
05754.png,10,10,10,10,OK,,,,
05755.png,4,4,4,4,OK,,,,
05756.png,9,9,9,9,OK,,,,
05757.png,7,7,7,7,OK,,,,
05758.png,25,25,25,25,OK,,,,
05759.png,4,4,4,4,OK,,,,
05760.png,21,21,21,21,OK,,,,
05761.png,5,5,5,5,OK,,,,
05762.png,12,12,12,12,OK,,,,
05763.png,4,4,4,4,OK,,,,
05764.png,3,3,3,3,OK,,,,
05765.png,2,2,2,2,OK,,,,
05766.png,39,39,39,39,OK,,,,
05767.png,38,38,38,38,OK,,,,
05768.png,33,33,33,33,OK,,,,
05769.png,33,33,33,33,OK,,,,
05770.png,1,1,1,1,OK,,,,
05771.png,37,37,37,37,OK,,,,
05772.png,36,36,36,36,OK,,,,
05773.png,5,5,5,5,OK,,,,
05774.png,24,24,24,24,OK,,,,
05775.png,13,13,13,13,OK,,,,
05776.png,7,7,7,7,OK,,,,
05777.png,10,10,10,10,OK,,,,
05778.png,19,19,19,19,OK,,,,
05781.png,18,18,18,18,OK,,,,
05782.png,12,12,12,12,OK,,,,
05783.png,14,14,14,14,OK,,,,
05784.png,38,38,38,38,OK,,,,
05785.png,5,5,5,5,OK,,,,
05786.png,42,42,42,42,OK,,,,
05787.png,13,13,13,13,OK,,,,
05788.png,5,5,5,5,OK,,,,
05789.png,3,3,3,3,OK,,,,
05790.png,10,10,10,10,OK,,,,
05791.png,37,37,37,37,OK,,,,
05792.png,5,5,5,5,OK,,,,
05793.png,31,31,31,31,OK,,,,
05795.png,9,9,9,9,OK,,,,
05796.png,3,3,3,3,OK,,,,
05797.png,24,24,24,24,OK,,,,
05798.png,13,13,13,13,OK,,,,
05800.png,10,10,10,10,OK,,,,
05801.png,33,33,33,33,OK,,,,
05803.png,4,4,4,4,OK,,,,
05804.png,12,12,12,12,OK,,,,
05805.png,37,37,37,37,OK,,,,
05807.png,25,25,25,25,OK,,,,
05808.png,11,11,11,11,OK,,,,
05809.png,38,38,38,38,OK,,,,
05810.png,38,38,38,38,OK,,,,
05811.png,5,5,5,5,OK,,,,
05812.png,13,13,13,13,OK,,,,
05813.png,1,1,1,1,OK,,,,
05814.png,10,10,10,10,OK,,,,
05815.png,10,10,10,10,OK,,,,
05816.png,31,31,31,31,OK,,,,
05817.png,31,31,31,31,OK,,,,
05818.png,4,4,4,4,OK,,,,
05819.png,37,37,37,37,OK,,,,
05820.png,3,3,3,3,OK,,,,
05821.png,12,12,12,12,OK,,,,
05822.png,1,1,1,1,OK,,,,
05823.png,7,7,7,7,OK,,,,
05825.png,12,12,12,12,OK,,,,
05826.png,14,14,14,14,OK,,,,
05827.png,35,35,35,35,OK,,,,
05828.png,11,11,11,11,OK,,,,
05829.png,11,11,11,11,OK,,,,
05830.png,1,1,1,1,OK,,,,
05831.png,8,8,8,8,OK,,,,
05832.png,38,38,38,38,OK,,,,
05833.png,7,7,7,7,OK,,,,
05835.png,10,10,10,10,OK,,,,
05836.png,12,12,12,12,OK,,,,
05837.png,2,2,2,2,OK,,,,
05838.png,11,11,11,11,OK,,,,
05840.png,9,9,9,9,OK,,,,
05841.png,11,11,11,11,OK,,,,
05842.png,3,3,3,3,OK,,,,
05843.png,1,1,1,1,OK,,,,
05844.png,18,18,18,18,OK,,,,
05845.png,3,3,3,3,OK,,,,
05846.png,18,18,18,18,OK,,,,
05847.png,2,2,2,2,OK,,,,
05848.png,9,9,9,9,OK,,,,
05849.png,4,4,4,4,OK,,,,
05850.png,31,31,31,31,OK,,,,
05852.png,35,35,35,35,OK,,,,
05853.png,2,2,2,2,OK,,,,
05855.png,10,10,10,10,OK,,,,
05856.png,8,8,8,8,OK,,,,
05857.png,38,38,38,38,OK,,,,
05858.png,5,5,5,5,OK,,,,
05859.png,5,5,5,5,OK,,,,
05860.png,10,10,10,10,OK,,,,
05861.png,9,9,9,9,OK,,,,
05862.png,12,12,12,12,OK,,,,
05863.png,38,38,38,38,OK,,,,
05864.png,3,3,3,3,OK,,,,
05865.png,3,3,3,3,OK,,,,
05867.png,13,13,13,13,OK,,,,
05868.png,9,9,9,9,OK,,,,
05869.png,12,12,12,12,OK,,,,
05871.png,18,18,18,18,OK,,,,
05872.png,12,12,12,12,OK,,,,
05873.png,22,22,22,22,OK,,,,
05874.png,4,4,4,4,OK,,,,
05875.png,35,35,35,35,OK,,,,
05876.png,4,4,4,4,OK,,,,
05877.png,5,5,5,5,OK,,,,
05878.png,18,18,18,18,OK,,,,
05879.png,38,38,38,38,OK,,,,
05880.png,14,14,14,14,OK,,,,
05881.png,38,38,38,38,OK,,,,
05882.png,38,38,38,38,OK,,,,
05884.png,11,11,11,11,OK,,,,
05885.png,13,13,13,13,OK,,,,
05886.png,35,35,35,35,OK,,,,
05887.png,13,13,13,13,OK,,,,
05888.png,5,5,5,5,OK,,,,
05889.png,38,38,38,38,OK,,,,
05890.png,5,5,5,5,OK,,,,
05891.png,7,7,7,7,OK,,,,
05892.png,20,23,39,13,KO,,,,
05893.png,18,18,18,18,OK,,,,
05894.png,11,11,11,11,OK,,,,
05895.png,27,27,27,27,OK,,,,
05896.png,1,1,1,1,OK,,,,
05897.png,13,13,13,13,OK,,,,
05898.png,10,10,10,10,OK,,,,
05899.png,14,14,14,14,OK,,,,
05901.png,4,4,4,4,OK,,,,
05902.png,1,1,1,1,OK,,,,
05903.png,11,11,11,11,OK,,,,
05904.png,4,4,4,4,OK,,,,
05905.png,10,10,10,10,OK,,,,
05906.png,4,4,4,4,OK,,,,
05907.png,38,38,38,38,OK,,,,
05908.png,4,4,4,4,OK,,,,
05909.png,2,2,2,2,OK,,,,
05910.png,2,2,2,2,OK,,,,
05911.png,10,10,10,10,OK,,,,
05912.png,5,5,5,5,OK,,,,
05913.png,33,33,33,33,OK,,,,
05914.png,1,1,1,1,OK,,,,
05915.png,18,18,18,18,OK,,,,
05916.png,7,7,7,7,OK,,,,
05917.png,15,15,15,15,OK,,,,
05918.png,15,15,15,15,OK,,,,
05919.png,9,9,9,9,OK,,,,
05920.png,4,4,4,4,OK,,,,
05921.png,35,35,35,35,OK,,,,
05922.png,31,31,31,31,OK,,,,
05923.png,13,13,13,13,OK,,,,
05925.png,12,12,12,12,OK,,,,
05926.png,5,5,5,5,OK,,,,
05927.png,29,29,29,29,OK,,,,
05928.png,2,2,2,2,OK,,,,
05929.png,3,3,3,3,OK,,,,
05930.png,35,35,35,35,OK,,,,
05931.png,17,17,17,17,OK,,,,
05932.png,7,7,7,7,OK,,,,
05933.png,2,2,2,2,OK,,,,
05934.png,12,12,12,12,OK,,,,
05935.png,35,35,35,35,OK,,,,
05936.png,8,8,8,8,OK,,,,
05937.png,10,10,10,10,OK,,,,
05938.png,38,38,38,38,OK,,,,
05939.png,35,35,35,35,OK,,,,
05940.png,1,1,1,1,OK,,,,
05941.png,35,35,35,35,OK,,,,
05942.png,7,7,7,7,OK,,,,
05943.png,2,2,2,2,OK,,,,
05944.png,25,25,25,25,OK,,,,
05945.png,0,0,0,0,OK,,,,
05946.png,2,2,2,2,OK,,,,
05947.png,1,1,1,1,OK,,,,
05948.png,4,4,4,4,OK,,,,
05949.png,36,36,36,36,OK,,,,
05950.png,29,29,29,29,OK,,,,
05951.png,8,8,8,8,OK,,,,
05952.png,7,7,7,7,OK,,,,
05953.png,35,35,35,35,OK,,,,
05954.png,10,10,10,10,OK,,,,
05955.png,1,1,1,1,OK,,,,
05956.png,13,13,13,13,OK,,,,
05957.png,4,4,4,4,OK,,,,
05958.png,10,10,10,10,OK,,,,
05959.png,5,5,5,5,OK,,,,
05960.png,12,12,12,12,OK,,,,
05961.png,7,7,7,7,OK,,,,
05963.png,3,3,3,3,OK,,,,
05964.png,1,1,1,1,OK,,,,
05965.png,1,1,1,1,OK,,,,
05966.png,41,41,41,41,OK,,,,
05967.png,19,19,19,19,OK,,,,
05968.png,8,8,8,8,OK,,,,
05969.png,13,13,13,13,OK,,,,
05970.png,10,10,10,10,OK,,,,
05971.png,1,1,1,1,OK,,,,
05972.png,38,38,38,15,KO,,,,
05973.png,13,13,13,13,OK,,,,
05974.png,11,11,11,11,OK,,,,
05975.png,2,2,2,2,OK,,,,
05976.png,2,2,2,2,OK,,,,
05977.png,7,7,7,7,OK,,,,
05978.png,10,10,10,10,OK,,,,
05979.png,14,14,14,14,OK,,,,
05980.png,10,10,10,10,OK,,,,
05981.png,39,39,39,39,OK,,,,
05982.png,9,9,9,9,OK,,,,
05983.png,25,25,25,25,OK,,,,
05984.png,3,3,3,3,OK,,,,
05986.png,17,17,17,17,OK,,,,
05987.png,13,13,13,13,OK,,,,
05988.png,2,2,2,2,OK,,,,
05989.png,3,3,3,3,OK,,,,
05990.png,17,17,17,17,OK,,,,
05991.png,2,2,2,2,OK,,,,
05992.png,40,40,40,40,OK,,,,
05993.png,1,1,1,1,OK,,,,
05994.png,10,10,10,10,OK,,,,
05995.png,5,5,5,5,OK,,,,
05996.png,32,32,32,32,OK,,,,
05997.png,8,8,8,8,OK,,,,
05998.png,12,12,12,12,OK,,,,
05999.png,42,42,42,42,OK,,,,
06000.png,1,1,1,1,OK,,,,
06001.png,35,35,35,35,OK,,,,
06002.png,0,0,0,0,OK,,,,
06003.png,1,1,1,1,OK,,,,
06005.png,1,1,1,1,OK,,,,
06006.png,2,2,2,2,OK,,,,
06007.png,29,29,29,29,OK,,,,
06008.png,13,13,13,13,OK,,,,
06009.png,3,3,3,3,OK,,,,
06010.png,36,36,36,36,OK,,,,
06011.png,15,15,15,15,OK,,,,
06012.png,4,4,4,4,OK,,,,
06014.png,5,5,5,5,OK,,,,
06015.png,5,5,5,5,OK,,,,
06016.png,8,8,8,8,OK,,,,
06017.png,8,8,8,8,OK,,,,
06018.png,5,5,5,5,OK,,,,
06019.png,4,4,4,4,OK,,,,
06020.png,2,2,2,2,OK,,,,
06021.png,10,10,10,10,OK,,,,
06022.png,25,25,25,25,OK,,,,
06023.png,4,4,4,4,OK,,,,
06024.png,25,25,25,25,OK,,,,
06025.png,32,32,32,32,OK,,,,
06026.png,13,13,13,13,OK,,,,
06029.png,25,25,25,25,OK,,,,
06030.png,15,15,15,15,OK,,,,
06031.png,25,25,25,25,OK,,,,
06032.png,18,18,18,18,OK,,,,
06034.png,9,9,9,9,OK,,,,
06035.png,7,7,7,7,OK,,,,
06036.png,1,1,1,1,OK,,,,
06037.png,13,13,13,13,OK,,,,
06038.png,27,27,27,27,OK,,,,
06039.png,1,1,1,1,OK,,,,
06040.png,4,4,4,4,OK,,,,
06042.png,25,25,25,25,OK,,,,
06043.png,35,35,35,35,OK,,,,
06044.png,10,10,10,10,OK,,,,
06045.png,4,4,4,4,OK,,,,
06046.png,7,7,7,7,OK,,,,
06047.png,10,10,10,10,OK,,,,
06048.png,12,12,12,12,OK,,,,
06049.png,12,12,12,12,OK,,,,
06050.png,18,18,18,18,OK,,,,
06052.png,12,12,12,12,OK,,,,
06053.png,25,25,25,25,OK,,,,
06054.png,11,11,11,11,OK,,,,
06055.png,35,35,35,35,OK,,,,
06056.png,12,12,12,12,OK,,,,
06057.png,35,35,35,35,OK,,,,
06058.png,4,4,4,4,OK,,,,
06059.png,10,10,10,10,OK,,,,
06060.png,2,2,2,2,OK,,,,
06061.png,7,7,7,7,OK,,,,
06062.png,40,40,40,40,OK,,,,
06063.png,11,11,11,11,OK,,,,
06064.png,38,38,38,38,OK,,,,
06065.png,13,13,13,13,OK,,,,
06066.png,12,12,12,12,OK,,,,
06067.png,13,13,13,13,OK,,,,
06068.png,36,36,36,36,OK,,,,
06069.png,5,5,5,5,OK,,,,
06070.png,35,35,35,35,OK,,,,
06071.png,15,15,15,15,OK,,,,
06072.png,11,11,11,11,OK,,,,
06073.png,13,13,13,13,OK,,,,
06074.png,13,13,13,13,OK,,,,
06075.png,36,36,36,36,OK,,,,
06076.png,5,5,5,5,OK,,,,
06077.png,33,33,33,33,OK,,,,
06078.png,8,8,8,8,OK,,,,
06080.png,13,13,13,13,OK,,,,
06081.png,1,1,1,1,OK,,,,
06082.png,3,3,3,3,OK,,,,
06083.png,38,38,38,38,OK,,,,
06084.png,17,17,17,17,OK,,,,
06086.png,5,5,5,5,OK,,,,
06087.png,25,25,25,25,OK,,,,
06088.png,5,5,5,5,OK,,,,
06089.png,10,10,10,10,OK,,,,
06091.png,10,10,10,10,OK,,,,
06092.png,7,7,7,7,OK,,,,
06093.png,2,2,2,2,OK,,,,
06094.png,12,12,12,12,OK,,,,
06095.png,5,5,5,5,OK,,,,
06096.png,3,3,3,3,OK,,,,
06097.png,2,2,2,2,OK,,,,
06099.png,20,20,20,20,OK,,,,
06100.png,9,9,9,9,OK,,,,
06101.png,4,4,4,4,OK,,,,
06102.png,22,22,22,22,OK,,,,
06103.png,9,9,9,9,OK,,,,
06104.png,4,4,4,4,OK,,,,
06105.png,38,38,38,38,OK,,,,
06106.png,5,5,5,5,OK,,,,
06107.png,9,9,9,9,OK,,,,
06108.png,27,27,27,27,OK,,,,
06109.png,8,8,8,8,OK,,,,
06110.png,8,8,8,8,OK,,,,
06111.png,41,41,41,41,OK,,,,
06112.png,12,12,12,12,OK,,,,
06113.png,11,11,11,11,OK,,,,
06114.png,3,3,3,3,OK,,,,
06115.png,5,5,5,5,OK,,,,
06116.png,0,0,0,0,OK,,,,
06117.png,25,25,25,25,OK,,,,
06118.png,5,5,5,5,OK,,,,
06119.png,36,36,36,36,OK,,,,
06120.png,2,2,2,2,OK,,,,
06121.png,13,13,13,13,OK,,,,
06123.png,17,17,17,17,OK,,,,
06124.png,3,3,3,3,OK,,,,
06125.png,13,13,13,13,OK,,,,
06126.png,2,2,2,2,OK,,,,
06129.png,19,38,38,13,KO,,,,
06130.png,5,5,5,5,OK,,,,
06131.png,1,1,1,1,OK,,,,
06132.png,15,15,15,15,OK,,,,
06133.png,17,17,17,17,OK,,,,
06134.png,15,15,15,15,OK,,,,
06135.png,2,2,2,2,OK,,,,
06136.png,42,42,42,42,OK,,,,
06137.png,2,2,2,2,OK,,,,
06138.png,9,17,17,17,KO,,,,
06140.png,25,25,25,25,OK,,,,
06142.png,38,38,38,38,OK,,,,
06143.png,11,11,11,11,OK,,,,
06144.png,12,12,12,12,OK,,,,
06147.png,25,25,25,25,OK,,,,
06148.png,12,12,12,12,OK,,,,
06149.png,18,18,18,18,OK,,,,
06150.png,3,3,3,3,OK,,,,
06151.png,13,13,13,13,OK,,,,
06152.png,1,1,1,1,OK,,,,
06153.png,13,13,13,13,OK,,,,
06154.png,17,17,17,17,OK,,,,
06155.png,11,25,25,11,KO,,,,
06156.png,18,18,18,18,OK,,,,
06158.png,10,10,10,10,OK,,,,
06159.png,18,18,18,18,OK,,,,
06160.png,10,10,10,10,OK,,,,
06162.png,8,8,8,8,OK,,,,
06163.png,2,2,2,2,OK,,,,
06164.png,13,13,13,13,OK,,,,
06165.png,36,36,36,36,OK,,,,
06166.png,36,36,36,36,OK,,,,
06167.png,18,18,18,18,OK,,,,
06168.png,8,8,8,8,OK,,,,
06169.png,24,24,24,24,OK,,,,
06170.png,10,10,10,10,OK,,,,
06171.png,14,14,14,14,OK,,,,
06172.png,10,10,10,10,OK,,,,
06173.png,7,7,7,7,OK,,,,
06174.png,38,38,38,38,OK,,,,
06175.png,2,2,2,2,OK,,,,
06176.png,35,35,35,35,OK,,,,
06177.png,5,5,5,5,OK,,,,
06178.png,4,4,4,4,OK,,,,
06179.png,13,13,13,13,OK,,,,
06181.png,12,12,12,12,OK,,,,
06182.png,4,4,4,4,OK,,,,
06183.png,38,38,38,38,OK,,,,
06185.png,8,8,8,8,OK,,,,
06186.png,17,17,17,17,OK,,,,
06187.png,5,5,5,5,OK,,,,
06188.png,17,17,17,17,OK,,,,
06189.png,7,7,7,7,OK,,,,
06190.png,21,21,21,21,OK,,,,
06191.png,3,3,3,3,OK,,,,
06192.png,21,21,21,21,OK,,,,
06193.png,10,10,10,10,OK,,,,
06194.png,9,9,9,9,OK,,,,
06195.png,3,3,3,3,OK,,,,
06196.png,12,12,12,12,OK,,,,
06197.png,36,36,36,36,OK,,,,
06198.png,17,17,17,17,OK,,,,
06201.png,12,12,12,12,OK,,,,
06202.png,13,13,13,13,OK,,,,
06203.png,14,14,14,14,OK,,,,
06204.png,1,1,1,1,OK,,,,
06205.png,2,2,2,2,OK,,,,
06207.png,9,9,9,9,OK,,,,
06209.png,9,9,9,9,OK,,,,
06210.png,19,19,19,19,OK,,,,
06211.png,13,13,13,13,OK,,,,
06213.png,4,4,4,4,OK,,,,
06214.png,4,4,4,4,OK,,,,
06215.png,10,10,10,10,OK,,,,
06216.png,35,35,35,35,OK,,,,
06217.png,22,22,22,22,OK,,,,
06218.png,4,4,4,4,OK,,,,
06221.png,5,5,5,5,OK,,,,
06222.png,4,4,4,4,OK,,,,
06223.png,29,29,29,29,OK,,,,
06224.png,38,38,38,38,OK,,,,
06225.png,13,13,13,13,OK,,,,
06226.png,25,25,25,25,OK,,,,
06227.png,12,12,12,12,OK,,,,
06228.png,13,13,13,13,OK,,,,
06229.png,12,12,12,12,OK,,,,
06230.png,7,7,7,7,OK,,,,
06231.png,8,8,8,8,OK,,,,
06232.png,13,13,13,13,OK,,,,
06233.png,38,38,38,38,OK,,,,
06234.png,5,5,5,5,OK,,,,
06235.png,14,14,14,14,OK,,,,
06236.png,10,10,10,10,OK,,,,
06237.png,33,33,33,33,OK,,,,
06238.png,25,25,25,25,OK,,,,
06239.png,18,18,18,18,OK,,,,
06240.png,33,33,33,33,OK,,,,
06241.png,18,18,18,18,OK,,,,
06242.png,2,2,2,2,OK,,,,
06243.png,38,38,38,38,OK,,,,
06245.png,9,9,9,9,OK,,,,
06246.png,2,2,2,2,OK,,,,
06247.png,1,1,1,1,OK,,,,
06248.png,3,3,3,3,OK,,,,
06249.png,10,10,10,10,OK,,,,
06250.png,1,1,1,1,OK,,,,
06251.png,17,17,17,17,OK,,,,
06252.png,38,38,38,38,OK,,,,
06253.png,2,4,4,4,KO,,,,
06254.png,1,1,1,1,OK,,,,
06256.png,13,13,13,13,OK,,,,
06257.png,5,5,5,5,OK,,,,
06259.png,4,4,4,4,OK,,,,
06260.png,5,5,5,5,OK,,,,
06261.png,41,41,41,41,OK,,,,
06262.png,4,4,4,4,OK,,,,
06263.png,3,3,3,3,OK,,,,
06264.png,21,21,21,21,OK,,,,
06265.png,38,38,38,38,OK,,,,
06266.png,18,18,18,18,OK,,,,
06267.png,40,40,40,40,OK,,,,
06268.png,35,35,35,35,OK,,,,
06270.png,35,35,35,35,OK,,,,
06271.png,12,12,12,12,OK,,,,
06272.png,8,8,8,8,OK,,,,
06273.png,8,8,8,8,OK,,,,
06275.png,38,38,38,38,OK,,,,
06276.png,35,35,35,35,OK,,,,
06277.png,35,35,35,35,OK,,,,
06278.png,25,25,25,25,OK,,,,
06279.png,29,29,29,29,OK,,,,
06280.png,38,38,38,38,OK,,,,
06281.png,15,15,15,15,OK,,,,
06282.png,7,7,7,7,OK,,,,
06283.png,4,4,4,4,OK,,,,
06284.png,10,10,10,10,OK,,,,
06285.png,21,21,21,21,OK,,,,
06286.png,1,1,1,1,OK,,,,
06287.png,12,12,12,12,OK,,,,
06288.png,32,32,32,32,OK,,,,
06289.png,33,33,33,33,OK,,,,
06290.png,1,1,1,1,OK,,,,
06291.png,8,8,8,8,OK,,,,
06293.png,38,38,38,38,OK,,,,
06294.png,11,11,11,11,OK,,,,
06295.png,38,38,38,38,OK,,,,
06297.png,5,5,5,5,OK,,,,
06298.png,25,25,25,25,OK,,,,
06299.png,1,1,1,1,OK,,,,
06300.png,3,3,3,3,OK,,,,
06301.png,2,2,2,2,OK,,,,
06302.png,35,35,35,35,OK,,,,
06304.png,38,38,38,38,OK,,,,
06305.png,33,33,33,33,OK,,,,
06306.png,1,1,1,1,OK,,,,
06307.png,15,15,15,15,OK,,,,
06308.png,2,2,2,2,OK,,,,
06309.png,11,11,11,11,OK,,,,
06311.png,31,31,31,31,OK,,,,
06312.png,2,2,2,2,OK,,,,
06313.png,4,4,4,4,OK,,,,
06314.png,35,35,35,35,OK,,,,
06315.png,7,7,7,7,OK,,,,
06316.png,1,1,1,1,OK,,,,
06317.png,17,17,17,17,OK,,,,
06318.png,38,38,38,38,OK,,,,
06319.png,38,38,38,38,OK,,,,
06320.png,2,2,2,2,OK,,,,
06321.png,42,42,42,42,OK,,,,
06322.png,12,12,12,12,OK,,,,
06323.png,3,3,3,3,OK,,,,
06325.png,31,31,31,31,OK,,,,
06326.png,3,3,3,3,OK,,,,
06327.png,31,31,31,31,OK,,,,
06328.png,8,8,8,8,OK,,,,
06329.png,7,7,7,7,OK,,,,
06330.png,12,12,12,12,OK,,,,
06331.png,10,10,10,10,OK,,,,
06333.png,0,0,0,0,OK,,,,
06335.png,10,10,10,10,OK,,,,
06337.png,21,21,21,21,OK,,,,
06339.png,8,8,8,8,OK,,,,
06340.png,9,9,9,9,OK,,,,
06341.png,25,25,25,25,OK,,,,
06342.png,14,14,14,14,OK,,,,
06343.png,5,5,5,5,OK,,,,
06344.png,10,10,10,10,OK,,,,
06345.png,9,9,9,9,OK,,,,
06346.png,8,8,8,8,OK,,,,
06347.png,7,7,7,7,OK,,,,
06348.png,31,31,31,31,OK,,,,
06349.png,40,40,40,40,OK,,,,
06350.png,10,10,10,10,OK,,,,
06351.png,13,13,13,13,OK,,,,
06353.png,25,25,25,25,OK,,,,
06354.png,5,5,5,5,OK,,,,
06355.png,17,17,17,17,OK,,,,
06357.png,1,1,1,1,OK,,,,
06358.png,14,14,14,14,OK,,,,
06359.png,4,4,4,4,OK,,,,
06360.png,36,36,36,36,OK,,,,
06361.png,1,1,1,1,OK,,,,
06362.png,15,15,15,15,OK,,,,
06363.png,5,5,5,5,OK,,,,
06364.png,38,38,38,38,OK,,,,
06365.png,38,38,38,38,OK,,,,
06366.png,40,40,40,40,OK,,,,
06367.png,4,4,4,4,OK,,,,
06368.png,14,14,14,14,OK,,,,
06369.png,25,25,25,25,OK,,,,
06370.png,35,35,35,35,OK,,,,
06371.png,17,17,17,17,OK,,,,
06372.png,5,5,5,5,OK,,,,
06373.png,11,11,11,11,OK,,,,
06374.png,13,13,13,13,OK,,,,
06375.png,36,36,36,36,OK,,,,
06376.png,38,38,38,38,OK,,,,
06377.png,13,13,13,13,OK,,,,
06378.png,38,38,38,38,OK,,,,
06380.png,38,38,38,38,OK,,,,
06381.png,4,4,4,4,OK,,,,
06382.png,10,10,10,10,OK,,,,
06383.png,8,8,8,8,OK,,,,
06384.png,4,4,4,4,OK,,,,
06385.png,25,25,25,25,OK,,,,
06386.png,12,12,12,12,OK,,,,
06387.png,2,2,2,2,OK,,,,
06388.png,13,13,13,13,OK,,,,
06389.png,10,10,10,10,OK,,,,
06390.png,1,1,1,1,OK,,,,
06391.png,25,25,25,25,OK,,,,
06392.png,33,33,33,33,OK,,,,
06393.png,18,18,18,18,OK,,,,
06394.png,3,3,3,3,OK,,,,
06395.png,19,19,19,19,OK,,,,
06396.png,10,10,10,10,OK,,,,
06397.png,5,5,5,5,OK,,,,
06398.png,1,1,1,1,OK,,,,
06399.png,35,35,35,35,OK,,,,
06400.png,25,25,25,25,OK,,,,
06401.png,4,4,4,4,OK,,,,
06402.png,20,20,20,20,OK,,,,
06403.png,3,3,3,3,OK,,,,
06404.png,7,7,7,7,OK,,,,
06405.png,10,10,10,10,OK,,,,
06406.png,17,17,17,17,OK,,,,
06407.png,8,8,8,8,OK,,,,
06408.png,4,4,4,4,OK,,,,
06409.png,2,2,2,2,OK,,,,
06410.png,10,10,10,10,OK,,,,
06411.png,38,38,38,38,OK,,,,
06412.png,15,15,15,15,OK,,,,
06413.png,38,38,38,38,OK,,,,
06414.png,31,31,31,31,OK,,,,
06415.png,38,38,38,38,OK,,,,
06416.png,10,10,10,10,OK,,,,
06417.png,8,8,8,8,OK,,,,
06419.png,11,11,11,11,OK,,,,
06420.png,11,11,11,11,OK,,,,
06421.png,0,0,0,0,OK,,,,
06422.png,31,31,31,31,OK,,,,
06423.png,5,5,5,5,OK,,,,
06424.png,4,4,4,4,OK,,,,
06425.png,35,35,35,35,OK,,,,
06426.png,17,17,17,17,OK,,,,
06427.png,1,1,1,1,OK,,,,
06428.png,7,7,7,7,OK,,,,
06429.png,1,1,1,1,OK,,,,
06430.png,1,1,1,1,OK,,,,
06431.png,1,1,1,1,OK,,,,
06433.png,2,2,2,2,OK,,,,
06434.png,31,31,31,31,OK,,,,
06435.png,5,5,5,5,OK,,,,
06436.png,33,33,33,33,OK,,,,
06437.png,31,31,31,31,OK,,,,
06438.png,8,8,8,8,OK,,,,
06439.png,9,9,9,9,OK,,,,
06440.png,1,1,1,1,OK,,,,
06441.png,37,37,37,37,OK,,,,
06442.png,31,31,31,31,OK,,,,
06443.png,9,9,9,9,OK,,,,
06444.png,10,10,10,10,OK,,,,
06445.png,11,11,11,11,OK,,,,
06446.png,1,1,1,1,OK,,,,
06447.png,17,17,17,17,OK,,,,
06448.png,7,7,7,7,OK,,,,
06449.png,4,4,4,4,OK,,,,
06450.png,7,7,7,7,OK,,,,
06451.png,5,5,5,5,OK,,,,
06452.png,13,13,13,13,OK,,,,
06453.png,1,1,1,1,OK,,,,
06454.png,1,1,1,1,OK,,,,
06455.png,1,1,1,1,OK,,,,
06457.png,25,25,25,25,OK,,,,
06459.png,14,14,14,14,OK,,,,
06460.png,12,12,12,12,OK,,,,
06461.png,4,4,4,4,OK,,,,
06462.png,31,31,31,31,OK,,,,
06463.png,9,9,9,9,OK,,,,
06464.png,31,31,31,31,OK,,,,
06465.png,8,8,8,8,OK,,,,
06466.png,2,2,2,2,OK,,,,
06467.png,5,5,5,5,OK,,,,
06468.png,13,13,13,13,OK,,,,
06469.png,4,4,4,4,OK,,,,
06470.png,35,35,35,35,OK,,,,
06473.png,15,15,15,15,OK,,,,
06474.png,35,35,35,35,OK,,,,
06475.png,4,4,4,4,OK,,,,
06477.png,31,31,31,31,OK,,,,
06478.png,35,35,35,35,OK,,,,
06479.png,17,17,17,17,OK,,,,
06480.png,22,22,22,22,OK,,,,
06481.png,13,13,13,13,OK,,,,
06482.png,1,1,1,1,OK,,,,
06483.png,11,11,11,11,OK,,,,
06484.png,1,1,1,1,OK,,,,
06485.png,38,38,38,38,OK,,,,
06486.png,9,9,9,9,OK,,,,
06488.png,1,1,1,1,OK,,,,
06489.png,15,15,15,15,OK,,,,
06490.png,22,22,22,22,OK,,,,
06492.png,33,33,33,33,OK,,,,
06493.png,2,2,2,2,OK,,,,
06494.png,2,2,2,2,OK,,,,
06495.png,11,11,11,11,OK,,,,
06497.png,38,38,38,38,OK,,,,
06498.png,5,5,5,5,OK,,,,
06499.png,4,4,4,4,OK,,,,
06500.png,35,35,35,35,OK,,,,
06502.png,4,4,4,4,OK,,,,
06503.png,33,33,33,33,OK,,,,
06504.png,11,11,11,11,OK,,,,
06505.png,9,9,9,9,OK,,,,
06506.png,20,20,20,20,OK,,,,
06507.png,17,17,17,17,OK,,,,
06508.png,11,11,11,11,OK,,,,
06509.png,27,27,27,28,KO,,,,
06510.png,11,11,11,11,OK,,,,
06511.png,18,18,18,18,OK,,,,
06512.png,29,29,29,29,OK,,,,
06513.png,38,38,38,38,OK,,,,
06514.png,12,12,12,12,OK,,,,
06515.png,38,38,38,38,OK,,,,
06516.png,40,40,40,40,OK,,,,
06517.png,9,9,9,9,OK,,,,
06518.png,0,0,0,0,OK,,,,
06519.png,1,1,1,1,OK,,,,
06520.png,13,13,13,13,OK,,,,
06522.png,14,14,14,14,OK,,,,
06523.png,12,12,12,12,OK,,,,
06524.png,31,31,31,31,OK,,,,
06525.png,3,3,3,3,OK,,,,
06526.png,12,12,12,12,OK,,,,
06527.png,38,38,38,38,OK,,,,
06528.png,24,24,24,24,OK,,,,
06530.png,22,22,22,25,KO,,,,
06531.png,4,4,4,4,OK,,,,
06532.png,18,18,18,18,OK,,,,
06533.png,10,10,10,10,OK,,,,
06534.png,11,11,11,11,OK,,,,
06535.png,2,2,2,2,OK,,,,
06536.png,2,2,2,2,OK,,,,
06537.png,38,38,38,38,OK,,,,
06538.png,13,13,13,13,OK,,,,
06539.png,35,35,35,35,OK,,,,
06540.png,2,2,2,2,OK,,,,
06542.png,17,17,17,17,OK,,,,
06543.png,38,38,38,38,OK,,,,
06544.png,41,41,41,41,OK,,,,
06545.png,8,8,8,8,OK,,,,
06546.png,33,33,33,33,OK,,,,
06547.png,22,22,22,22,OK,,,,
06548.png,12,12,12,12,OK,,,,
06549.png,38,38,38,38,OK,,,,
06550.png,18,18,18,18,OK,,,,
06551.png,2,2,2,2,OK,,,,
06552.png,31,31,31,31,OK,,,,
06553.png,5,5,5,5,OK,,,,
06554.png,35,35,35,35,OK,,,,
06555.png,7,7,7,7,OK,,,,
06556.png,5,5,5,5,OK,,,,
06557.png,8,8,8,8,OK,,,,
06558.png,10,10,10,10,OK,,,,
06559.png,4,4,4,4,OK,,,,
06560.png,33,33,33,33,OK,,,,
06561.png,17,17,17,17,OK,,,,
06562.png,35,35,35,35,OK,,,,
06563.png,5,5,5,5,OK,,,,
06564.png,14,14,14,14,OK,,,,
06565.png,9,9,9,9,OK,,,,
06566.png,4,4,4,4,OK,,,,
06567.png,5,5,5,5,OK,,,,
06568.png,25,25,25,25,OK,,,,
06571.png,13,13,13,13,OK,,,,
06572.png,9,9,9,9,OK,,,,
06573.png,13,13,13,13,OK,,,,
06574.png,2,2,2,2,OK,,,,
06575.png,2,2,2,2,OK,,,,
06576.png,38,38,38,38,OK,,,,
06577.png,1,1,1,1,OK,,,,
06578.png,9,9,9,9,OK,,,,
06579.png,11,11,11,11,OK,,,,
06580.png,8,8,8,8,OK,,,,
06581.png,13,13,13,13,OK,,,,
06582.png,10,10,10,10,OK,,,,
06583.png,7,7,7,7,OK,,,,
06584.png,15,15,15,15,OK,,,,
06585.png,10,10,10,10,OK,,,,
06586.png,2,2,2,2,OK,,,,
06587.png,11,11,11,11,OK,,,,
06588.png,5,5,5,5,OK,,,,
06589.png,17,17,17,17,OK,,,,
06590.png,11,11,11,11,OK,,,,
06591.png,10,10,10,10,OK,,,,
06592.png,3,3,3,3,OK,,,,
06593.png,9,9,9,9,OK,,,,
06594.png,10,10,10,10,OK,,,,
06595.png,7,7,7,7,OK,,,,
06596.png,5,5,5,5,OK,,,,
06597.png,4,4,4,4,OK,,,,
06598.png,5,5,5,5,OK,,,,
06599.png,8,8,8,8,OK,,,,
06600.png,5,5,5,5,OK,,,,
06601.png,8,8,8,8,OK,,,,
06604.png,33,33,33,33,OK,,,,
06605.png,2,2,2,2,OK,,,,
06606.png,35,35,35,35,OK,,,,
06607.png,5,5,5,5,OK,,,,
06608.png,10,10,10,10,OK,,,,
06609.png,12,12,12,12,OK,,,,
06610.png,12,12,12,12,OK,,,,
06611.png,22,22,22,22,OK,,,,
06612.png,27,27,27,28,KO,,,,
06613.png,5,5,5,5,OK,,,,
06614.png,5,5,5,5,OK,,,,
06615.png,9,9,9,9,OK,,,,
06616.png,42,42,42,42,OK,,,,
06617.png,33,33,33,33,OK,,,,
06618.png,10,10,10,10,OK,,,,
06619.png,8,8,8,8,OK,,,,
06620.png,9,9,9,9,OK,,,,
06621.png,12,12,12,12,OK,,,,
06622.png,38,38,38,38,OK,,,,
06623.png,22,22,22,22,OK,,,,
06624.png,2,2,2,2,OK,,,,
06625.png,38,38,38,38,OK,,,,
06626.png,38,38,38,38,OK,,,,
06627.png,1,1,1,1,OK,,,,
06628.png,12,12,12,12,OK,,,,
06629.png,7,7,7,7,OK,,,,
06630.png,18,18,18,18,OK,,,,
06631.png,1,1,1,1,OK,,,,
06632.png,24,24,24,24,OK,,,,
06633.png,19,19,19,19,OK,,,,
06634.png,13,13,13,13,OK,,,,
06636.png,18,18,18,18,OK,,,,
06637.png,13,13,13,13,OK,,,,
06638.png,5,5,5,5,OK,,,,
06639.png,0,0,0,0,OK,,,,
06640.png,10,10,10,10,OK,,,,
06641.png,20,20,20,20,OK,,,,
06642.png,11,11,11,11,OK,,,,
06643.png,11,11,11,11,OK,,,,
06645.png,21,21,21,21,OK,,,,
06646.png,18,18,18,18,OK,,,,
06647.png,35,35,35,35,OK,,,,
06648.png,38,38,38,38,OK,,,,
06649.png,4,4,4,4,OK,,,,
06650.png,10,10,10,10,OK,,,,
06652.png,38,38,38,38,OK,,,,
06653.png,18,18,18,18,OK,,,,
06654.png,2,2,2,2,OK,,,,
06655.png,9,9,9,9,OK,,,,
06656.png,25,25,25,25,OK,,,,
06657.png,33,33,33,33,OK,,,,
06659.png,25,25,25,25,OK,,,,
06660.png,12,12,12,12,OK,,,,
06661.png,12,12,12,12,OK,,,,
06662.png,2,2,2,2,OK,,,,
06663.png,9,9,9,9,OK,,,,
06664.png,4,4,4,4,OK,,,,
06666.png,11,11,11,11,OK,,,,
06667.png,4,4,4,4,OK,,,,
06668.png,42,42,42,42,OK,,,,
06670.png,4,4,4,4,OK,,,,
06671.png,12,12,12,12,OK,,,,
06672.png,3,3,3,3,OK,,,,
06673.png,9,9,9,9,OK,,,,
06674.png,38,38,38,38,OK,,,,
06675.png,37,37,37,37,OK,,,,
06676.png,12,12,12,12,OK,,,,
06677.png,25,25,25,25,OK,,,,
06678.png,33,33,33,33,OK,,,,
06679.png,25,25,25,25,OK,,,,
06680.png,10,10,10,10,OK,,,,
06681.png,9,9,9,9,OK,,,,
06682.png,13,13,13,13,OK,,,,
06683.png,38,38,38,38,OK,,,,
06684.png,11,11,11,11,OK,,,,
06685.png,1,1,1,1,OK,,,,
06686.png,9,9,9,9,OK,,,,
06687.png,20,20,20,20,OK,,,,
06688.png,38,38,38,38,OK,,,,
06689.png,37,37,37,37,OK,,,,
06690.png,18,18,18,18,OK,,,,
06691.png,10,10,10,10,OK,,,,
06692.png,42,42,42,42,OK,,,,
06693.png,41,41,41,41,OK,,,,
06694.png,17,17,17,17,OK,,,,
06695.png,33,33,33,33,OK,,,,
06696.png,37,37,37,37,OK,,,,
06697.png,25,25,25,25,OK,,,,
06699.png,38,38,38,38,OK,,,,
06700.png,2,2,2,2,OK,,,,
06701.png,15,15,15,15,OK,,,,
06702.png,20,20,20,20,OK,,,,
06703.png,3,3,3,3,OK,,,,
06704.png,33,33,33,33,OK,,,,
06705.png,10,10,10,10,OK,,,,
06706.png,9,9,9,9,OK,,,,
06707.png,1,1,1,1,OK,,,,
06708.png,42,42,42,42,OK,,,,
06709.png,25,25,25,25,OK,,,,
06710.png,12,12,12,12,OK,,,,
06711.png,8,8,8,8,OK,,,,
06712.png,38,38,38,38,OK,,,,
06713.png,4,4,4,4,OK,,,,
06714.png,17,17,17,17,OK,,,,
06716.png,13,13,13,13,OK,,,,
06717.png,18,18,18,18,OK,,,,
06718.png,18,18,18,18,OK,,,,
06719.png,14,14,14,14,OK,,,,
06720.png,10,10,10,10,OK,,,,
06721.png,1,1,1,1,OK,,,,
06722.png,5,5,5,5,OK,,,,
06724.png,12,12,12,12,OK,,,,
06725.png,12,12,12,12,OK,,,,
06727.png,2,2,2,2,OK,,,,
06728.png,13,13,13,13,OK,,,,
06729.png,37,37,37,37,OK,,,,
06730.png,10,10,10,10,OK,,,,
06733.png,2,2,2,2,OK,,,,
06734.png,2,2,2,2,OK,,,,
06735.png,12,12,12,12,OK,,,,
06736.png,10,10,10,10,OK,,,,
06737.png,1,1,1,1,OK,,,,
06738.png,25,25,25,25,OK,,,,
06739.png,25,25,25,25,OK,,,,
06740.png,18,18,18,18,OK,,,,
06741.png,2,2,2,2,OK,,,,
06742.png,9,9,9,9,OK,,,,
06743.png,13,13,13,13,OK,,,,
06745.png,18,18,18,18,OK,,,,
06746.png,12,12,12,12,OK,,,,
06748.png,13,13,13,13,OK,,,,
06749.png,25,25,25,25,OK,,,,
06750.png,4,4,4,4,OK,,,,
06752.png,10,10,10,10,OK,,,,
06753.png,1,1,1,1,OK,,,,
06754.png,12,12,12,12,OK,,,,
06755.png,10,10,10,10,OK,,,,
06756.png,25,25,25,25,OK,,,,
06757.png,3,3,3,3,OK,,,,
06758.png,29,29,29,29,OK,,,,
06759.png,1,1,1,1,OK,,,,
06760.png,2,2,2,2,OK,,,,
06762.png,9,9,9,9,OK,,,,
06763.png,7,7,7,7,OK,,,,
06764.png,10,10,10,10,OK,,,,
06765.png,10,10,10,10,OK,,,,
06766.png,18,31,18,18,KO,,,,
06767.png,8,8,8,8,OK,,,,
06768.png,24,24,24,24,OK,,,,
06769.png,10,10,10,10,OK,,,,
06770.png,25,25,25,25,OK,,,,
06771.png,13,13,13,13,OK,,,,
06772.png,4,4,4,4,OK,,,,
06773.png,13,13,13,13,OK,,,,
06774.png,25,25,25,25,OK,,,,
06775.png,12,12,12,12,OK,,,,
06776.png,3,3,3,3,OK,,,,
06777.png,4,4,4,4,OK,,,,
06778.png,39,39,39,39,OK,,,,
06779.png,14,14,14,14,OK,,,,
06780.png,10,10,10,10,OK,,,,
06781.png,38,38,38,38,OK,,,,
06782.png,3,3,3,3,OK,,,,
06783.png,33,33,33,33,OK,,,,
06784.png,12,12,12,12,OK,,,,
06785.png,14,14,14,14,OK,,,,
06786.png,31,31,31,31,OK,,,,
06787.png,24,24,24,24,OK,,,,
06789.png,8,8,8,8,OK,,,,
06790.png,25,25,25,25,OK,,,,
06791.png,24,24,24,24,OK,,,,
06792.png,31,31,31,31,OK,,,,
06793.png,2,2,2,2,OK,,,,
06794.png,2,2,2,2,OK,,,,
06795.png,4,4,4,4,OK,,,,
06796.png,14,14,14,14,OK,,,,
06797.png,1,1,1,1,OK,,,,
06798.png,2,2,2,2,OK,,,,
06799.png,31,31,31,31,OK,,,,
06800.png,37,37,37,37,OK,,,,
06801.png,17,17,17,17,OK,,,,
06802.png,25,25,25,25,OK,,,,
06803.png,1,1,1,1,OK,,,,
06804.png,9,9,9,9,OK,,,,
06805.png,22,22,22,22,OK,,,,
06806.png,38,38,38,38,OK,,,,
06807.png,12,12,12,12,OK,,,,
06808.png,38,38,38,38,OK,,,,
06809.png,9,9,9,9,OK,,,,
06810.png,13,13,13,13,OK,,,,
06811.png,1,1,1,1,OK,,,,
06812.png,5,5,5,5,OK,,,,
06814.png,38,38,38,38,OK,,,,
06815.png,1,1,1,1,OK,,,,
06817.png,5,5,5,5,OK,,,,
06818.png,17,17,17,17,OK,,,,
06820.png,9,9,9,9,OK,,,,
06821.png,9,9,9,9,OK,,,,
06823.png,2,2,2,2,OK,,,,
06824.png,4,4,4,4,OK,,,,
06825.png,1,1,1,1,OK,,,,
06826.png,25,25,25,25,OK,,,,
06828.png,5,5,5,5,OK,,,,
06829.png,3,3,3,3,OK,,,,
06830.png,12,12,12,12,OK,,,,
06831.png,1,1,1,1,OK,,,,
06832.png,5,5,5,5,OK,,,,
06833.png,2,2,2,2,OK,,,,
06834.png,12,12,12,12,OK,,,,
06835.png,38,38,38,38,OK,,,,
06837.png,1,1,1,1,OK,,,,
06838.png,18,18,18,18,OK,,,,
06839.png,38,38,38,38,OK,,,,
06840.png,2,2,2,2,OK,,,,
06841.png,2,2,2,2,OK,,,,
06842.png,12,12,12,12,OK,,,,
06843.png,17,17,17,17,OK,,,,
06844.png,33,33,33,33,OK,,,,
06845.png,1,1,1,1,OK,,,,
06847.png,1,1,1,1,OK,,,,
06848.png,17,17,17,17,OK,,,,
06849.png,5,5,5,5,OK,,,,
06850.png,9,9,9,9,OK,,,,
06852.png,38,38,38,38,OK,,,,
06853.png,3,3,3,3,OK,,,,
06854.png,0,0,0,0,OK,,,,
06855.png,1,1,1,1,OK,,,,
06856.png,12,12,12,12,OK,,,,
06857.png,2,2,2,2,OK,,,,
06858.png,18,18,18,18,OK,,,,
06859.png,25,25,25,25,OK,,,,
06860.png,13,13,13,13,OK,,,,
06862.png,39,39,39,39,OK,,,,
06864.png,5,5,5,5,OK,,,,
06866.png,3,3,3,3,OK,,,,
06867.png,12,12,12,12,OK,,,,
06868.png,31,31,31,31,OK,,,,
06869.png,5,5,5,5,OK,,,,
06873.png,5,5,5,5,OK,,,,
06874.png,5,3,3,3,KO,,,,
06875.png,38,38,38,38,OK,,,,
06876.png,12,12,12,12,OK,,,,
06877.png,2,2,2,2,OK,,,,
06878.png,18,18,18,18,OK,,,,
06879.png,14,14,14,14,OK,,,,
06880.png,2,2,2,2,OK,,,,
06882.png,9,9,9,9,OK,,,,
06883.png,5,5,5,5,OK,,,,
06884.png,31,31,31,31,OK,,,,
06885.png,12,12,12,12,OK,,,,
06886.png,1,1,1,1,OK,,,,
06887.png,38,38,38,38,OK,,,,
06888.png,7,7,7,7,OK,,,,
06889.png,9,9,9,9,OK,,,,
06890.png,11,11,11,11,OK,,,,
06891.png,12,12,12,12,OK,,,,
06892.png,25,25,25,25,OK,,,,
06893.png,25,25,25,25,OK,,,,
06894.png,40,40,40,40,OK,,,,
06896.png,4,4,4,4,OK,,,,
06897.png,18,18,18,18,OK,,,,
06898.png,18,18,18,18,OK,,,,
06899.png,32,32,32,32,OK,,,,
06901.png,22,22,22,23,KO,,,,
06902.png,1,1,1,1,OK,,,,
06903.png,1,1,1,1,OK,,,,
06904.png,12,12,12,12,OK,,,,
06905.png,2,2,2,2,OK,,,,
06906.png,4,4,4,4,OK,,,,
06907.png,5,5,5,5,OK,,,,
06908.png,11,11,11,11,OK,,,,
06909.png,12,12,12,12,OK,,,,
06910.png,7,7,7,7,OK,,,,
06911.png,10,10,10,10,OK,,,,
06912.png,5,5,5,5,OK,,,,
06914.png,3,3,3,3,OK,,,,
06915.png,10,10,10,10,OK,,,,
06916.png,33,33,33,33,OK,,,,
06918.png,13,13,13,13,OK,,,,
06919.png,1,1,1,1,OK,,,,
06920.png,24,24,24,24,OK,,,,
06923.png,7,7,7,7,OK,,,,
06924.png,2,2,2,2,OK,,,,
06925.png,5,5,5,5,OK,,,,
06926.png,2,2,2,2,OK,,,,
06927.png,5,5,5,5,OK,,,,
06928.png,2,2,2,2,OK,,,,
06929.png,13,13,13,13,OK,,,,
06930.png,7,7,7,7,OK,,,,
06931.png,33,33,33,33,OK,,,,
06933.png,5,5,5,5,OK,,,,
06934.png,13,13,13,13,OK,,,,
06935.png,4,4,4,4,OK,,,,
06936.png,1,1,1,1,OK,,,,
06937.png,10,10,10,10,OK,,,,
06938.png,18,18,18,18,OK,,,,
06939.png,42,42,42,42,OK,,,,
06940.png,38,38,38,38,OK,,,,
06941.png,25,25,25,25,OK,,,,
06942.png,5,5,5,5,OK,,,,
06943.png,11,11,11,11,OK,,,,
06944.png,7,7,7,7,OK,,,,
06945.png,2,2,2,2,OK,,,,
06946.png,0,0,0,0,OK,,,,
06947.png,12,12,12,12,OK,,,,
06948.png,42,42,42,42,OK,,,,
06949.png,1,1,1,1,OK,,,,
06950.png,9,9,9,9,OK,,,,
06953.png,13,13,13,13,OK,,,,
06954.png,31,31,31,31,OK,,,,
06955.png,8,8,8,8,OK,,,,
06956.png,38,38,38,38,OK,,,,
06957.png,3,3,3,3,OK,,,,
06958.png,39,39,39,39,OK,,,,
06959.png,9,9,9,9,OK,,,,
06961.png,11,11,11,11,OK,,,,
06962.png,38,38,38,38,OK,,,,
06963.png,8,8,8,8,OK,,,,
06964.png,18,18,18,18,OK,,,,
06965.png,8,8,8,8,OK,,,,
06967.png,25,25,25,25,OK,,,,
06968.png,18,18,18,18,OK,,,,
06970.png,10,10,10,10,OK,,,,
06971.png,38,38,38,38,OK,,,,
06973.png,1,1,1,1,OK,,,,
06975.png,12,12,12,12,OK,,,,
06976.png,38,38,38,38,OK,,,,
06978.png,12,12,12,12,OK,,,,
06979.png,14,14,14,14,OK,,,,
06980.png,25,25,25,23,KO,,,,
06982.png,18,18,18,18,OK,,,,
06983.png,5,5,5,5,OK,,,,
06984.png,5,5,5,5,OK,,,,
06985.png,14,14,14,14,OK,,,,
06986.png,29,29,29,29,OK,,,,
06988.png,2,2,2,2,OK,,,,
06989.png,1,1,1,1,OK,,,,
06990.png,2,2,2,2,OK,,,,
06991.png,25,25,25,25,OK,,,,
06993.png,5,5,5,5,OK,,,,
06994.png,13,13,13,13,OK,,,,
06996.png,18,18,18,18,OK,,,,
06997.png,11,11,11,11,OK,,,,
06998.png,8,8,8,8,OK,,,,
06999.png,15,15,15,15,OK,,,,
07000.png,9,9,9,9,OK,,,,
07001.png,8,8,8,8,OK,,,,
07002.png,12,12,12,12,OK,,,,
07003.png,7,7,7,7,OK,,,,
07005.png,42,42,42,42,OK,,,,
07006.png,2,2,2,2,OK,,,,
07010.png,19,19,19,19,OK,,,,
07011.png,10,10,10,10,OK,,,,
07012.png,12,12,12,12,OK,,,,
07013.png,4,4,4,4,OK,,,,
07015.png,38,38,38,38,OK,,,,
07017.png,4,4,4,4,OK,,,,
07018.png,9,9,9,9,OK,,,,
07019.png,8,8,8,8,OK,,,,
07021.png,4,4,4,4,OK,,,,
07022.png,9,9,9,9,OK,,,,
07023.png,10,10,10,10,OK,,,,
07024.png,10,10,10,10,OK,,,,
07025.png,10,10,10,10,OK,,,,
07027.png,24,24,24,24,OK,,,,
07029.png,7,7,7,7,OK,,,,
07030.png,25,25,25,25,OK,,,,
07031.png,13,13,13,13,OK,,,,
07032.png,4,4,4,4,OK,,,,
07033.png,5,5,5,5,OK,,,,
07034.png,31,31,31,31,OK,,,,
07036.png,12,12,12,12,OK,,,,
07037.png,8,8,8,8,OK,,,,
07038.png,7,7,7,7,OK,,,,
07039.png,7,7,7,7,OK,,,,
07040.png,3,3,3,3,OK,,,,
07041.png,31,31,31,31,OK,,,,
07042.png,12,12,12,12,OK,,,,
07043.png,13,13,13,13,OK,,,,
07044.png,11,11,11,11,OK,,,,
07045.png,7,7,7,7,OK,,,,
07046.png,13,13,13,13,OK,,,,
07047.png,3,3,3,3,OK,,,,
07048.png,31,31,31,31,OK,,,,
07049.png,24,24,24,24,OK,,,,
07050.png,10,10,10,10,OK,,,,
07051.png,38,38,38,38,OK,,,,
07052.png,38,38,38,38,OK,,,,
07053.png,42,42,42,42,OK,,,,
07055.png,10,10,10,10,OK,,,,
07056.png,7,7,7,7,OK,,,,
07057.png,5,5,5,5,OK,,,,
07058.png,33,33,33,33,OK,,,,
07059.png,8,8,8,8,OK,,,,
07061.png,7,7,7,7,OK,,,,
07062.png,14,14,14,14,OK,,,,
07063.png,33,33,33,33,OK,,,,
07064.png,11,11,11,11,OK,,,,
07067.png,2,2,2,2,OK,,,,
07068.png,31,31,31,31,OK,,,,
07069.png,3,3,3,3,OK,,,,
07070.png,33,33,33,33,OK,,,,
07071.png,3,3,3,3,OK,,,,
07073.png,27,27,27,27,OK,,,,
07074.png,13,13,13,13,OK,,,,
07075.png,38,38,38,38,OK,,,,
07076.png,13,13,13,13,OK,,,,
07077.png,42,42,42,42,OK,,,,
07078.png,10,10,10,10,OK,,,,
07079.png,5,5,5,5,OK,,,,
07082.png,9,9,9,9,OK,,,,
07083.png,4,4,4,4,OK,,,,
07084.png,8,8,8,8,OK,,,,
07085.png,42,42,42,42,OK,,,,
07086.png,5,5,5,5,OK,,,,
07087.png,5,5,5,5,OK,,,,
07088.png,25,25,25,25,OK,,,,
07089.png,19,19,19,19,OK,,,,
07091.png,31,31,31,31,OK,,,,
07092.png,11,11,11,11,OK,,,,
07093.png,4,4,4,4,OK,,,,
07094.png,7,7,7,7,OK,,,,
07095.png,10,10,10,10,OK,,,,
07096.png,24,24,24,24,OK,,,,
07097.png,8,8,8,8,OK,,,,
07098.png,25,25,25,25,OK,,,,
07099.png,11,11,11,11,OK,,,,
07100.png,11,11,11,11,OK,,,,
07101.png,3,3,3,3,OK,,,,
07102.png,10,10,10,10,OK,,,,
07103.png,4,4,4,4,OK,,,,
07104.png,38,38,38,38,OK,,,,
07107.png,12,12,12,12,OK,,,,
07108.png,11,11,11,11,OK,,,,
07109.png,5,5,5,5,OK,,,,
07110.png,3,3,3,3,OK,,,,
07111.png,10,10,10,10,OK,,,,
07112.png,9,9,9,9,OK,,,,
07117.png,12,12,12,12,OK,,,,
07118.png,31,31,31,31,OK,,,,
07119.png,3,3,3,3,OK,,,,
07120.png,10,10,10,10,OK,,,,
07121.png,5,5,5,5,OK,,,,
07122.png,41,41,41,41,OK,,,,
07123.png,8,8,8,8,OK,,,,
07125.png,25,25,25,25,OK,,,,
07129.png,37,37,37,37,OK,,,,
07131.png,9,9,9,9,OK,,,,
07132.png,5,5,5,5,OK,,,,
07133.png,25,25,25,25,OK,,,,
07134.png,12,12,12,12,OK,,,,
07135.png,7,7,7,7,OK,,,,
07136.png,38,38,38,38,OK,,,,
07137.png,2,2,2,2,OK,,,,
07138.png,13,13,13,13,OK,,,,
07140.png,12,12,12,12,OK,,,,
07141.png,4,4,4,4,OK,,,,
07143.png,33,33,33,33,OK,,,,
07144.png,7,7,7,7,OK,,,,
07145.png,3,3,3,3,OK,,,,
07146.png,40,40,40,40,OK,,,,
07147.png,31,31,31,31,OK,,,,
07148.png,33,33,33,33,OK,,,,
07150.png,12,12,12,12,OK,,,,
07151.png,7,7,7,7,OK,,,,
07152.png,12,12,12,12,OK,,,,
07153.png,2,2,2,2,OK,,,,
07154.png,3,3,3,3,OK,,,,
07155.png,5,5,5,5,OK,,,,
07156.png,12,12,12,12,OK,,,,
07157.png,8,8,8,8,OK,,,,
07159.png,8,8,8,8,OK,,,,
07160.png,7,7,7,7,OK,,,,
07161.png,2,2,2,2,OK,,,,
07162.png,7,7,7,7,OK,,,,
07163.png,3,3,3,3,OK,,,,
07165.png,11,11,11,11,OK,,,,
07166.png,4,4,4,4,OK,,,,
07167.png,42,42,42,42,OK,,,,
07168.png,15,15,15,15,OK,,,,
07169.png,2,2,2,2,OK,,,,
07172.png,12,12,12,12,OK,,,,
07173.png,4,4,4,4,OK,,,,
07176.png,10,10,10,10,OK,,,,
07179.png,2,2,2,2,OK,,,,
07180.png,14,14,14,14,OK,,,,
07181.png,22,22,22,22,OK,,,,
07182.png,38,38,38,38,OK,,,,
07184.png,4,4,4,4,OK,,,,
07185.png,29,29,29,29,OK,,,,
07186.png,4,4,4,4,OK,,,,
07188.png,5,5,5,5,OK,,,,
07189.png,11,11,11,11,OK,,,,
07190.png,11,11,11,11,OK,,,,
07191.png,12,12,12,12,OK,,,,
07193.png,12,12,12,12,OK,,,,
07194.png,25,25,25,25,OK,,,,
07195.png,4,4,4,4,OK,,,,
07197.png,38,38,38,38,OK,,,,
07198.png,13,13,13,13,OK,,,,
07199.png,10,10,10,10,OK,,,,
07200.png,33,33,33,33,OK,,,,
07201.png,9,9,9,9,OK,,,,
07202.png,2,2,2,2,OK,,,,
07205.png,8,8,8,8,OK,,,,
07207.png,38,38,38,38,OK,,,,
07208.png,2,2,2,2,OK,,,,
07209.png,10,10,10,10,OK,,,,
07210.png,2,2,2,2,OK,,,,
07212.png,8,8,8,8,OK,,,,
07213.png,7,7,7,7,OK,,,,
07214.png,7,7,7,7,OK,,,,
07215.png,14,14,14,14,OK,,,,
07216.png,3,3,3,3,OK,,,,
07217.png,32,32,32,32,OK,,,,
07218.png,11,11,11,11,OK,,,,
07220.png,9,9,9,9,OK,,,,
07221.png,15,15,15,15,OK,,,,
07224.png,4,4,4,4,OK,,,,
07225.png,27,27,27,27,OK,,,,
07226.png,38,38,38,38,OK,,,,
07227.png,11,11,11,11,OK,,,,
07228.png,13,13,13,13,OK,,,,
07230.png,11,11,11,11,OK,,,,
07231.png,22,22,22,22,OK,,,,
07232.png,10,10,10,10,OK,,,,
07233.png,5,5,5,5,OK,,,,
07236.png,38,38,38,38,OK,,,,
07237.png,12,12,12,12,OK,,,,
07239.png,13,13,13,13,OK,,,,
07240.png,12,12,12,12,OK,,,,
07241.png,9,9,9,9,OK,,,,
07243.png,41,41,41,41,OK,,,,
07244.png,13,13,13,13,OK,,,,
07245.png,11,11,11,11,OK,,,,
07248.png,33,33,33,33,OK,,,,
07249.png,4,4,4,4,OK,,,,
07250.png,3,3,3,3,OK,,,,
07251.png,15,15,15,15,OK,,,,
07253.png,4,4,4,4,OK,,,,
07254.png,38,38,38,38,OK,,,,
07258.png,42,42,42,42,OK,,,,
07259.png,5,5,5,5,OK,,,,
07260.png,5,5,5,5,OK,,,,
07261.png,31,31,31,31,OK,,,,
07263.png,5,5,5,5,OK,,,,
07265.png,12,12,12,12,OK,,,,
07267.png,40,40,40,40,OK,,,,
07269.png,8,8,8,8,OK,,,,
07272.png,10,10,10,10,OK,,,,
07273.png,12,12,12,12,OK,,,,
07274.png,14,14,14,14,OK,,,,
07275.png,42,42,42,42,OK,,,,
07276.png,10,10,10,10,OK,,,,
07278.png,5,5,5,5,OK,,,,
07279.png,26,13,12,12,KO,,,,
07280.png,4,4,4,4,OK,,,,
07284.png,25,25,25,25,OK,,,,
07285.png,12,12,12,12,OK,,,,
07287.png,8,8,8,8,OK,,,,
07288.png,5,5,5,5,OK,,,,
07290.png,25,25,25,25,OK,,,,
07291.png,5,5,5,5,OK,,,,
07293.png,32,32,32,32,OK,,,,
07294.png,14,14,14,14,OK,,,,
07297.png,9,9,9,9,OK,,,,
07299.png,7,7,7,7,OK,,,,
07301.png,3,3,3,3,OK,,,,
07302.png,11,11,11,11,OK,,,,
07304.png,41,41,41,41,OK,,,,
07305.png,42,42,42,42,OK,,,,
07308.png,10,10,10,10,OK,,,,
07310.png,14,14,14,14,OK,,,,
07311.png,38,38,38,38,OK,,,,
07312.png,7,7,7,7,OK,,,,
07317.png,8,8,8,8,OK,,,,
07318.png,3,3,3,3,OK,,,,
07319.png,3,3,3,3,OK,,,,
07320.png,32,32,32,32,OK,,,,
07321.png,38,38,38,38,OK,,,,
07323.png,5,5,5,5,OK,,,,
07325.png,13,13,13,13,OK,,,,
07326.png,8,8,8,8,OK,,,,
07327.png,8,8,8,8,OK,,,,
07328.png,4,4,4,4,OK,,,,
07330.png,8,8,8,8,OK,,,,
07333.png,4,4,4,4,OK,,,,
07335.png,38,38,38,38,OK,,,,
07336.png,9,9,9,9,OK,,,,
07337.png,9,9,9,9,OK,,,,
07338.png,3,3,3,3,OK,,,,
07339.png,10,10,10,10,OK,,,,
07340.png,29,29,29,29,OK,,,,
07341.png,33,33,33,33,OK,,,,
07342.png,7,7,7,7,OK,,,,
07344.png,9,9,9,9,OK,,,,
07347.png,31,31,31,31,OK,,,,
07348.png,39,39,39,39,OK,,,,
07349.png,9,9,9,9,OK,,,,
07350.png,15,15,15,15,OK,,,,
07352.png,5,5,5,5,OK,,,,
07353.png,38,38,38,38,OK,,,,
07356.png,38,38,38,38,OK,,,,
07357.png,11,11,11,11,OK,,,,
07361.png,38,38,38,38,OK,,,,
07363.png,8,8,8,8,OK,,,,
07365.png,5,5,5,5,OK,,,,
07366.png,14,14,14,14,OK,,,,
07369.png,13,13,13,13,OK,,,,
07370.png,38,38,38,38,OK,,,,
07371.png,4,4,4,4,OK,,,,
07372.png,31,31,31,31,OK,,,,
07375.png,31,31,31,31,OK,,,,
07377.png,5,5,5,5,OK,,,,
07378.png,33,33,33,33,OK,,,,
07379.png,5,5,5,5,OK,,,,
07380.png,3,3,3,3,OK,,,,
07381.png,38,38,38,38,OK,,,,
07382.png,13,13,13,13,OK,,,,
07384.png,13,13,13,13,OK,,,,
07385.png,14,14,14,14,OK,,,,
07386.png,13,13,13,13,OK,,,,
07389.png,31,31,31,31,OK,,,,
07390.png,11,11,11,11,OK,,,,
07392.png,15,15,15,15,OK,,,,
07393.png,10,10,10,10,OK,,,,
07395.png,19,19,19,19,OK,,,,
07398.png,7,7,7,7,OK,,,,
07399.png,32,32,32,32,OK,,,,
07401.png,10,10,10,10,OK,,,,
07402.png,25,25,25,25,OK,,,,
07403.png,9,9,9,9,OK,,,,
07405.png,13,13,13,13,OK,,,,
07406.png,21,21,21,21,OK,,,,
07407.png,10,10,10,10,OK,,,,
07411.png,37,37,37,37,OK,,,,
07412.png,25,25,25,25,OK,,,,
07413.png,5,5,5,5,OK,,,,
07419.png,7,7,7,7,OK,,,,
07421.png,8,8,8,8,OK,,,,
07423.png,3,3,3,3,OK,,,,
07426.png,8,8,8,8,OK,,,,
07428.png,31,31,31,31,OK,,,,
07433.png,13,13,13,13,OK,,,,
07435.png,11,11,11,11,OK,,,,
07436.png,8,8,8,8,OK,,,,
07438.png,8,8,8,8,OK,,,,
07440.png,3,3,3,3,OK,,,,
07441.png,8,8,8,8,OK,,,,
07444.png,25,25,25,25,OK,,,,
07445.png,25,25,25,25,OK,,,,
07447.png,8,8,8,8,OK,,,,
07450.png,9,9,9,9,OK,,,,
07451.png,7,7,7,7,OK,,,,
07452.png,25,25,25,25,OK,,,,
07453.png,7,7,7,7,OK,,,,
07454.png,42,42,42,42,OK,,,,
07456.png,4,4,4,4,OK,,,,
07457.png,14,14,14,14,OK,,,,
07458.png,14,14,14,14,OK,,,,
07459.png,5,5,5,5,OK,,,,
07460.png,41,41,41,41,OK,,,,
07462.png,15,15,15,15,OK,,,,
07463.png,7,7,7,7,OK,,,,
07464.png,8,8,8,8,OK,,,,
07465.png,14,14,14,14,OK,,,,
07466.png,9,9,9,9,OK,,,,
07467.png,20,20,20,20,OK,,,,
07468.png,3,3,3,3,OK,,,,
07470.png,3,3,3,3,OK,,,,
07471.png,38,38,38,38,OK,,,,
07472.png,13,13,13,13,OK,,,,
07473.png,3,3,3,3,OK,,,,
07475.png,10,10,10,10,OK,,,,
07476.png,33,33,33,33,OK,,,,
07477.png,7,7,7,7,OK,,,,
07480.png,31,31,31,31,OK,,,,
07481.png,33,33,33,33,OK,,,,
07482.png,8,8,8,8,OK,,,,
07484.png,9,9,9,9,OK,,,,
07485.png,21,21,21,21,OK,,,,
07486.png,13,13,13,13,OK,,,,
07488.png,8,8,8,8,OK,,,,
07489.png,33,33,33,33,OK,,,,
07490.png,14,14,14,14,OK,,,,
07492.png,10,10,10,10,OK,,,,
07494.png,5,5,5,5,OK,,,,
07496.png,13,13,13,13,OK,,,,
07498.png,37,37,37,37,OK,,,,
07499.png,4,4,4,4,OK,,,,
07501.png,3,3,3,3,OK,,,,
07502.png,8,8,8,8,OK,,,,
07503.png,38,38,38,38,OK,,,,
07504.png,42,42,42,42,OK,,,,
07505.png,29,29,29,29,OK,,,,
07510.png,5,5,5,5,OK,,,,
07512.png,38,38,38,38,OK,,,,
07513.png,8,8,8,8,OK,,,,
07514.png,38,38,38,38,OK,,,,
07515.png,13,13,13,13,OK,,,,
07522.png,11,11,11,11,OK,,,,
07523.png,10,10,10,10,OK,,,,
07524.png,25,25,25,25,OK,,,,
07526.png,5,5,5,5,OK,,,,
07527.png,29,29,29,29,OK,,,,
07528.png,31,31,31,31,OK,,,,
07529.png,14,14,14,14,OK,,,,
07531.png,38,38,38,38,OK,,,,
07532.png,3,3,3,3,OK,,,,
07534.png,14,14,14,14,OK,,,,
07535.png,11,11,11,11,OK,,,,
07536.png,25,25,25,25,OK,,,,
07537.png,38,38,38,38,OK,,,,
07538.png,8,8,8,8,OK,,,,
07540.png,39,39,39,39,OK,,,,
07543.png,4,4,4,4,OK,,,,
07544.png,4,4,4,4,OK,,,,
07547.png,4,4,4,4,OK,,,,
07549.png,25,25,25,25,OK,,,,
07551.png,5,5,5,5,OK,,,,
07553.png,27,27,27,28,KO,,,,
07556.png,38,38,38,38,OK,,,,
07557.png,11,11,11,11,OK,,,,
07558.png,4,4,4,4,OK,,,,
07560.png,9,9,9,9,OK,,,,
07561.png,4,4,4,4,OK,,,,
07563.png,25,25,25,25,OK,,,,
07564.png,4,4,4,4,OK,,,,
07567.png,13,13,13,13,OK,,,,
07571.png,21,21,21,21,OK,,,,
07573.png,10,10,10,10,OK,,,,
07574.png,5,5,5,5,OK,,,,
07575.png,42,42,42,42,OK,,,,
07576.png,13,13,13,13,OK,,,,
07577.png,4,4,4,4,OK,,,,
07580.png,3,3,3,3,OK,,,,
07581.png,13,13,13,13,OK,,,,
07582.png,19,19,19,19,OK,,,,
07584.png,3,3,3,3,OK,,,,
07585.png,4,4,4,4,OK,,,,
07587.png,5,5,5,5,OK,,,,
07588.png,31,31,31,31,OK,,,,
07589.png,13,13,13,13,OK,,,,
07590.png,25,25,25,25,OK,,,,
07594.png,39,39,39,39,OK,,,,
07595.png,38,38,38,38,OK,,,,
07597.png,31,31,31,31,OK,,,,
07598.png,38,38,38,38,OK,,,,
07599.png,38,38,38,38,OK,,,,
07600.png,3,3,3,3,OK,,,,
07601.png,13,13,13,13,OK,,,,
07604.png,10,10,10,10,OK,,,,
07605.png,11,11,11,11,OK,,,,
07606.png,38,38,38,38,OK,,,,
07607.png,7,7,7,7,OK,,,,
07609.png,33,33,33,33,OK,,,,
07610.png,10,10,10,10,OK,,,,
07613.png,3,3,3,3,OK,,,,
07614.png,3,3,3,3,OK,,,,
07615.png,13,13,13,13,OK,,,,
07618.png,31,31,31,31,OK,,,,
07619.png,38,38,38,38,OK,,,,
07622.png,9,9,9,9,OK,,,,
07624.png,8,8,8,8,OK,,,,
07625.png,31,31,31,31,OK,,,,
07626.png,3,3,3,3,OK,,,,
07627.png,31,31,31,31,OK,,,,
07628.png,33,33,33,33,OK,,,,
07633.png,30,30,30,30,OK,,,,
07634.png,4,4,4,4,OK,,,,
07636.png,38,38,38,38,OK,,,,
07641.png,9,9,9,9,OK,,,,
07642.png,10,10,10,10,OK,,,,
07643.png,4,4,4,4,OK,,,,
07645.png,25,25,25,25,OK,,,,
07646.png,31,31,31,31,OK,,,,
07647.png,25,25,25,25,OK,,,,
07649.png,13,13,13,13,OK,,,,
07651.png,3,3,3,3,OK,,,,
07652.png,31,31,31,31,OK,,,,
07653.png,33,33,33,33,OK,,,,
07656.png,15,15,15,15,OK,,,,
07657.png,4,4,4,4,OK,,,,
07659.png,8,8,8,8,OK,,,,
07660.png,38,38,38,38,OK,,,,
07661.png,33,33,33,33,OK,,,,
07662.png,31,31,31,31,OK,,,,
07663.png,38,38,38,38,OK,,,,
07667.png,31,31,31,31,OK,,,,
07668.png,10,10,10,10,OK,,,,
07670.png,5,5,5,5,OK,,,,
07671.png,5,5,5,5,OK,,,,
07672.png,4,4,4,4,OK,,,,
07673.png,38,38,38,38,OK,,,,
07675.png,7,7,7,7,OK,,,,
07676.png,21,21,21,21,OK,,,,
07677.png,31,31,31,31,OK,,,,
07679.png,8,8,8,8,OK,,,,
07680.png,25,25,25,25,OK,,,,
07681.png,4,4,4,4,OK,,,,
07683.png,7,7,7,7,OK,,,,
07690.png,7,7,7,7,OK,,,,
07692.png,25,25,25,25,OK,,,,
07697.png,29,29,29,29,OK,,,,
07698.png,8,8,8,8,OK,,,,
07699.png,9,9,9,9,OK,,,,
07701.png,5,5,5,5,OK,,,,
07704.png,10,10,10,10,OK,,,,
07707.png,4,4,4,4,OK,,,,
07709.png,4,4,4,4,OK,,,,
07710.png,25,25,25,25,OK,,,,
07711.png,7,7,7,7,OK,,,,
07712.png,0,0,0,0,OK,,,,
07714.png,25,25,25,25,OK,,,,
07715.png,20,20,20,20,OK,,,,
07717.png,11,11,11,11,OK,,,,
07718.png,9,9,9,9,OK,,,,
07719.png,5,5,5,5,OK,,,,
07720.png,27,27,27,27,OK,,,,
07722.png,4,4,4,4,OK,,,,
07723.png,5,5,5,5,OK,,,,
07726.png,4,4,4,4,OK,,,,
07728.png,9,9,9,9,OK,,,,
07729.png,3,3,3,3,OK,,,,
07730.png,5,5,5,5,OK,,,,
07733.png,11,11,11,11,OK,,,,
07735.png,10,10,10,10,OK,,,,
07737.png,20,20,20,20,OK,,,,
07741.png,20,20,20,20,OK,,,,
07742.png,25,25,25,25,OK,,,,
07744.png,5,5,5,5,OK,,,,
07746.png,8,8,8,8,OK,,,,
07748.png,11,11,11,11,OK,,,,
07749.png,7,7,7,7,OK,,,,
07750.png,3,3,3,3,OK,,,,
07751.png,10,10,10,10,OK,,,,
07752.png,10,10,10,10,OK,,,,
07755.png,7,7,7,7,OK,,,,
07756.png,8,8,8,8,OK,,,,
07761.png,9,9,9,9,OK,,,,
07762.png,4,4,4,4,OK,,,,
07763.png,39,39,39,39,OK,,,,
07764.png,10,10,10,10,OK,,,,
07770.png,9,9,9,9,OK,,,,
07771.png,8,8,8,8,OK,,,,
07773.png,11,11,11,11,OK,,,,
07774.png,3,3,3,3,OK,,,,
07777.png,8,8,8,8,OK,,,,
07778.png,7,7,7,7,OK,,,,
07782.png,8,8,8,8,OK,,,,
07785.png,33,33,33,33,OK,,,,
07786.png,31,31,31,31,OK,,,,
07787.png,9,9,9,9,OK,,,,
07791.png,9,9,9,9,OK,,,,
07795.png,4,4,4,4,OK,,,,
07796.png,8,8,8,8,OK,,,,
07798.png,37,37,37,37,OK,,,,
07799.png,8,8,8,8,OK,,,,
07803.png,11,11,11,11,OK,,,,
07808.png,8,8,8,8,OK,,,,
07809.png,31,31,31,31,OK,,,,
07810.png,7,7,7,7,OK,,,,
07812.png,5,5,5,5,OK,,,,
07813.png,7,7,7,7,OK,,,,
07814.png,31,31,31,31,OK,,,,
07815.png,9,9,9,9,OK,,,,
07816.png,10,10,10,10,OK,,,,
07818.png,8,8,8,8,OK,,,,
07820.png,10,10,10,10,OK,,,,
07821.png,5,5,5,5,OK,,,,
07822.png,5,5,5,5,OK,,,,
07823.png,25,25,25,25,OK,,,,
07824.png,24,24,24,24,OK,,,,
07825.png,14,14,14,14,OK,,,,
07829.png,4,4,4,4,OK,,,,
07831.png,4,4,4,4,OK,,,,
07832.png,7,7,7,7,OK,,,,
07833.png,39,39,39,39,OK,,,,
07835.png,5,5,5,5,OK,,,,
07837.png,3,3,3,3,OK,,,,
07839.png,31,31,31,31,OK,,,,
07840.png,25,25,25,25,OK,,,,
07841.png,3,3,3,3,OK,,,,
07842.png,5,5,5,5,OK,,,,
07843.png,10,10,10,10,OK,,,,
07845.png,42,42,42,42,OK,,,,
07846.png,7,7,7,7,OK,,,,
07847.png,25,25,25,25,OK,,,,
07849.png,8,8,8,8,OK,,,,
07851.png,5,5,5,5,OK,,,,
07858.png,33,33,33,33,OK,,,,
07860.png,4,4,4,4,OK,,,,
07861.png,5,5,5,5,OK,,,,
07862.png,5,5,5,5,OK,,,,
07863.png,11,11,11,11,OK,,,,
07864.png,25,25,25,25,OK,,,,
07865.png,10,10,10,10,OK,,,,
07866.png,7,7,7,7,OK,,,,
07867.png,4,4,4,4,OK,,,,
07870.png,8,8,8,8,OK,,,,
07871.png,4,4,4,4,OK,,,,
07874.png,14,14,14,14,OK,,,,
07877.png,37,37,37,37,OK,,,,
07879.png,5,5,5,5,OK,,,,
07885.png,20,20,20,20,OK,,,,
07888.png,14,14,14,14,OK,,,,
07892.png,25,25,25,25,OK,,,,
07896.png,5,5,5,5,OK,,,,
07897.png,25,25,25,25,OK,,,,
07898.png,5,5,5,5,OK,,,,
07901.png,4,4,4,4,OK,,,,
07902.png,4,4,4,4,OK,,,,
07905.png,3,3,3,3,OK,,,,
07906.png,5,5,5,5,OK,,,,
07910.png,21,21,21,21,OK,,,,
07914.png,4,4,4,4,OK,,,,
07919.png,31,31,31,31,OK,,,,
07920.png,11,11,11,11,OK,,,,
07922.png,14,14,14,14,OK,,,,
07923.png,32,32,32,32,OK,,,,
07925.png,37,37,37,37,OK,,,,
07926.png,5,5,5,5,OK,,,,
07929.png,15,15,15,15,OK,,,,
07931.png,25,25,25,25,OK,,,,
07932.png,5,5,5,5,OK,,,,
07934.png,25,25,25,25,OK,,,,
07937.png,5,5,5,5,OK,,,,
07938.png,33,33,33,33,OK,,,,
07942.png,15,15,15,15,OK,,,,
07944.png,7,7,7,7,OK,,,,
07949.png,42,42,42,42,OK,,,,
07950.png,11,11,11,11,OK,,,,
07955.png,37,37,37,37,OK,,,,
07957.png,4,8,8,8,KO,,,,
07958.png,7,7,7,7,OK,,,,
07959.png,5,5,5,5,OK,,,,
07961.png,14,14,14,14,OK,,,,
07962.png,3,3,3,3,OK,,,,
07965.png,15,15,15,15,OK,,,,
07966.png,25,25,25,25,OK,,,,
07967.png,8,8,8,8,OK,,,,
07968.png,3,3,3,3,OK,,,,
07970.png,9,9,9,9,OK,,,,
07972.png,3,3,3,3,OK,,,,
07975.png,4,4,4,4,OK,,,,
07976.png,9,9,9,9,OK,,,,
07981.png,25,25,25,25,OK,,,,
07985.png,24,24,24,24,OK,,,,
07986.png,5,5,5,5,OK,,,,
07987.png,19,19,19,19,OK,,,,
07990.png,7,7,7,7,OK,,,,
07991.png,11,11,11,11,OK,,,,
07992.png,11,11,11,11,OK,,,,
07993.png,11,11,11,11,OK,,,,
07994.png,3,3,3,3,OK,,,,
07998.png,4,4,4,4,OK,,,,
08000.png,32,32,32,32,OK,,,,
08001.png,5,5,5,5,OK,,,,
08002.png,4,4,4,4,OK,,,,
08004.png,7,7,7,7,OK,,,,
08006.png,20,20,20,20,OK,,,,
08009.png,21,21,21,21,OK,,,,
08012.png,25,25,25,25,OK,,,,
08013.png,21,21,21,21,OK,,,,
08014.png,4,4,4,4,OK,,,,
08016.png,7,7,7,7,OK,,,,
08022.png,7,7,7,7,OK,,,,
08023.png,9,9,9,9,OK,,,,
08028.png,3,3,3,3,OK,,,,
08032.png,7,7,7,7,OK,,,,
08033.png,9,9,9,9,OK,,,,
08034.png,9,9,9,9,OK,,,,
08035.png,9,9,9,9,OK,,,,
08036.png,21,21,21,21,OK,,,,
08038.png,31,31,31,31,OK,,,,
08042.png,27,27,27,27,OK,,,,
08043.png,31,31,31,31,OK,,,,
08044.png,25,25,25,25,OK,,,,
08046.png,11,11,11,11,OK,,,,
08047.png,24,24,24,24,OK,,,,
08048.png,8,8,8,8,OK,,,,
08050.png,9,9,9,9,OK,,,,
08051.png,3,3,3,3,OK,,,,
08056.png,39,39,39,39,OK,,,,
08066.png,9,9,9,9,OK,,,,
08076.png,24,24,24,24,OK,,,,
08077.png,3,3,3,3,OK,,,,
08081.png,9,9,9,9,OK,,,,
08082.png,8,8,8,8,OK,,,,
08085.png,7,7,7,7,OK,,,,
08086.png,9,9,9,9,OK,,,,
08087.png,9,9,9,9,OK,,,,
08090.png,33,33,33,33,OK,,,,
08093.png,5,5,5,5,OK,,,,
08094.png,5,5,5,5,OK,,,,
08095.png,3,3,3,3,OK,,,,
08102.png,11,11,11,11,OK,,,,
08104.png,32,32,32,32,OK,,,,
08108.png,11,11,11,11,OK,,,,
08110.png,4,4,4,4,OK,,,,
08117.png,4,4,4,4,OK,,,,
08118.png,21,21,21,21,OK,,,,
08120.png,3,3,3,3,OK,,,,
08128.png,7,7,7,7,OK,,,,
08130.png,25,25,25,25,OK,,,,
08132.png,8,8,8,8,OK,,,,
08133.png,27,27,27,27,OK,,,,
08134.png,4,4,4,4,OK,,,,
08135.png,41,41,41,41,OK,,,,
08136.png,7,7,7,7,OK,,,,
08137.png,3,3,3,3,OK,,,,
08138.png,15,15,15,15,OK,,,,
08139.png,9,9,9,9,OK,,,,
08141.png,7,7,7,7,OK,,,,
08142.png,32,32,32,32,OK,,,,
08143.png,14,14,14,14,OK,,,,
08145.png,9,9,9,9,OK,,,,
08152.png,7,7,7,7,OK,,,,
08155.png,8,8,8,8,OK,,,,
08156.png,3,3,3,3,OK,,,,
08157.png,11,11,11,11,OK,,,,
08158.png,7,7,7,7,OK,,,,
08160.png,5,5,5,5,OK,,,,
08161.png,4,4,4,4,OK,,,,
08162.png,33,33,33,33,OK,,,,
08165.png,4,4,4,4,OK,,,,
08166.png,25,25,25,25,OK,,,,
08167.png,25,25,25,25,OK,,,,
08168.png,37,37,37,37,OK,,,,
08171.png,15,15,15,15,OK,,,,
08173.png,11,11,11,11,OK,,,,
08174.png,5,5,5,5,OK,,,,
08184.png,19,19,19,19,OK,,,,
08190.png,5,5,5,5,OK,,,,
08191.png,5,5,5,5,OK,,,,
08192.png,9,9,9,9,OK,,,,
08196.png,3,3,3,3,OK,,,,
08198.png,3,3,3,3,OK,,,,
08200.png,4,4,4,4,OK,,,,
08205.png,42,42,42,42,OK,,,,
08207.png,7,7,7,7,OK,,,,
08209.png,3,3,3,3,OK,,,,
08210.png,19,19,19,19,OK,,,,
08214.png,9,9,9,9,OK,,,,
08217.png,33,33,33,33,OK,,,,
08218.png,15,15,15,15,OK,,,,
08224.png,4,4,4,4,OK,,,,
08226.png,31,31,31,31,OK,,,,
08228.png,31,31,31,31,OK,,,,
08233.png,9,9,9,9,OK,,,,
08235.png,31,31,31,31,OK,,,,
08239.png,8,8,8,8,OK,,,,
08243.png,7,7,7,7,OK,,,,
08246.png,7,7,7,7,OK,,,,
08249.png,8,8,8,8,OK,,,,
08251.png,9,9,9,9,OK,,,,
08252.png,9,9,9,9,OK,,,,
08254.png,41,41,41,41,OK,,,,
08258.png,33,33,33,33,OK,,,,
08265.png,11,11,11,11,OK,,,,
08267.png,7,7,7,7,OK,,,,
08269.png,14,14,14,14,OK,,,,
08271.png,8,8,8,8,OK,,,,
08273.png,7,7,7,7,OK,,,,
08274.png,9,9,9,9,OK,,,,
08275.png,11,11,11,11,OK,,,,
08278.png,5,8,8,5,KO,,,,
08281.png,3,3,3,3,OK,,,,
08283.png,31,31,31,31,OK,,,,
08290.png,14,14,14,14,OK,,,,
08296.png,11,11,11,11,OK,,,,
08297.png,11,11,11,11,OK,,,,
08299.png,21,21,21,21,OK,,,,
08301.png,25,25,25,25,OK,,,,
08310.png,3,3,3,3,OK,,,,
08317.png,11,11,11,11,OK,,,,
08318.png,9,9,9,9,OK,,,,
08321.png,3,3,3,3,OK,,,,
08326.png,25,25,25,25,OK,,,,
08328.png,15,15,15,15,OK,,,,
08332.png,31,31,31,31,OK,,,,
08337.png,39,39,39,39,OK,,,,
08339.png,11,11,11,11,OK,,,,
08340.png,31,31,31,31,OK,,,,
08343.png,25,25,25,25,OK,,,,
08345.png,7,7,7,7,OK,,,,
08350.png,9,9,9,9,OK,,,,
08352.png,21,21,21,21,OK,,,,
08355.png,31,31,31,31,OK,,,,
08356.png,9,9,9,9,OK,,,,
08357.png,33,33,33,33,OK,,,,
08358.png,31,31,31,31,OK,,,,
08361.png,20,20,20,20,OK,,,,
08362.png,31,31,31,31,OK,,,,
08364.png,25,25,25,25,OK,,,,
08370.png,11,11,11,11,OK,,,,
08372.png,33,33,33,33,OK,,,,
08374.png,9,9,9,9,OK,,,,
08375.png,20,20,20,20,OK,,,,
08377.png,25,25,25,25,OK,,,,
08379.png,9,9,9,9,OK,,,,
08381.png,8,8,8,8,OK,,,,
08382.png,39,39,39,39,OK,,,,
08384.png,9,9,9,9,OK,,,,
08387.png,8,8,8,8,OK,,,,
08388.png,25,25,25,25,OK,,,,
08390.png,3,3,3,3,OK,,,,
08393.png,3,3,3,3,OK,,,,
08395.png,25,25,25,25,OK,,,,
08398.png,19,19,19,19,OK,,,,
08400.png,25,25,25,25,OK,,,,
08403.png,39,39,39,39,OK,,,,
08407.png,3,3,3,3,OK,,,,
08409.png,8,8,8,8,OK,,,,
08415.png,9,9,9,9,OK,,,,
08422.png,27,27,27,27,OK,,,,
08423.png,39,39,39,39,OK,,,,
08424.png,37,37,37,37,OK,,,,
08426.png,3,3,3,3,OK,,,,
08427.png,15,15,15,15,OK,,,,
08428.png,24,24,24,24,OK,,,,
08435.png,31,31,31,31,OK,,,,
08437.png,11,11,11,11,OK,,,,
08438.png,15,15,15,15,OK,,,,
08439.png,15,15,15,15,OK,,,,
08441.png,7,7,7,7,OK,,,,
08445.png,7,7,7,7,OK,,,,
08446.png,11,11,11,11,OK,,,,
08447.png,21,21,21,21,OK,,,,
08448.png,14,14,14,14,OK,,,,
08449.png,24,24,24,24,OK,,,,
08452.png,20,20,20,20,OK,,,,
08454.png,9,9,9,9,OK,,,,
08456.png,41,41,41,41,OK,,,,
08460.png,21,21,21,21,OK,,,,
08462.png,20,20,20,20,OK,,,,
08465.png,25,25,25,25,OK,,,,
08466.png,9,9,9,9,OK,,,,
08468.png,3,3,3,3,OK,,,,
08472.png,8,8,8,8,OK,,,,
08473.png,7,7,7,7,OK,,,,
08474.png,9,9,9,9,OK,,,,
08475.png,14,14,14,14,OK,,,,
08476.png,14,14,14,14,OK,,,,
08477.png,14,14,14,14,OK,,,,
08478.png,7,7,7,7,OK,,,,
08482.png,11,11,11,11,OK,,,,
08484.png,33,33,33,33,OK,,,,
08485.png,11,11,11,11,OK,,,,
08488.png,11,11,11,11,OK,,,,
08493.png,7,7,7,7,OK,,,,
08502.png,15,15,15,15,OK,,,,
08504.png,9,9,9,9,OK,,,,
08505.png,37,37,37,37,OK,,,,
08515.png,7,7,7,7,OK,,,,
08516.png,11,11,11,11,OK,,,,
08518.png,7,7,7,7,OK,,,,
08522.png,9,9,9,9,OK,,,,
08524.png,7,7,7,7,OK,,,,
08525.png,39,39,39,39,OK,,,,
08526.png,7,7,7,7,OK,,,,
08527.png,25,25,25,25,OK,,,,
08529.png,25,25,25,25,OK,,,,
08530.png,15,15,15,15,OK,,,,
08540.png,8,8,8,8,OK,,,,
08544.png,39,39,39,39,OK,,,,
08548.png,14,14,14,14,OK,,,,
08552.png,3,3,3,3,OK,,,,
08564.png,8,8,8,8,OK,,,,
08567.png,8,8,8,8,OK,,,,
08573.png,14,14,14,14,OK,,,,
08574.png,27,27,27,27,OK,,,,
08581.png,31,31,31,31,OK,,,,
08583.png,7,7,7,7,OK,,,,
08584.png,11,11,11,11,OK,,,,
08585.png,27,27,27,28,KO,,,,
08586.png,14,14,14,14,OK,,,,
08588.png,31,31,31,31,OK,,,,
08593.png,11,11,11,11,OK,,,,
08597.png,8,8,8,8,OK,,,,
08599.png,24,24,24,24,OK,,,,
08602.png,3,3,3,3,OK,,,,
08606.png,8,8,8,8,OK,,,,
08607.png,14,14,14,14,OK,,,,
08613.png,31,31,31,31,OK,,,,
08618.png,8,8,8,8,OK,,,,
08620.png,31,31,31,31,OK,,,,
08626.png,15,15,15,15,OK,,,,
08627.png,7,7,7,7,OK,,,,
08628.png,14,14,14,14,OK,,,,
08630.png,15,15,15,15,OK,,,,
08639.png,9,9,9,9,OK,,,,
08642.png,9,9,9,9,OK,,,,
08645.png,9,9,9,9,OK,,,,
08646.png,8,8,8,8,OK,,,,
08655.png,8,8,8,8,OK,,,,
08657.png,31,31,31,31,OK,,,,
08659.png,8,8,8,8,OK,,,,
08660.png,19,19,19,19,OK,,,,
08664.png,11,11,11,11,OK,,,,
08672.png,14,14,14,14,OK,,,,
08674.png,9,9,9,9,OK,,,,
08682.png,31,31,31,31,OK,,,,
08683.png,3,3,3,3,OK,,,,
08684.png,41,41,41,41,OK,,,,
08688.png,25,25,25,25,OK,,,,
08690.png,8,8,8,8,OK,,,,
08692.png,25,25,25,25,OK,,,,
08694.png,8,8,8,8,OK,,,,
08696.png,15,15,15,15,OK,,,,
08698.png,9,9,9,9,OK,,,,
08699.png,11,11,11,11,OK,,,,
08700.png,42,42,42,42,OK,,,,
08703.png,33,33,33,33,OK,,,,
08711.png,41,41,41,41,OK,,,,
08716.png,9,9,9,9,OK,,,,
08721.png,25,25,25,25,OK,,,,
08727.png,41,41,41,41,OK,,,,
08729.png,33,33,33,33,OK,,,,
08735.png,32,32,32,32,OK,,,,
08737.png,15,15,15,15,OK,,,,
08740.png,27,27,27,27,OK,,,,
08745.png,8,8,8,8,OK,,,,
08746.png,24,24,24,24,OK,,,,
08747.png,33,33,33,33,OK,,,,
08750.png,25,25,25,25,OK,,,,
08751.png,31,31,31,31,OK,,,,
08752.png,9,9,9,9,OK,,,,
08753.png,15,15,15,15,OK,,,,
08755.png,9,9,9,9,OK,,,,
08757.png,15,15,15,15,OK,,,,
08762.png,9,9,9,9,OK,,,,
08768.png,15,15,15,15,OK,,,,
08769.png,32,32,32,32,OK,,,,
08773.png,27,27,27,27,OK,,,,
08776.png,9,9,9,9,OK,,,,
08785.png,7,7,7,7,OK,,,,
08788.png,7,7,7,7,OK,,,,
08792.png,25,25,25,25,OK,,,,
08793.png,7,7,7,7,OK,,,,
08799.png,25,25,25,25,OK,,,,
08800.png,8,8,8,8,OK,,,,
08805.png,15,15,15,15,OK,,,,
08806.png,15,15,15,15,OK,,,,
08807.png,11,11,11,11,OK,,,,
08809.png,9,9,9,9,OK,,,,
08810.png,11,11,11,11,OK,,,,
08811.png,8,8,8,8,OK,,,,
08812.png,15,15,15,15,OK,,,,
08822.png,8,8,8,8,OK,,,,
08823.png,3,3,3,3,OK,,,,
08828.png,3,3,3,3,OK,,,,
08832.png,41,41,41,41,OK,,,,
08836.png,25,25,25,25,OK,,,,
08843.png,11,11,11,11,OK,,,,
08845.png,14,14,14,14,OK,,,,
08850.png,8,8,8,8,OK,,,,
08852.png,33,33,33,33,OK,,,,
08859.png,24,24,24,24,OK,,,,
08860.png,9,9,9,9,OK,,,,
08864.png,11,11,11,11,OK,,,,
08866.png,25,25,25,25,OK,,,,
08870.png,15,15,15,15,OK,,,,
08871.png,3,3,3,3,OK,,,,
08872.png,3,3,3,3,OK,,,,
08873.png,25,25,25,25,OK,,,,
08874.png,25,25,25,25,OK,,,,
08877.png,14,14,14,14,OK,,,,
08884.png,14,14,14,14,OK,,,,
08888.png,25,25,25,25,OK,,,,
08889.png,31,31,31,31,OK,,,,
08890.png,32,32,32,32,OK,,,,
08894.png,41,41,41,41,OK,,,,
08895.png,24,24,24,24,OK,,,,
08896.png,15,15,15,15,OK,,,,
08898.png,9,9,9,9,OK,,,,
08899.png,31,31,31,31,OK,,,,
08900.png,31,31,31,31,OK,,,,
08906.png,11,11,11,11,OK,,,,
08907.png,7,7,7,7,OK,,,,
08909.png,31,31,31,31,OK,,,,
08914.png,3,3,3,3,OK,,,,
08915.png,7,7,7,7,OK,,,,
08916.png,9,9,9,9,OK,,,,
08923.png,8,8,8,8,OK,,,,
08924.png,7,7,7,7,OK,,,,
08928.png,3,3,3,3,OK,,,,
08930.png,31,31,31,31,OK,,,,
08931.png,33,33,33,33,OK,,,,
08933.png,21,21,21,21,OK,,,,
08936.png,15,15,15,15,OK,,,,
08941.png,33,33,33,33,OK,,,,
08943.png,25,25,25,25,OK,,,,
08948.png,7,7,7,7,OK,,,,
08949.png,25,25,25,25,OK,,,,
08950.png,9,9,9,9,OK,,,,
08952.png,33,33,33,33,OK,,,,
08957.png,31,31,31,31,OK,,,,
08961.png,3,3,3,3,OK,,,,
08964.png,8,8,8,8,OK,,,,
08965.png,14,14,14,14,OK,,,,
08966.png,19,19,19,19,OK,,,,
08971.png,25,25,25,25,OK,,,,
08973.png,11,11,11,11,OK,,,,
08977.png,3,3,3,3,OK,,,,
08978.png,8,8,8,8,OK,,,,
08983.png,33,33,33,33,OK,,,,
08984.png,21,21,21,21,OK,,,,
08986.png,8,8,8,8,OK,,,,
08991.png,19,19,19,19,OK,,,,
08992.png,9,9,9,9,OK,,,,
08994.png,14,14,14,14,OK,,,,
08998.png,25,25,25,25,OK,,,,
09002.png,11,11,11,11,OK,,,,
09003.png,14,14,14,14,OK,,,,
09005.png,14,14,14,14,OK,,,,
09011.png,3,3,3,3,OK,,,,
09012.png,11,11,11,11,OK,,,,
09016.png,9,9,9,9,OK,,,,
09017.png,11,11,11,11,OK,,,,
09022.png,3,3,3,3,OK,,,,
09023.png,3,3,3,3,OK,,,,
09024.png,32,32,32,32,OK,,,,
09025.png,9,9,9,9,OK,,,,
09026.png,11,11,11,11,OK,,,,
09027.png,7,7,7,7,OK,,,,
09030.png,8,8,8,8,OK,,,,
09041.png,33,33,33,33,OK,,,,
09042.png,3,3,3,3,OK,,,,
09043.png,9,9,9,9,OK,,,,
09046.png,31,31,31,31,OK,,,,
09050.png,3,3,3,3,OK,,,,
09055.png,37,37,37,37,OK,,,,
09058.png,9,9,9,9,OK,,,,
09059.png,15,15,15,15,OK,,,,
09060.png,15,15,15,15,OK,,,,
09064.png,11,11,11,11,OK,,,,
09068.png,11,11,11,11,OK,,,,
09071.png,21,21,21,21,OK,,,,
09072.png,7,7,7,7,OK,,,,
09074.png,33,33,33,33,OK,,,,
09076.png,3,3,3,3,OK,,,,
09083.png,25,25,25,25,OK,,,,
09084.png,3,3,3,3,OK,,,,
09094.png,33,33,33,33,OK,,,,
09095.png,24,27,24,24,KO,,,,
09096.png,3,3,3,3,OK,,,,
09099.png,3,3,3,3,OK,,,,
09104.png,8,8,8,8,OK,,,,
09106.png,11,11,11,11,OK,,,,
09107.png,15,15,15,15,OK,,,,
09108.png,25,25,25,25,OK,,,,
09110.png,7,7,7,7,OK,,,,
09111.png,30,30,30,30,OK,,,,
09112.png,3,3,3,3,OK,,,,
09114.png,25,25,25,25,OK,,,,
09115.png,8,8,8,8,OK,,,,
09116.png,8,8,8,8,OK,,,,
09117.png,0,0,0,0,OK,,,,
09126.png,25,25,25,25,OK,,,,
09128.png,3,3,3,3,OK,,,,
09136.png,24,24,24,24,OK,,,,
09139.png,3,3,3,3,OK,,,,
09141.png,32,32,32,32,OK,,,,
09143.png,8,8,8,8,OK,,,,
09145.png,14,14,14,14,OK,,,,
09147.png,24,24,24,24,OK,,,,
09148.png,25,25,25,25,OK,,,,
09157.png,11,11,11,11,OK,,,,
09158.png,27,27,27,25,KO,,,,
09159.png,32,32,32,32,OK,,,,
09160.png,32,32,32,32,OK,,,,
09164.png,37,37,37,37,OK,,,,
09167.png,31,31,31,31,OK,,,,
09174.png,25,25,25,25,OK,,,,
09176.png,8,8,8,8,OK,,,,
09182.png,24,24,24,24,OK,,,,
09184.png,9,9,9,9,OK,,,,
09185.png,11,11,11,11,OK,,,,
09190.png,11,11,11,11,OK,,,,
09192.png,25,25,25,25,OK,,,,
09200.png,7,7,7,7,OK,,,,
09201.png,32,32,32,32,OK,,,,
09206.png,3,3,3,3,OK,,,,
09207.png,25,25,25,25,OK,,,,
09210.png,7,7,7,7,OK,,,,
09211.png,9,9,9,9,OK,,,,
09216.png,24,24,24,24,OK,,,,
09217.png,37,37,37,37,OK,,,,
09221.png,9,9,9,9,OK,,,,
09222.png,21,21,21,21,OK,,,,
09225.png,25,25,25,25,OK,,,,
09228.png,9,9,9,9,OK,,,,
09230.png,15,15,15,15,OK,,,,
09236.png,7,7,7,7,OK,,,,
09243.png,7,7,7,7,OK,,,,
09249.png,31,31,31,31,OK,,,,
09251.png,8,8,8,8,OK,,,,
09258.png,3,3,3,3,OK,,,,
09261.png,25,25,25,25,OK,,,,
09262.png,8,8,8,8,OK,,,,
09264.png,14,14,14,14,OK,,,,
09265.png,7,7,7,7,OK,,,,
09267.png,21,21,21,21,OK,,,,
09268.png,8,8,8,8,OK,,,,
09269.png,9,9,9,9,OK,,,,
09270.png,21,21,21,21,OK,,,,
09278.png,7,7,7,7,OK,,,,
09279.png,11,11,11,11,OK,,,,
09281.png,15,15,15,15,OK,,,,
09290.png,8,8,8,8,OK,,,,
09291.png,11,11,11,11,OK,,,,
09296.png,25,25,25,25,OK,,,,
09300.png,25,25,25,25,OK,,,,
09301.png,8,8,8,8,OK,,,,
09305.png,11,11,11,11,OK,,,,
09307.png,31,31,31,31,OK,,,,
09308.png,11,11,11,11,OK,,,,
09310.png,37,37,37,37,OK,,,,
09312.png,8,8,8,8,OK,,,,
09316.png,14,14,14,14,OK,,,,
09319.png,8,8,8,8,OK,,,,
09321.png,3,3,3,3,OK,,,,
09324.png,3,3,3,3,OK,,,,
09325.png,8,8,8,8,OK,,,,
09330.png,25,25,25,25,OK,,,,
09331.png,7,7,7,7,OK,,,,
09333.png,9,9,9,9,OK,,,,
09338.png,7,7,7,7,OK,,,,
09344.png,14,14,14,14,OK,,,,
09347.png,3,3,3,3,OK,,,,
09352.png,3,3,3,3,OK,,,,
09353.png,11,11,11,11,OK,,,,
09354.png,15,15,15,15,OK,,,,
09359.png,25,25,25,25,OK,,,,
09360.png,14,14,14,14,OK,,,,
09364.png,33,33,33,33,OK,,,,
09366.png,8,8,8,8,OK,,,,
09372.png,33,33,33,33,OK,,,,
09375.png,14,14,14,14,OK,,,,
09378.png,9,9,9,9,OK,,,,
09379.png,33,33,33,33,OK,,,,
09384.png,14,14,14,14,OK,,,,
09388.png,11,11,11,11,OK,,,,
09390.png,8,8,8,8,OK,,,,
09393.png,8,8,8,8,OK,,,,
09396.png,7,7,7,7,OK,,,,
09397.png,33,33,33,33,OK,,,,
09404.png,31,31,31,31,OK,,,,
09409.png,25,25,25,25,OK,,,,
09412.png,11,11,11,11,OK,,,,
09418.png,27,27,27,27,OK,,,,
09423.png,7,7,7,7,OK,,,,
09424.png,8,8,8,8,OK,,,,
09433.png,31,31,31,31,OK,,,,
09436.png,9,9,9,9,OK,,,,
09443.png,24,24,24,24,OK,,,,
09444.png,3,3,3,3,OK,,,,
09452.png,25,25,25,25,OK,,,,
09454.png,7,7,7,7,OK,,,,
09459.png,3,3,3,3,OK,,,,
09462.png,41,41,41,41,OK,,,,
09463.png,11,11,11,11,OK,,,,
09467.png,33,33,33,33,OK,,,,
09475.png,41,41,41,41,OK,,,,
09477.png,8,8,8,8,OK,,,,
09478.png,25,25,25,25,OK,,,,
09482.png,15,15,15,15,OK,,,,
09485.png,25,25,25,25,OK,,,,
09486.png,8,8,8,8,OK,,,,
09490.png,25,25,25,25,OK,,,,
09491.png,9,9,9,9,OK,,,,
09492.png,19,19,19,19,OK,,,,
09495.png,8,8,8,8,OK,,,,
09496.png,15,15,15,15,OK,,,,
09497.png,25,25,25,25,OK,,,,
09498.png,15,15,15,15,OK,,,,
09500.png,7,7,7,7,OK,,,,
09502.png,11,11,11,11,OK,,,,
09506.png,11,11,11,11,OK,,,,
09507.png,3,3,3,3,OK,,,,
09509.png,27,27,27,27,OK,,,,
09527.png,3,3,3,3,OK,,,,
09528.png,27,27,27,27,OK,,,,
09529.png,9,9,9,9,OK,,,,
09532.png,14,14,14,14,OK,,,,
09539.png,3,3,3,3,OK,,,,
09543.png,32,32,32,32,OK,,,,
09547.png,27,27,27,27,OK,,,,
09548.png,19,19,19,19,OK,,,,
09549.png,11,11,11,11,OK,,,,
09551.png,9,9,9,9,OK,,,,
09553.png,27,27,27,27,OK,,,,
09557.png,15,15,15,15,OK,,,,
09559.png,8,8,8,8,OK,,,,
09565.png,9,9,9,9,OK,,,,
09567.png,14,14,14,14,OK,,,,
09575.png,14,14,14,14,OK,,,,
09578.png,9,9,9,9,OK,,,,
09582.png,3,3,3,3,OK,,,,
09583.png,15,15,15,15,OK,,,,
09584.png,9,9,9,9,OK,,,,
09585.png,14,14,14,14,OK,,,,
09589.png,33,33,33,33,OK,,,,
09590.png,7,7,7,7,OK,,,,
09592.png,3,3,3,3,OK,,,,
09599.png,11,11,11,11,OK,,,,
09604.png,25,25,25,25,OK,,,,
09608.png,31,31,31,31,OK,,,,
09619.png,11,11,11,11,OK,,,,
09623.png,7,7,7,7,OK,,,,
09629.png,14,14,14,14,OK,,,,
09633.png,9,9,9,9,OK,,,,
09638.png,3,3,3,3,OK,,,,
09642.png,14,14,14,14,OK,,,,
09643.png,14,14,14,14,OK,,,,
09649.png,3,3,3,3,OK,,,,
09652.png,8,8,8,8,OK,,,,
09654.png,15,15,15,15,OK,,,,
09656.png,3,3,3,3,OK,,,,
09662.png,9,9,9,9,OK,,,,
09663.png,11,11,11,11,OK,,,,
09664.png,14,14,14,14,OK,,,,
09665.png,25,25,25,25,OK,,,,
09669.png,25,25,25,25,OK,,,,
09678.png,14,14,14,14,OK,,,,
09679.png,3,3,3,3,OK,,,,
09685.png,7,7,7,7,OK,,,,
09694.png,9,9,9,9,OK,,,,
09696.png,7,7,7,7,OK,,,,
09697.png,7,7,7,7,OK,,,,
09699.png,11,11,11,11,OK,,,,
09701.png,8,8,8,8,OK,,,,
09702.png,33,33,33,33,OK,,,,
09705.png,7,7,7,7,OK,,,,
09708.png,3,3,3,3,OK,,,,
09711.png,3,3,3,3,OK,,,,
09719.png,3,3,3,3,OK,,,,
09720.png,33,33,33,33,OK,,,,
09721.png,7,7,7,7,OK,,,,
09723.png,11,11,11,11,OK,,,,
09727.png,11,11,11,11,OK,,,,
09729.png,9,9,9,9,OK,,,,
09738.png,8,8,8,8,OK,,,,
09739.png,3,3,3,3,OK,,,,
09740.png,8,8,8,8,OK,,,,
09742.png,14,14,14,14,OK,,,,
09745.png,3,3,3,3,OK,,,,
09746.png,15,15,15,15,OK,,,,
09752.png,11,11,11,11,OK,,,,
09753.png,25,25,25,25,OK,,,,
09756.png,7,7,7,7,OK,,,,
09758.png,3,3,3,3,OK,,,,
09761.png,7,7,7,7,OK,,,,
09762.png,25,25,25,25,OK,,,,
09764.png,8,8,8,8,OK,,,,
09766.png,31,31,31,31,OK,,,,
09767.png,9,9,9,9,OK,,,,
09774.png,7,7,7,7,OK,,,,
09776.png,25,25,25,25,OK,,,,
09777.png,9,9,9,9,OK,,,,
09780.png,11,11,11,11,OK,,,,
09789.png,9,9,9,9,OK,,,,
09790.png,37,37,37,37,OK,,,,
09793.png,19,19,19,19,OK,,,,
09797.png,11,30,11,30,KO,,,,
09799.png,33,33,33,33,OK,,,,
09802.png,14,14,14,14,OK,,,,
09804.png,25,25,25,25,OK,,,,
09812.png,11,11,11,11,OK,,,,
09815.png,15,15,15,15,OK,,,,
09818.png,25,25,25,25,OK,,,,
09821.png,25,25,25,25,OK,,,,
09825.png,11,11,11,11,OK,,,,
09826.png,9,9,9,9,OK,,,,
09827.png,9,9,9,9,OK,,,,
09829.png,8,8,8,8,OK,,,,
09834.png,19,19,19,19,OK,,,,
09843.png,11,11,11,11,OK,,,,
09845.png,8,8,8,8,OK,,,,
09848.png,37,37,37,37,OK,,,,
09849.png,32,32,32,32,OK,,,,
09850.png,25,25,25,25,OK,,,,
09851.png,8,8,8,8,OK,,,,
09853.png,3,3,3,3,OK,,,,
09855.png,32,32,32,32,OK,,,,
09856.png,25,25,25,25,OK,,,,
09861.png,7,7,7,7,OK,,,,
09862.png,9,9,9,9,OK,,,,
09863.png,8,8,8,8,OK,,,,
09864.png,33,33,33,33,OK,,,,
09866.png,9,9,9,9,OK,,,,
09870.png,3,3,3,3,OK,,,,
09874.png,11,11,11,11,OK,,,,
09875.png,9,9,9,9,OK,,,,
09883.png,3,3,3,3,OK,,,,
09889.png,33,33,33,33,OK,,,,
09891.png,7,7,7,7,OK,,,,
09892.png,33,33,33,33,OK,,,,
09895.png,9,9,9,9,OK,,,,
09898.png,7,7,7,7,OK,,,,
09903.png,9,9,9,9,OK,,,,
09913.png,15,15,15,15,OK,,,,
09914.png,25,25,25,25,OK,,,,
09915.png,8,8,8,8,OK,,,,
09918.png,32,32,32,32,OK,,,,
09920.png,7,7,7,7,OK,,,,
09922.png,7,7,7,7,OK,,,,
09931.png,8,8,8,8,OK,,,,
09933.png,3,3,3,3,OK,,,,
09936.png,19,19,19,19,OK,,,,
09938.png,9,9,9,9,OK,,,,
09942.png,9,9,9,9,OK,,,,
09947.png,3,3,3,3,OK,,,,
09949.png,9,9,9,9,OK,,,,
09950.png,8,8,8,8,OK,,,,
09956.png,8,8,8,8,OK,,,,
09958.png,3,3,3,3,OK,,,,
09959.png,8,8,8,8,OK,,,,
09967.png,3,3,3,3,OK,,,,
09971.png,9,9,9,9,OK,,,,
09974.png,30,30,30,30,OK,,,,
09978.png,9,9,9,9,OK,,,,
09979.png,3,3,3,3,OK,,,,
09985.png,15,15,15,15,OK,,,,
09989.png,8,8,8,8,OK,,,,
09998.png,25,25,25,25,OK,,,,
10000.png,27,27,27,27,OK,,,,
10004.png,25,25,25,25,OK,,,,
10008.png,33,33,33,33,OK,,,,
10010.png,11,11,11,11,OK,,,,
10019.png,11,11,11,11,OK,,,,
10031.png,9,9,9,9,OK,,,,
10033.png,8,8,8,8,OK,,,,
10034.png,25,25,25,25,OK,,,,
10036.png,11,11,11,11,OK,,,,
10037.png,33,33,33,33,OK,,,,
10040.png,9,9,9,9,OK,,,,
10041.png,9,9,9,9,OK,,,,
10044.png,9,9,9,9,OK,,,,
10045.png,8,8,8,8,OK,,,,
10046.png,11,11,11,11,OK,,,,
10049.png,0,0,0,0,OK,,,,
10058.png,3,3,3,3,OK,,,,
10064.png,7,7,7,7,OK,,,,
10066.png,3,3,3,3,OK,,,,
10067.png,25,25,25,25,OK,,,,
10070.png,25,25,25,25,OK,,,,
10072.png,9,9,9,9,OK,,,,
10074.png,11,11,11,11,OK,,,,
10076.png,11,11,11,11,OK,,,,
10083.png,3,3,3,3,OK,,,,
10086.png,7,7,7,7,OK,,,,
10087.png,3,3,3,3,OK,,,,
10089.png,11,11,11,11,OK,,,,
10090.png,25,25,25,25,OK,,,,
10091.png,25,25,25,25,OK,,,,
10092.png,9,9,9,9,OK,,,,
10093.png,3,3,3,3,OK,,,,
10095.png,3,3,3,3,OK,,,,
10100.png,27,27,27,27,OK,,,,
10105.png,7,7,7,7,OK,,,,
10107.png,3,3,3,3,OK,,,,
10109.png,25,25,25,25,OK,,,,
10113.png,11,11,11,11,OK,,,,
10114.png,11,11,11,11,OK,,,,
10120.png,8,8,8,8,OK,,,,
10124.png,30,30,11,30,KO,,,,
10131.png,33,33,33,33,OK,,,,
10135.png,3,5,5,5,KO,,,,
10136.png,7,7,7,7,OK,,,,
10143.png,9,9,9,9,OK,,,,
10144.png,25,25,25,25,OK,,,,
10146.png,15,15,15,15,OK,,,,
10148.png,3,3,3,3,OK,,,,
10152.png,15,15,15,15,OK,,,,
10161.png,8,8,8,8,OK,,,,
10165.png,33,33,33,33,OK,,,,
10171.png,11,11,11,11,OK,,,,
10178.png,15,15,15,15,OK,,,,
10179.png,3,3,3,3,OK,,,,
10184.png,11,11,11,11,OK,,,,
10185.png,3,3,3,3,OK,,,,
10187.png,19,19,19,19,OK,,,,
10189.png,9,9,9,9,OK,,,,
10190.png,11,11,11,11,OK,,,,
10192.png,3,3,3,3,OK,,,,
10195.png,3,3,3,3,OK,,,,
10196.png,33,33,33,33,OK,,,,
10200.png,33,33,33,33,OK,,,,
10202.png,15,15,15,15,OK,,,,
10207.png,7,7,7,7,OK,,,,
10219.png,11,11,11,11,OK,,,,
10221.png,8,8,8,8,OK,,,,
10222.png,15,15,15,15,OK,,,,
10227.png,11,11,11,11,OK,,,,
10228.png,9,9,9,9,OK,,,,
10235.png,8,8,8,8,OK,,,,
10239.png,11,11,11,11,OK,,,,
10241.png,9,9,9,9,OK,,,,
10244.png,7,7,7,7,OK,,,,
10245.png,25,25,25,25,OK,,,,
10247.png,7,7,7,7,OK,,,,
10250.png,41,41,41,41,OK,,,,
10257.png,8,8,8,8,OK,,,,
10260.png,15,15,15,15,OK,,,,
10261.png,7,7,7,7,OK,,,,
10262.png,9,9,9,9,OK,,,,
10267.png,7,7,7,7,OK,,,,
10274.png,33,33,33,33,OK,,,,
10279.png,9,9,9,9,OK,,,,
10280.png,8,8,8,8,OK,,,,
10281.png,37,37,37,37,OK,,,,
10285.png,25,25,25,25,OK,,,,
10286.png,9,9,9,9,OK,,,,
10292.png,41,41,41,41,OK,,,,
10293.png,33,33,33,33,OK,,,,
10299.png,8,8,8,8,OK,,,,
10300.png,7,7,7,7,OK,,,,
10305.png,8,8,8,8,OK,,,,
10312.png,15,15,15,15,OK,,,,
10313.png,9,9,9,9,OK,,,,
10314.png,33,33,33,33,OK,,,,
10317.png,7,7,7,7,OK,,,,
10321.png,9,9,9,9,OK,,,,
10322.png,7,7,7,7,OK,,,,
10323.png,7,7,7,7,OK,,,,
10326.png,33,33,33,33,OK,,,,
10327.png,15,15,15,15,OK,,,,
10329.png,8,8,8,8,OK,,,,
10337.png,11,11,11,11,OK,,,,
10339.png,8,8,8,8,OK,,,,
10341.png,33,33,33,33,OK,,,,
10342.png,9,9,9,9,OK,,,,
10343.png,33,33,33,33,OK,,,,
10344.png,33,33,33,33,OK,,,,
10345.png,9,9,9,9,OK,,,,
10346.png,8,8,8,8,OK,,,,
10350.png,15,15,15,15,OK,,,,
10351.png,11,11,11,11,OK,,,,
10356.png,7,7,7,7,OK,,,,
10357.png,3,3,3,3,OK,,,,
10367.png,27,27,27,27,OK,,,,
10368.png,9,9,9,9,OK,,,,
10372.png,9,9,9,9,OK,,,,
10373.png,25,25,25,25,OK,,,,
10376.png,15,15,15,15,OK,,,,
10381.png,0,0,0,0,OK,,,,
10382.png,25,25,25,25,OK,,,,
10383.png,33,33,33,33,OK,,,,
10384.png,9,9,9,9,OK,,,,
10385.png,11,11,11,11,OK,,,,
10386.png,11,11,11,11,OK,,,,
10389.png,33,33,33,33,OK,,,,
10400.png,7,7,7,7,OK,,,,
10404.png,7,7,7,7,OK,,,,
10406.png,0,0,0,0,OK,,,,
10407.png,25,25,25,25,OK,,,,
10414.png,37,37,37,37,OK,,,,
10416.png,32,32,32,32,OK,,,,
10417.png,32,32,32,32,OK,,,,
10419.png,41,41,41,41,OK,,,,
10423.png,25,25,25,25,OK,,,,
10427.png,8,8,8,8,OK,,,,
10428.png,9,9,9,9,OK,,,,
10431.png,25,25,25,25,OK,,,,
10434.png,9,9,9,9,OK,,,,
10437.png,25,25,25,25,OK,,,,
10441.png,8,8,8,8,OK,,,,
10442.png,25,25,25,25,OK,,,,
10445.png,25,25,25,25,OK,,,,
10448.png,11,11,11,11,OK,,,,
10449.png,3,3,3,3,OK,,,,
10452.png,9,9,9,9,OK,,,,
10456.png,9,9,9,9,OK,,,,
10458.png,7,7,7,7,OK,,,,
10464.png,8,8,8,8,OK,,,,
10468.png,8,8,8,8,OK,,,,
10481.png,25,25,25,25,OK,,,,
10483.png,25,25,25,25,OK,,,,
10486.png,7,7,7,7,OK,,,,
10490.png,8,8,8,8,OK,,,,
10497.png,3,3,3,3,OK,,,,
10498.png,3,3,3,3,OK,,,,
10504.png,9,9,9,9,OK,,,,
10505.png,3,3,3,3,OK,,,,
10508.png,3,3,3,3,OK,,,,
10514.png,9,9,9,9,OK,,,,
10516.png,7,7,7,7,OK,,,,
10517.png,15,15,15,15,OK,,,,
10518.png,32,32,32,32,OK,,,,
10523.png,3,3,3,3,OK,,,,
10524.png,25,25,25,25,OK,,,,
10525.png,8,8,8,8,OK,,,,
10531.png,9,9,9,9,OK,,,,
10533.png,11,11,11,11,OK,,,,
10535.png,25,25,25,25,OK,,,,
10536.png,0,0,0,0,OK,,,,
10538.png,15,15,15,15,OK,,,,
10541.png,11,11,11,11,OK,,,,
10550.png,9,9,9,9,OK,,,,
10553.png,25,25,25,25,OK,,,,
10555.png,3,3,3,3,OK,,,,
10557.png,11,11,11,11,OK,,,,
10566.png,11,11,11,11,OK,,,,
10567.png,8,8,8,8,OK,,,,
10568.png,8,8,8,8,OK,,,,
10570.png,11,11,11,11,OK,,,,
10579.png,25,25,25,25,OK,,,,
10587.png,11,11,11,11,OK,,,,
10592.png,25,25,25,25,OK,,,,
10595.png,7,7,7,7,OK,,,,
10596.png,25,25,25,25,OK,,,,
10604.png,25,25,25,25,OK,,,,
10605.png,9,9,9,9,OK,,,,
10607.png,3,3,3,3,OK,,,,
10608.png,8,8,8,8,OK,,,,
10610.png,33,33,33,33,OK,,,,
10616.png,11,11,11,11,OK,,,,
10618.png,9,9,9,9,OK,,,,
10620.png,3,3,3,3,OK,,,,
10625.png,9,9,9,9,OK,,,,
10626.png,9,9,9,9,OK,,,,
10627.png,11,11,11,11,OK,,,,
10628.png,8,8,8,8,OK,,,,
10629.png,3,3,3,3,OK,,,,
10634.png,9,9,9,9,OK,,,,
10639.png,8,8,8,8,OK,,,,
10647.png,3,3,3,3,OK,,,,
10655.png,25,25,25,25,OK,,,,
10658.png,25,25,25,25,OK,,,,
10667.png,7,7,7,7,OK,,,,
10669.png,25,25,25,25,OK,,,,
10675.png,25,25,25,25,OK,,,,
10680.png,3,3,3,3,OK,,,,
10681.png,11,11,11,11,OK,,,,
10682.png,25,25,25,25,OK,,,,
10685.png,11,11,11,11,OK,,,,
10686.png,25,25,25,25,OK,,,,
10693.png,8,8,8,8,OK,,,,
10698.png,41,41,41,41,OK,,,,
10699.png,25,25,25,25,OK,,,,
10701.png,9,9,9,9,OK,,,,
10703.png,8,8,8,8,OK,,,,
10716.png,25,25,25,25,OK,,,,
10726.png,3,3,3,3,OK,,,,
10731.png,33,33,33,33,OK,,,,
10736.png,25,25,25,25,OK,,,,
10739.png,15,15,15,15,OK,,,,
10740.png,8,8,8,8,OK,,,,
10744.png,3,3,3,3,OK,,,,
10745.png,32,32,32,32,OK,,,,
10747.png,7,7,7,7,OK,,,,
10755.png,15,15,15,15,OK,,,,
10759.png,25,25,25,25,OK,,,,
10763.png,11,11,11,11,OK,,,,
10773.png,9,9,9,9,OK,,,,
10783.png,7,7,7,7,OK,,,,
10785.png,33,33,33,33,OK,,,,
10788.png,8,8,8,8,OK,,,,
10791.png,7,7,7,7,OK,,,,
10792.png,9,9,9,9,OK,,,,
10793.png,9,9,9,9,OK,,,,
10795.png,11,11,11,11,OK,,,,
10798.png,3,3,3,3,OK,,,,
10799.png,33,33,33,33,OK,,,,
10801.png,8,8,8,8,OK,,,,
10804.png,9,9,9,9,OK,,,,
10806.png,33,33,33,33,OK,,,,
10807.png,3,3,3,3,OK,,,,
10818.png,11,11,11,11,OK,,,,
10819.png,9,9,9,9,OK,,,,
10820.png,7,7,7,7,OK,,,,
10824.png,25,25,25,25,OK,,,,
10826.png,7,7,7,7,OK,,,,
10831.png,3,3,3,3,OK,,,,
10836.png,15,15,15,15,OK,,,,
10838.png,3,3,3,3,OK,,,,
10840.png,11,11,11,11,OK,,,,
10842.png,3,3,3,3,OK,,,,
10852.png,11,11,11,11,OK,,,,
10854.png,8,8,8,8,OK,,,,
10856.png,25,25,25,25,OK,,,,
10857.png,3,3,3,3,OK,,,,
10861.png,11,11,11,11,OK,,,,
10863.png,11,11,11,11,OK,,,,
10864.png,3,3,3,3,OK,,,,
10865.png,11,11,11,11,OK,,,,
10866.png,25,25,25,25,OK,,,,
10867.png,9,9,9,9,OK,,,,
10873.png,9,9,9,9,OK,,,,
10876.png,9,9,9,9,OK,,,,
10878.png,27,27,27,27,OK,,,,
10881.png,3,3,3,3,OK,,,,
10889.png,9,9,9,9,OK,,,,
10891.png,7,7,7,7,OK,,,,
10892.png,41,41,41,41,OK,,,,
10893.png,25,25,25,25,OK,,,,
10896.png,15,15,15,15,OK,,,,
10897.png,3,3,3,3,OK,,,,
10902.png,3,3,3,3,OK,,,,
10904.png,8,8,8,8,OK,,,,
10910.png,41,41,41,41,OK,,,,
10913.png,11,11,11,11,OK,,,,
10914.png,15,15,15,15,OK,,,,
10915.png,3,3,3,3,OK,,,,
10925.png,3,3,3,3,OK,,,,
10929.png,7,7,7,7,OK,,,,
10933.png,11,11,11,11,OK,,,,
10937.png,8,8,8,8,OK,,,,
10943.png,9,9,9,9,OK,,,,
10944.png,8,8,8,8,OK,,,,
10945.png,25,25,25,25,OK,,,,
10948.png,11,11,11,11,OK,,,,
10949.png,11,11,11,11,OK,,,,
10958.png,3,3,3,3,OK,,,,
10965.png,3,3,3,3,OK,,,,
10966.png,8,8,8,8,OK,,,,
10980.png,37,37,37,37,OK,,,,
10984.png,7,7,7,7,OK,,,,
10988.png,3,3,3,3,OK,,,,
10990.png,15,15,15,15,OK,,,,
10991.png,3,3,3,3,OK,,,,
10994.png,3,3,3,3,OK,,,,
11000.png,7,7,7,7,OK,,,,
11001.png,8,8,8,8,OK,,,,
11002.png,19,19,19,19,OK,,,,
11003.png,9,9,9,9,OK,,,,
11007.png,7,7,7,7,OK,,,,
11014.png,9,9,9,9,OK,,,,
11015.png,8,8,8,8,OK,,,,
11016.png,3,3,3,3,OK,,,,
11017.png,8,8,8,8,OK,,,,
11019.png,11,11,11,11,OK,,,,
11020.png,33,33,33,33,OK,,,,
11022.png,11,11,11,11,OK,,,,
11023.png,8,8,8,8,OK,,,,
11027.png,3,3,3,3,OK,,,,
11029.png,25,25,25,25,OK,,,,
11030.png,7,7,7,7,OK,,,,
11031.png,7,7,7,7,OK,,,,
11034.png,25,25,25,25,OK,,,,
11036.png,25,25,25,25,OK,,,,
11037.png,9,9,9,9,OK,,,,
11039.png,11,11,11,11,OK,,,,
11042.png,25,25,25,25,OK,,,,
11045.png,19,19,19,19,OK,,,,
11046.png,3,3,3,3,OK,,,,
11050.png,11,11,11,11,OK,,,,
11051.png,7,7,7,7,OK,,,,
11058.png,7,7,7,7,OK,,,,
11059.png,9,9,9,9,OK,,,,
11062.png,8,8,8,8,OK,,,,
11066.png,3,3,3,3,OK,,,,
11071.png,9,9,9,9,OK,,,,
11075.png,7,7,7,7,OK,,,,
11078.png,7,7,7,7,OK,,,,
11082.png,8,8,8,8,OK,,,,
11085.png,15,15,15,15,OK,,,,
11086.png,37,37,37,37,OK,,,,
11088.png,8,8,8,8,OK,,,,
11101.png,11,11,11,11,OK,,,,
11111.png,3,3,3,3,OK,,,,
11112.png,3,3,3,3,OK,,,,
11115.png,37,37,37,37,OK,,,,
11122.png,3,3,3,3,OK,,,,
11129.png,15,15,15,15,OK,,,,
11135.png,9,9,9,9,OK,,,,
11138.png,7,7,7,7,OK,,,,
11144.png,11,11,11,11,OK,,,,
11145.png,8,8,8,8,OK,,,,
11146.png,32,32,32,32,OK,,,,
11150.png,33,33,33,33,OK,,,,
11155.png,3,3,3,3,OK,,,,
11162.png,11,11,11,11,OK,,,,
11163.png,7,7,7,7,OK,,,,
11168.png,33,33,33,33,OK,,,,
11169.png,8,8,8,8,OK,,,,
11180.png,9,9,9,9,OK,,,,
11181.png,9,9,9,9,OK,,,,
11182.png,11,11,11,11,OK,,,,
11184.png,3,3,3,3,OK,,,,
11186.png,8,8,8,8,OK,,,,
11188.png,7,7,7,7,OK,,,,
11199.png,9,9,9,9,OK,,,,
11201.png,41,41,41,41,OK,,,,
11202.png,3,3,3,3,OK,,,,
11203.png,11,11,11,11,OK,,,,
11204.png,3,3,3,3,OK,,,,
11205.png,15,15,15,15,OK,,,,
11207.png,32,32,32,32,OK,,,,
11210.png,8,8,8,8,OK,,,,
11213.png,3,3,3,3,OK,,,,
11218.png,11,11,11,11,OK,,,,
11222.png,7,7,7,7,OK,,,,
11227.png,7,7,7,7,OK,,,,
11230.png,32,32,32,32,OK,,,,
11232.png,33,33,33,33,OK,,,,
11238.png,8,5,8,8,KO,,,,
11243.png,11,11,11,11,OK,,,,
11249.png,8,8,8,8,OK,,,,
11250.png,7,7,7,7,OK,,,,
11255.png,3,3,3,3,OK,,,,
11258.png,8,8,8,8,OK,,,,
11260.png,9,9,9,9,OK,,,,
11261.png,41,41,41,41,OK,,,,
11268.png,11,11,11,11,OK,,,,
11269.png,7,7,7,7,OK,,,,
11270.png,8,8,8,8,OK,,,,
11276.png,9,9,9,9,OK,,,,
11285.png,7,7,7,7,OK,,,,
11290.png,7,7,7,7,OK,,,,
11302.png,7,7,7,7,OK,,,,
11303.png,11,11,11,11,OK,,,,
11308.png,32,32,32,32,OK,,,,
11309.png,7,7,7,7,OK,,,,
11310.png,8,8,8,8,OK,,,,
11312.png,11,11,11,11,OK,,,,
11321.png,11,11,11,11,OK,,,,
11329.png,7,7,7,7,OK,,,,
11332.png,11,11,11,11,OK,,,,
11343.png,7,7,7,7,OK,,,,
11346.png,3,3,3,3,OK,,,,
11354.png,15,15,15,15,OK,,,,
11361.png,8,8,8,8,OK,,,,
11364.png,15,15,15,15,OK,,,,
11366.png,27,27,27,27,OK,,,,
11383.png,7,7,7,7,OK,,,,
11396.png,11,11,11,11,OK,,,,
11397.png,8,8,8,8,OK,,,,
11399.png,3,3,3,3,OK,,,,
11414.png,41,41,41,41,OK,,,,
11415.png,27,27,27,27,OK,,,,
11417.png,3,3,3,3,OK,,,,
11418.png,11,11,11,11,OK,,,,
11423.png,7,7,7,7,OK,,,,
11442.png,3,3,3,3,OK,,,,
11444.png,8,8,8,8,OK,,,,
11447.png,15,15,15,15,OK,,,,
11449.png,11,11,11,11,OK,,,,
11450.png,19,19,19,19,OK,,,,
11453.png,19,19,19,19,OK,,,,
11460.png,8,8,8,8,OK,,,,
11465.png,8,8,8,8,OK,,,,
11471.png,8,8,8,8,OK,,,,
11481.png,32,32,32,32,OK,,,,
11485.png,33,33,33,33,OK,,,,
11486.png,11,11,11,11,OK,,,,
11487.png,3,3,3,3,OK,,,,
11489.png,3,3,3,3,OK,,,,
11497.png,41,41,41,41,OK,,,,
11498.png,15,15,15,15,OK,,,,
11508.png,8,8,8,8,OK,,,,
11516.png,19,19,19,19,OK,,,,
11518.png,37,37,37,37,OK,,,,
11524.png,8,8,8,8,OK,,,,
11527.png,33,33,33,33,OK,,,,
11532.png,11,11,11,11,OK,,,,
11534.png,7,7,7,7,OK,,,,
11544.png,33,33,33,33,OK,,,,
11547.png,37,37,37,37,OK,,,,
11549.png,11,11,11,11,OK,,,,
11556.png,8,8,8,8,OK,,,,
11559.png,8,8,8,8,OK,,,,
11570.png,15,15,15,15,OK,,,,
11571.png,33,33,33,33,OK,,,,
11572.png,8,8,8,8,OK,,,,
11600.png,8,8,8,8,OK,,,,
11606.png,7,7,7,7,OK,,,,
11608.png,7,7,7,7,OK,,,,
11610.png,7,7,7,7,OK,,,,
11618.png,7,7,7,7,OK,,,,
11619.png,8,8,8,8,OK,,,,
11629.png,7,7,7,7,OK,,,,
11630.png,8,8,8,8,OK,,,,
11631.png,7,7,7,7,OK,,,,
11637.png,3,3,3,3,OK,,,,
11639.png,33,33,33,33,OK,,,,
11641.png,15,15,15,15,OK,,,,
11648.png,15,15,15,15,OK,,,,
11649.png,11,11,11,11,OK,,,,
11650.png,3,3,3,3,OK,,,,
11654.png,11,11,11,11,OK,,,,
11662.png,37,37,37,37,OK,,,,
11663.png,7,7,7,7,OK,,,,
11670.png,11,11,11,11,OK,,,,
11675.png,3,3,3,3,OK,,,,
11676.png,3,3,3,3,OK,,,,
11682.png,7,7,7,7,OK,,,,
11684.png,7,7,7,7,OK,,,,
11691.png,3,3,3,3,OK,,,,
11692.png,3,3,3,3,OK,,,,
11705.png,33,33,33,33,OK,,,,
11708.png,3,3,3,3,OK,,,,
11710.png,33,33,33,33,OK,,,,
11713.png,8,8,8,8,OK,,,,
11718.png,0,0,0,0,OK,,,,
11724.png,3,3,3,3,OK,,,,
11727.png,33,33,33,33,OK,,,,
11731.png,11,11,11,11,OK,,,,
11735.png,15,15,15,15,OK,,,,
11740.png,8,8,8,8,OK,,,,
11742.png,8,8,8,8,OK,,,,
11752.png,8,8,8,8,OK,,,,
11753.png,3,3,3,3,OK,,,,
11761.png,3,3,3,3,OK,,,,
11766.png,3,3,3,3,OK,,,,
11771.png,0,0,0,0,OK,,,,
11778.png,3,3,3,3,OK,,,,
11779.png,3,3,3,3,OK,,,,
11789.png,11,11,11,11,OK,,,,
11790.png,0,0,0,0,OK,,,,
11791.png,8,8,8,8,OK,,,,
11792.png,8,8,8,8,OK,,,,
11798.png,3,3,3,3,OK,,,,
11801.png,11,11,11,11,OK,,,,
11804.png,0,0,0,0,OK,,,,
11806.png,8,8,8,8,OK,,,,
11808.png,19,19,19,19,OK,,,,
11810.png,33,33,33,33,OK,,,,
11812.png,0,0,0,0,OK,,,,
11814.png,8,8,8,8,OK,,,,
11827.png,33,33,33,33,OK,,,,
11846.png,15,15,15,15,OK,,,,
11847.png,33,33,33,33,OK,,,,
11848.png,33,33,33,33,OK,,,,
11851.png,27,27,27,27,OK,,,,
11858.png,33,33,33,33,OK,,,,
11863.png,11,11,11,11,OK,,,,
11873.png,0,0,0,0,OK,,,,
11882.png,8,8,8,8,OK,,,,
11887.png,3,3,3,3,OK,,,,
11889.png,41,41,41,41,OK,,,,
11902.png,15,15,15,15,OK,,,,
11917.png,3,3,3,3,OK,,,,
11924.png,3,3,3,3,OK,,,,
11928.png,11,11,11,11,OK,,,,
11931.png,33,33,33,33,OK,,,,
11938.png,3,3,3,3,OK,,,,
11951.png,3,3,3,3,OK,,,,
11952.png,3,3,3,3,OK,,,,
11967.png,11,11,11,11,OK,,,,
11988.png,3,3,3,3,OK,,,,
11990.png,11,11,11,11,OK,,,,
11993.png,11,11,11,11,OK,,,,
12001.png,3,3,3,3,OK,,,,
12011.png,3,3,3,3,OK,,,,
12021.png,15,15,15,15,OK,,,,
12056.png,3,3,3,3,OK,,,,
12057.png,41,41,41,41,OK,,,,
12060.png,37,37,37,37,OK,,,,
12062.png,33,33,33,33,OK,,,,
12076.png,37,37,37,37,OK,,,,
12089.png,3,3,3,3,OK,,,,
12093.png,33,33,33,33,OK,,,,
12105.png,19,19,19,19,OK,,,,
12109.png,11,11,11,11,OK,,,,
12121.png,15,15,15,15,OK,,,,
12127.png,32,32,32,32,OK,,,,
12162.png,15,15,15,15,OK,,,,
12186.png,11,11,11,11,OK,,,,
12210.png,11,11,11,11,OK,,,,
12223.png,19,19,19,19,OK,,,,
12235.png,11,11,11,11,OK,,,,
12243.png,15,15,15,15,OK,,,,
12248.png,15,15,15,15,OK,,,,
12291.png,11,11,11,11,OK,,,,
12293.png,19,19,19,19,OK,,,,
12330.png,15,15,15,15,OK,,,,
12341.png,37,37,37,37,OK,,,,
12342.png,11,11,11,11,OK,,,,
12345.png,19,19,19,19,OK,,,,
12349.png,37,37,37,37,OK,,,,
12352.png,33,33,33,33,OK,,,,
12362.png,11,11,11,11,OK,,,,
12374.png,30,30,30,30,OK,,,,
12380.png,33,33,33,33,OK,,,,
12382.png,11,11,11,11,OK,,,,
12385.png,11,11,11,11,OK,,,,
12386.png,15,15,15,15,OK,,,,
12407.png,41,41,41,41,OK,,,,
12422.png,11,11,11,11,OK,,,,
12423.png,41,41,41,41,OK,,,,
12432.png,33,33,33,33,OK,,,,
12441.png,15,15,15,15,OK,,,,
12448.png,15,15,15,15,OK,,,,
12454.png,32,32,32,32,OK,,,,
12456.png,33,33,33,33,OK,,,,
12478.png,19,19,19,19,OK,,,,
12496.png,33,33,33,33,OK,,,,
12498.png,32,32,32,32,OK,,,,
12511.png,33,33,33,33,OK,,,,
12517.png,15,15,15,15,OK,,,,
12524.png,33,33,33,33,OK,,,,
12527.png,15,15,15,15,OK,,,,
12528.png,33,33,33,33,OK,,,,
12569.png,30,30,11,30,KO,,,,
12572.png,15,15,15,15,OK,,,,
12577.png,11,11,11,11,OK,,,,
12584.png,11,11,11,11,OK,,,,
12611.png,11,11,11,11,OK,,,,
12614.png,0,0,0,0,OK,,,,
12626.png,33,33,33,33,OK,,,,
