00000.png,16
00001.png,1
00002.png,38
00003.png,33
00004.png,11
00005.png,38
00006.png,18
00007.png,12
00008.png,25
00009.png,35
00010.png,12
00011.png,7
00012.png,23
00013.png,7
00014.png,4
00015.png,9
00016.png,21
00017.png,20
00018.png,27
00019.png,38
00020.png,4
00021.png,33
00022.png,9
00023.png,3
00024.png,1
00025.png,11
00026.png,13
00027.png,10
00028.png,9
00029.png,11
00030.png,5
00031.png,17
00032.png,34
00033.png,23
00034.png,2
00035.png,17
00036.png,3
00037.png,12
00038.png,16
00039.png,8
00040.png,7
00041.png,30
00042.png,18
00043.png,12
00044.png,24
00045.png,25
00046.png,3
00047.png,10
00048.png,18
00049.png,8
00050.png,25
00051.png,13
00052.png,15
00053.png,9
00054.png,13
00055.png,35
00056.png,5
00057.png,26
00058.png,9
00059.png,16
00060.png,38
00061.png,10
00062.png,4
00063.png,9
00064.png,15
00065.png,9
00066.png,26
00067.png,2
00068.png,5
00069.png,28
00070.png,11
00071.png,25
00072.png,11
00073.png,34
00074.png,5
00075.png,12
00076.png,1
00077.png,10
00078.png,25
00079.png,25
00080.png,21
00081.png,33
00082.png,25
00083.png,7
00084.png,10
00085.png,35
00086.png,3
00087.png,7
00088.png,22
00089.png,13
00090.png,3
00091.png,1
00092.png,2
00093.png,14
00094.png,12
00095.png,32
00096.png,3
00097.png,38
00098.png,9
00099.png,33
00100.png,1
00101.png,10
00102.png,5
00103.png,11
00104.png,33
00105.png,4
00106.png,35
00107.png,25
00108.png,33
00109.png,4
00110.png,1
00111.png,14
00112.png,16
00113.png,10
00114.png,30
00115.png,3
00116.png,27
00117.png,29
00118.png,1
00119.png,17
00120.png,13
00121.png,7
00122.png,1
00123.png,8
00124.png,2
00125.png,10
00126.png,10
00127.png,11
00128.png,1
00129.png,6
00130.png,36
00131.png,3
00132.png,14
00133.png,13
00134.png,11
00135.png,10
00136.png,18
00137.png,40
00138.png,2
00139.png,38
00140.png,41
00141.png,4
00142.png,6
00143.png,18
00144.png,17
00145.png,25
00146.png,2
00147.png,41
00148.png,11
00149.png,21
00150.png,7
00151.png,24
00152.png,11
00153.png,25
00154.png,17
00155.png,3
00156.png,6
00157.png,9
00158.png,7
00159.png,4
00160.png,13
00161.png,16
00162.png,4
00163.png,25
00164.png,18
00165.png,9
00166.png,13
00167.png,14
00168.png,29
00169.png,17
00170.png,13
00171.png,38
00172.png,26
00173.png,25
00174.png,33
00175.png,1
00176.png,3
00177.png,40
00178.png,13
00179.png,2
00180.png,8
00181.png,4
00182.png,36
00183.png,25
00184.png,20
00185.png,25
00186.png,18
00187.png,1
00188.png,10
00189.png,8
00190.png,10
00191.png,29
00192.png,12
00193.png,38
00194.png,31
00195.png,2
00196.png,8
00197.png,38
00198.png,18
00199.png,28
00200.png,17
00201.png,9
00202.png,4
00203.png,1
00204.png,17
00205.png,9
00206.png,2
00207.png,31
00208.png,13
00209.png,15
00210.png,15
00211.png,38
00212.png,25
00213.png,5
00214.png,25
00215.png,13
00216.png,10
00217.png,5
00218.png,4
00219.png,10
00220.png,2
00221.png,4
00222.png,5
00223.png,1
00224.png,14
00225.png,12
00226.png,12
00227.png,5
00228.png,8
00229.png,36
00230.png,25
00231.png,13
00232.png,33
00233.png,18
00234.png,33
00235.png,19
00236.png,12
00237.png,11
00238.png,4
00239.png,18
00240.png,12
00241.png,13
00242.png,20
00243.png,0
00244.png,10
00245.png,40
00246.png,5
00247.png,8
00248.png,12
00249.png,38
00250.png,20
00251.png,14
00252.png,0
00253.png,36
00254.png,34
00255.png,28
00256.png,35
00257.png,13
00258.png,25
00259.png,15
00260.png,35
00261.png,14
00262.png,18
00263.png,25
00264.png,1
00265.png,12
00266.png,5
00267.png,25
00268.png,2
00269.png,18
00270.png,18
00271.png,18
00272.png,34
00273.png,9
00274.png,25
00275.png,18
00276.png,34
00277.png,39
00278.png,31
00279.png,1
00280.png,9
00281.png,35
00282.png,31
00283.png,26
00284.png,1
00285.png,1
00286.png,33
00287.png,11
00288.png,17
00289.png,13
00290.png,1
00291.png,31
00292.png,13
00293.png,35
00294.png,5
00295.png,1
00296.png,33
00297.png,28
00298.png,35
00299.png,26
00300.png,12
00301.png,5
00302.png,2
00303.png,14
00304.png,4
00305.png,3
00306.png,32
00307.png,1
00308.png,7
00309.png,38
00310.png,19
00311.png,11
00312.png,38
00313.png,38
00314.png,1
00315.png,42
00316.png,2
00317.png,40
00318.png,17
00319.png,4
00320.png,8
00321.png,4
00322.png,5
00323.png,6
00324.png,31
00325.png,35
00326.png,9
00327.png,38
00328.png,8
00329.png,2
00330.png,4
00331.png,18
00332.png,3
00333.png,25
00334.png,10
00335.png,42
00336.png,7
00337.png,34
00338.png,4
00339.png,25
00340.png,10
00341.png,29
00342.png,9
00343.png,2
00344.png,38
00345.png,38
00346.png,18
00347.png,7
00348.png,13
00349.png,28
00350.png,17
00351.png,2
00352.png,16
00353.png,14
00354.png,12
00355.png,40
00356.png,35
00357.png,3
00358.png,38
00359.png,10
00360.png,9
00361.png,38
00362.png,13
00363.png,39
00364.png,3
00365.png,11
00366.png,7
00367.png,38
00368.png,19
00369.png,13
00370.png,10
00371.png,18
00372.png,3
00373.png,5
00374.png,26
00375.png,1
00376.png,41
00377.png,13
00378.png,1
00379.png,18
00380.png,19
00381.png,13
00382.png,38
00383.png,4
00384.png,35
00385.png,25
00386.png,34
00387.png,12
00388.png,17
00389.png,9
00390.png,4
00391.png,33
00392.png,28
00393.png,2
00394.png,1
00395.png,5
00396.png,4
00397.png,38
00398.png,4
00399.png,12
00400.png,38
00401.png,36
00402.png,10
00403.png,0
00404.png,38
00405.png,36
00406.png,8
00407.png,25
00408.png,5
00409.png,2
00410.png,25
00411.png,14
00412.png,2
00413.png,26
00414.png,29
00415.png,10
00416.png,10
00417.png,14
00418.png,9
00419.png,2
00420.png,3
00421.png,4
00422.png,19
00423.png,9
00424.png,10
00425.png,13
00426.png,13
00427.png,20
00428.png,38
00429.png,34
00430.png,11
00431.png,13
00432.png,34
00433.png,34
00434.png,12
00435.png,6
00436.png,10
00437.png,10
00438.png,8
00439.png,3
00440.png,22
00441.png,17
00442.png,7
00443.png,30
00444.png,25
00445.png,1
00446.png,31
00447.png,38
00448.png,38
00449.png,8
00450.png,9
00451.png,10
00452.png,2
00453.png,40
00454.png,1
00455.png,38
00456.png,14
00457.png,8
00458.png,39
00459.png,6
00460.png,35
00461.png,25
00462.png,25
00463.png,17
00464.png,2
00465.png,38
00466.png,7
00467.png,13
00468.png,14
00469.png,7
00470.png,8
00471.png,35
00472.png,3
00473.png,1
00474.png,35
00475.png,12
00476.png,35
00477.png,36
00478.png,24
00479.png,13
00480.png,33
00481.png,2
00482.png,35
00483.png,6
00484.png,2
00485.png,10
00486.png,12
00487.png,31
00488.png,9
00489.png,14
00490.png,17
00491.png,26
00492.png,7
00493.png,3
00494.png,10
00495.png,5
00496.png,11
00497.png,9
00498.png,31
00499.png,40
00500.png,22
00501.png,30
00502.png,9
00503.png,7
00504.png,23
00505.png,4
00506.png,32
00507.png,42
00508.png,1
00509.png,3
00510.png,8
00511.png,2
00512.png,25
00513.png,22
00514.png,38
00515.png,33
00516.png,3
00517.png,1
00518.png,8
00519.png,4
00520.png,18
00521.png,26
00522.png,31
00523.png,14
00524.png,11
00525.png,13
00526.png,3
00527.png,5
00528.png,18
00529.png,4
00530.png,13
00531.png,15
00532.png,23
00533.png,1
00534.png,12
00535.png,31
00536.png,38
00537.png,6
00538.png,10
00539.png,35
00540.png,8
00541.png,6
00542.png,5
00543.png,12
00544.png,4
00545.png,1
00546.png,1
00547.png,1
00548.png,12
00549.png,12
00550.png,2
00551.png,5
00552.png,9
00553.png,13
00554.png,38
00555.png,4
00556.png,13
00557.png,8
00558.png,13
00559.png,24
00560.png,17
00561.png,10
00562.png,10
00563.png,18
00564.png,12
00565.png,23
00566.png,10
00567.png,10
00568.png,1
00569.png,23
00570.png,3
00571.png,8
00572.png,41
00573.png,6
00574.png,13
00575.png,33
00576.png,3
00577.png,2
00578.png,13
00579.png,0
00580.png,17
00581.png,10
00582.png,7
00583.png,1
00584.png,35
00585.png,10
00586.png,2
00587.png,30
00588.png,5
00589.png,5
00590.png,35
00591.png,13
00592.png,16
00593.png,17
00594.png,11
00595.png,3
00596.png,4
00597.png,29
00598.png,2
00599.png,26
00600.png,2
00601.png,11
00602.png,4
00603.png,19
00604.png,3
00605.png,9
00606.png,7
00607.png,38
00608.png,28
00609.png,9
00610.png,27
00611.png,41
00612.png,1
00613.png,29
00614.png,11
00615.png,10
00616.png,25
00617.png,1
00618.png,10
00619.png,38
00620.png,30
00621.png,14
00622.png,1
00623.png,12
00624.png,7
00625.png,13
00626.png,28
00627.png,8
00628.png,2
00629.png,17
00630.png,5
00631.png,35
00632.png,25
00633.png,8
00634.png,4
00635.png,7
00636.png,16
00637.png,29
00638.png,17
00639.png,9
00640.png,7
00641.png,8
00642.png,17
00643.png,11
00644.png,2
00645.png,13
00646.png,12
00647.png,7
00648.png,1
00649.png,2
00650.png,32
00651.png,17
00652.png,13
00653.png,5
00654.png,12
00655.png,11
00656.png,29
00657.png,13
00658.png,13
00659.png,10
00660.png,5
00661.png,13
00662.png,2
00663.png,7
00664.png,13
00665.png,10
00666.png,14
00667.png,13
00668.png,11
00669.png,4
00670.png,15
00671.png,10
00672.png,36
00673.png,35
00674.png,26
00675.png,0
00676.png,25
00677.png,18
00678.png,29
00679.png,8
00680.png,13
00681.png,14
00682.png,35
00683.png,12
00684.png,35
00685.png,35
00686.png,14
00687.png,25
00688.png,17
00689.png,34
00690.png,5
00691.png,4
00692.png,4
00693.png,13
00694.png,29
00695.png,4
00696.png,5
00697.png,8
00698.png,1
00699.png,2
00700.png,3
00701.png,4
00702.png,39
00703.png,12
00704.png,7
00705.png,16
00706.png,12
00707.png,12
00708.png,18
00709.png,16
00710.png,2
00711.png,36
00712.png,11
00713.png,39
00714.png,4
00715.png,6
00716.png,2
00717.png,36
00718.png,1
00719.png,5
00720.png,10
00721.png,13
00722.png,5
00723.png,30
00724.png,38
00725.png,13
00726.png,14
00727.png,11
00728.png,11
00729.png,35
00730.png,25
00731.png,2
00732.png,14
00733.png,38
00734.png,15
00735.png,38
00736.png,39
00737.png,38
00738.png,4
00739.png,1
00740.png,3
00741.png,1
00742.png,35
00743.png,17
00744.png,4
00745.png,17
00746.png,4
00747.png,2
00748.png,5
00749.png,30
00750.png,10
00751.png,28
00752.png,9
00753.png,28
00754.png,22
00755.png,42
00756.png,2
00757.png,12
00758.png,3
00759.png,23
00760.png,3
00761.png,13
00762.png,10
00763.png,3
00764.png,12
00765.png,4
00766.png,1
00767.png,5
00768.png,3
00769.png,9
00770.png,10
00771.png,4
00772.png,13
00773.png,28
00774.png,3
00775.png,4
00776.png,15
00777.png,15
00778.png,0
00779.png,33
00780.png,2
00781.png,39
00782.png,12
00783.png,38
00784.png,7
00785.png,10
00786.png,2
00787.png,10
00788.png,2
00789.png,38
00790.png,2
00791.png,5
00792.png,1
00793.png,3
00794.png,1
00795.png,42
00796.png,15
00797.png,15
00798.png,4
00799.png,15
00800.png,38
00801.png,25
00802.png,5
00803.png,5
00804.png,12
00805.png,2
00806.png,26
00807.png,0
00808.png,17
00809.png,0
00810.png,26
00811.png,31
00812.png,4
00813.png,13
00814.png,17
00815.png,1
00816.png,11
00817.png,8
00818.png,1
00819.png,2
00820.png,4
00821.png,14
00822.png,3
00823.png,4
00824.png,25
00825.png,4
00826.png,15
00827.png,2
00828.png,38
00829.png,27
00830.png,37
00831.png,7
00832.png,1
00833.png,18
00834.png,28
00835.png,11
00836.png,10
00837.png,9
00838.png,15
00839.png,11
00840.png,12
00841.png,10
00842.png,13
00843.png,13
00844.png,25
00845.png,4
00846.png,1
00847.png,38
00848.png,12
00849.png,23
00850.png,10
00851.png,2
00852.png,1
00853.png,29
00854.png,24
00855.png,10
00856.png,1
00857.png,28
00858.png,3
00859.png,11
00860.png,5
00861.png,6
00862.png,9
00863.png,2
00864.png,1
00865.png,33
00866.png,3
00867.png,9
00868.png,25
00869.png,16
00870.png,42
00871.png,35
00872.png,10
00873.png,28
00874.png,4
00875.png,1
00876.png,7
00877.png,5
00878.png,3
00879.png,23
00880.png,1
00881.png,1
00882.png,10
00883.png,30
00884.png,35
00885.png,24
00886.png,33
00887.png,1
00888.png,12
00889.png,2
00890.png,13
00891.png,13
00892.png,33
00893.png,17
00894.png,35
00895.png,5
00896.png,15
00897.png,31
00898.png,33
00899.png,42
00900.png,11
00901.png,24
00902.png,38
00903.png,4
00904.png,27
00905.png,7
00906.png,13
00907.png,21
00908.png,38
00909.png,38
00910.png,1
00911.png,13
00912.png,23
00913.png,13
00914.png,18
00915.png,13
00916.png,13
00917.png,38
00918.png,35
00919.png,5
00920.png,12
00921.png,25
00922.png,4
00923.png,1
00924.png,19
00925.png,3
00926.png,9
00927.png,2
00928.png,3
00929.png,17
00930.png,38
00931.png,5
00932.png,5
00933.png,38
00934.png,1
00935.png,11
00936.png,31
00937.png,2
00938.png,42
00939.png,12
00940.png,35
00941.png,29
00942.png,38
00943.png,0
00944.png,38
00945.png,10
00946.png,13
00947.png,1
00948.png,34
00949.png,22
00950.png,12
00951.png,31
00952.png,15
00953.png,13
00954.png,31
00955.png,1
00956.png,42
00957.png,36
00958.png,7
00959.png,20
00960.png,27
00961.png,15
00962.png,12
00963.png,14
00964.png,10
00965.png,5
00966.png,32
00967.png,3
00968.png,7
00969.png,13
00970.png,12
00971.png,7
00972.png,13
00973.png,4
00974.png,10
00975.png,8
00976.png,23
00977.png,10
00978.png,39
00979.png,2
00980.png,13
00981.png,7
00982.png,1
00983.png,5
00984.png,31
00985.png,10
00986.png,5
00987.png,31
00988.png,7
00989.png,39
00990.png,0
00991.png,23
00992.png,7
00993.png,38
00994.png,35
00995.png,38
00996.png,25
00997.png,38
00998.png,9
00999.png,16
01000.png,17
01001.png,1
01002.png,12
01003.png,12
01004.png,10
01005.png,5
01006.png,38
01007.png,3
01008.png,12
01009.png,12
01010.png,8
01011.png,10
01012.png,2
01013.png,10
01014.png,12
01015.png,35
01016.png,15
01017.png,4
01018.png,35
01019.png,5
01020.png,14
01021.png,1
01022.png,30
01023.png,35
01024.png,38
01025.png,30
01026.png,11
01027.png,4
01028.png,12
01029.png,1
01030.png,18
01031.png,8
01032.png,11
01033.png,41
01034.png,10
01035.png,2
01036.png,8
01037.png,2
01038.png,35
01039.png,13
01040.png,38
01041.png,9
01042.png,12
01043.png,7
01044.png,12
01045.png,31
01046.png,2
01047.png,11
01048.png,17
01049.png,35
01050.png,4
01051.png,18
01052.png,4
01053.png,34
01054.png,40
01055.png,11
01056.png,11
01057.png,33
01058.png,15
01059.png,13
01060.png,5
01061.png,12
01062.png,13
01063.png,13
01064.png,12
01065.png,7
01066.png,31
01067.png,32
01068.png,4
01069.png,41
01070.png,8
01071.png,2
01072.png,8
01073.png,39
01074.png,14
01075.png,42
01076.png,4
01077.png,7
01078.png,11
01079.png,21
01080.png,2
01081.png,2
01082.png,13
01083.png,10
01084.png,2
01085.png,8
01086.png,18
01087.png,4
01088.png,5
01089.png,4
01090.png,16
01091.png,33
01092.png,1
01093.png,18
01094.png,31
01095.png,37
01096.png,30
01097.png,9
01098.png,18
01099.png,5
01100.png,35
01101.png,20
01102.png,2
01103.png,20
01104.png,23
01105.png,5
01106.png,8
01107.png,9
01108.png,38
01109.png,12
01110.png,35
01111.png,5
01112.png,11
01113.png,10
01114.png,12
01115.png,33
01116.png,8
01117.png,38
01118.png,3
01119.png,32
01120.png,31
01121.png,41
01122.png,35
01123.png,40
01124.png,13
01125.png,7
01126.png,12
01127.png,8
01128.png,13
01129.png,1
01130.png,13
01131.png,8
01132.png,40
01133.png,4
01134.png,4
01135.png,5
01136.png,17
01137.png,18
01138.png,12
01139.png,35
01140.png,8
01141.png,33
01142.png,3
01143.png,15
01144.png,12
01145.png,14
01146.png,9
01147.png,4
01148.png,5
01149.png,31
01150.png,32
01151.png,3
01152.png,25
01153.png,1
01154.png,10
01155.png,33
01156.png,4
01157.png,35
01158.png,9
01159.png,1
01160.png,32
01161.png,4
01162.png,13
01163.png,17
01164.png,4
01165.png,6
01166.png,26
01167.png,38
01168.png,2
01169.png,20
01170.png,11
01171.png,41
01172.png,38
01173.png,34
01174.png,38
01175.png,39
01176.png,1
01177.png,18
01178.png,5
01179.png,9
01180.png,26
01181.png,17
01182.png,31
01183.png,24
01184.png,37
01185.png,12
01186.png,22
01187.png,5
01188.png,8
01189.png,12
01190.png,10
01191.png,2
01192.png,2
01193.png,10
01194.png,7
01195.png,10
01196.png,14
01197.png,9
01198.png,8
01199.png,14
01200.png,5
01201.png,5
01202.png,25
01203.png,4
01204.png,3
01205.png,29
01206.png,40
01207.png,16
01208.png,35
01209.png,11
01210.png,18
01211.png,12
01212.png,39
01213.png,12
01214.png,30
01215.png,12
01216.png,13
01217.png,9
01218.png,9
01219.png,11
01220.png,13
01221.png,17
01222.png,29
01223.png,14
01224.png,17
01225.png,26
01226.png,1
01227.png,13
01228.png,11
01229.png,10
01230.png,5
01231.png,5
01232.png,4
01233.png,4
01234.png,3
01235.png,34
01236.png,23
01237.png,4
01238.png,7
01239.png,14
01240.png,12
01241.png,22
01242.png,37
01243.png,35
01244.png,12
01245.png,28
01246.png,28
01247.png,2
01248.png,3
01249.png,12
01250.png,10
01251.png,1
01252.png,8
01253.png,17
01254.png,37
01255.png,12
01256.png,31
01257.png,11
01258.png,9
01259.png,5
01260.png,5
01261.png,8
01262.png,9
01263.png,5
01264.png,10
01265.png,38
01266.png,42
01267.png,18
01268.png,2
01269.png,14
01270.png,2
01271.png,12
01272.png,3
01273.png,2
01274.png,42
01275.png,8
01276.png,18
01277.png,14
01278.png,5
01279.png,0
01280.png,2
01281.png,1
01282.png,14
01283.png,36
01284.png,11
01285.png,13
01286.png,11
01287.png,10
01288.png,8
01289.png,34
01290.png,4
01291.png,38
01292.png,14
01293.png,2
01294.png,7
01295.png,17
01296.png,29
01297.png,33
01298.png,28
01299.png,7
01300.png,38
01301.png,18
01302.png,14
01303.png,1
01304.png,33
01305.png,16
01306.png,4
01307.png,19
01308.png,23
01309.png,6
01310.png,5
01311.png,8
01312.png,8
01313.png,10
01314.png,34
01315.png,35
01316.png,5
01317.png,25
01318.png,13
01319.png,35
01320.png,38
01321.png,9
01322.png,15
01323.png,5
01324.png,14
01325.png,26
01326.png,42
01327.png,26
01328.png,13
01329.png,17
01330.png,10
01331.png,4
01332.png,4
01333.png,9
01334.png,1
01335.png,2
01336.png,34
01337.png,1
01338.png,42
01339.png,31
01340.png,13
01341.png,9
01342.png,13
01343.png,12
01344.png,38
01345.png,8
01346.png,35
01347.png,38
01348.png,7
01349.png,2
01350.png,5
01351.png,12
01352.png,25
01353.png,8
01354.png,2
01355.png,12
01356.png,28
01357.png,12
01358.png,2
01359.png,2
01360.png,26
01361.png,3
01362.png,8
01363.png,30
01364.png,8
01365.png,10
01366.png,12
01367.png,5
01368.png,40
01369.png,2
01370.png,33
01371.png,25
01372.png,2
01373.png,41
01374.png,16
01375.png,18
01376.png,8
01377.png,3
01378.png,34
01379.png,31
01380.png,9
01381.png,9
01382.png,13
01383.png,38
01384.png,7
01385.png,4
01386.png,4
01387.png,13
01388.png,12
01389.png,18
01390.png,8
01391.png,38
01392.png,25
01393.png,5
01394.png,2
01395.png,42
01396.png,13
01397.png,35
01398.png,10
01399.png,12
01400.png,33
01401.png,13
01402.png,11
01403.png,2
01404.png,38
01405.png,10
01406.png,13
01407.png,17
01408.png,12
01409.png,1
01410.png,15
01411.png,7
01412.png,18
01413.png,34
01414.png,38
01415.png,12
01416.png,3
01417.png,3
01418.png,4
01419.png,12
01420.png,12
01421.png,10
01422.png,30
01423.png,14
01424.png,12
01425.png,14
01426.png,10
01427.png,4
01428.png,17
01429.png,7
01430.png,13
01431.png,27
01432.png,17
01433.png,8
01434.png,23
01435.png,18
01436.png,11
01437.png,38
01438.png,10
01439.png,10
01440.png,5
01441.png,25
01442.png,18
01443.png,4
01444.png,11
01445.png,31
01446.png,12
01447.png,1
01448.png,8
01449.png,12
01450.png,35
01451.png,11
01452.png,5
01453.png,4
01454.png,2
01455.png,18
01456.png,38
01457.png,5
01458.png,38
01459.png,13
01460.png,10
01461.png,3
01462.png,42
01463.png,34
01464.png,31
01465.png,26
01466.png,8
01467.png,5
01468.png,7
01469.png,20
01470.png,15
01471.png,2
01472.png,3
01473.png,10
01474.png,13
01475.png,18
01476.png,2
01477.png,35
01478.png,4
01479.png,31
01480.png,25
01481.png,13
01482.png,1
01483.png,2
01484.png,8
01485.png,12
01486.png,2
01487.png,32
01488.png,12
01489.png,12
01490.png,12
01491.png,2
01492.png,5
01493.png,5
01494.png,7
01495.png,34
01496.png,38
01497.png,7
01498.png,2
01499.png,8
01500.png,2
01501.png,8
01502.png,8
01503.png,9
01504.png,7
01505.png,13
01506.png,1
01507.png,5
01508.png,38
01509.png,17
01510.png,5
01511.png,10
01512.png,18
01513.png,13
01514.png,30
01515.png,1
01516.png,3
01517.png,42
01518.png,16
01519.png,0
01520.png,8
01521.png,8
01522.png,17
01523.png,13
01524.png,30
01525.png,18
01526.png,38
01527.png,2
01528.png,12
01529.png,38
01530.png,13
01531.png,1
01532.png,11
01533.png,14
01534.png,5
01535.png,3
01536.png,38
01537.png,39
01538.png,5
01539.png,25
01540.png,10
01541.png,29
01542.png,3
01543.png,9
01544.png,25
01545.png,38
01546.png,2
01547.png,5
01548.png,25
01549.png,25
01550.png,13
01551.png,10
01552.png,5
01553.png,3
01554.png,38
01555.png,1
01556.png,4
01557.png,28
01558.png,2
01559.png,20
01560.png,42
01561.png,2
01562.png,38
01563.png,38
01564.png,22
01565.png,1
01566.png,25
01567.png,10
01568.png,2
01569.png,5
01570.png,17
01571.png,1
01572.png,20
01573.png,3
01574.png,9
01575.png,38
01576.png,38
01577.png,28
01578.png,3
01579.png,28
01580.png,6
01581.png,13
01582.png,30
01583.png,21
01584.png,2
01585.png,7
01586.png,17
01587.png,35
01588.png,14
01589.png,13
01590.png,10
01591.png,38
01592.png,17
01593.png,10
01594.png,11
01595.png,8
01596.png,15
01597.png,26
01598.png,2
01599.png,4
01600.png,38
01601.png,6
01602.png,1
01603.png,25
01604.png,7
01605.png,8
01606.png,18
01607.png,3
01608.png,8
01609.png,13
01610.png,16
01611.png,23
01612.png,42
01613.png,16
01614.png,12
01615.png,2
01616.png,9
01617.png,32
01618.png,12
01619.png,2
01620.png,7
01621.png,7
01622.png,38
01623.png,12
01624.png,7
01625.png,25
01626.png,38
01627.png,38
01628.png,21
01629.png,9
01630.png,11
01631.png,10
01632.png,25
01633.png,12
01634.png,20
01635.png,5
01636.png,10
01637.png,2
01638.png,23
01639.png,9
01640.png,33
01641.png,13
01642.png,35
01643.png,19
01644.png,8
01645.png,5
01646.png,34
01647.png,9
01648.png,10
01649.png,1
01650.png,35
01651.png,17
01652.png,13
01653.png,10
01654.png,38
01655.png,13
01656.png,7
01657.png,26
01658.png,12
01659.png,14
01660.png,7
01661.png,28
01662.png,17
01663.png,31
01664.png,2
01665.png,25
01666.png,16
01667.png,6
01668.png,12
01669.png,38
01670.png,17
01671.png,10
01672.png,9
01673.png,7
01674.png,15
01675.png,22
01676.png,7
01677.png,1
01678.png,38
01679.png,13
01680.png,13
01681.png,25
01682.png,17
01683.png,23
01684.png,31
01685.png,38
01686.png,7
01687.png,38
01688.png,1
01689.png,25
01690.png,7
01691.png,34
01692.png,9
01693.png,17
01694.png,5
01695.png,26
01696.png,17
01697.png,30
01698.png,38
01699.png,27
01700.png,6
01701.png,5
01702.png,32
01703.png,25
01704.png,16
01705.png,35
01706.png,18
01707.png,7
01708.png,8
01709.png,30
01710.png,1
01711.png,1
01712.png,40
01713.png,30
01714.png,42
01715.png,10
01716.png,9
01717.png,10
01718.png,11
01719.png,10
01720.png,10
01721.png,13
01722.png,13
01723.png,15
01724.png,12
01725.png,38
01726.png,10
01727.png,40
01728.png,31
01729.png,4
01730.png,2
01731.png,33
01732.png,18
01733.png,1
01734.png,2
01735.png,12
01736.png,4
01737.png,15
01738.png,17
01739.png,10
01740.png,13
01741.png,36
01742.png,25
01743.png,2
01744.png,10
01745.png,5
01746.png,39
01747.png,12
01748.png,8
01749.png,38
01750.png,26
01751.png,20
01752.png,31
01753.png,18
01754.png,38
01755.png,5
01756.png,9
01757.png,7
01758.png,36
01759.png,21
01760.png,20
01761.png,37
01762.png,17
01763.png,41
01764.png,23
01765.png,34
01766.png,14
01767.png,2
01768.png,1
01769.png,18
01770.png,3
01771.png,3
01772.png,39
01773.png,10
01774.png,4
01775.png,12
01776.png,11
01777.png,3
01778.png,35
01779.png,35
01780.png,33
01781.png,38
01782.png,8
01783.png,10
01784.png,35
01785.png,25
01786.png,31
01787.png,5
01788.png,1
01789.png,7
01790.png,40
01791.png,11
01792.png,38
01793.png,8
01794.png,25
01795.png,12
01796.png,14
01797.png,31
01798.png,7
01799.png,9
01800.png,13
01801.png,22
01802.png,24
01803.png,7
01804.png,11
01805.png,28
01806.png,38
01807.png,16
01808.png,9
01809.png,35
01810.png,12
01811.png,4
01812.png,12
01813.png,9
01814.png,36
01815.png,10
01816.png,8
01817.png,18
01818.png,13
01819.png,6
01820.png,5
01821.png,28
01822.png,13
01823.png,35
01824.png,30
01825.png,4
01826.png,14
01827.png,23
01828.png,35
01829.png,38
01830.png,7
01831.png,5
01832.png,5
01833.png,16
01834.png,4
01835.png,2
01836.png,15
01837.png,4
01838.png,17
01839.png,35
01840.png,27
01841.png,33
01842.png,2
01843.png,29
01844.png,5
01845.png,11
01846.png,4
01847.png,10
01848.png,14
01849.png,13
01850.png,35
01851.png,28
01852.png,13
01853.png,0
01854.png,29
01855.png,5
01856.png,24
01857.png,12
01858.png,10
01859.png,38
01860.png,9
01861.png,42
01862.png,5
01863.png,1
01864.png,13
01865.png,21
01866.png,9
01867.png,33
01868.png,25
01869.png,25
01870.png,10
01871.png,33
01872.png,9
01873.png,12
01874.png,14
01875.png,38
01876.png,38
01877.png,2
01878.png,7
01879.png,25
01880.png,5
01881.png,15
01882.png,12
01883.png,1
01884.png,5
01885.png,1
01886.png,18
01887.png,8
01888.png,16
01889.png,39
01890.png,13
01891.png,10
01892.png,1
01893.png,4
01894.png,2
01895.png,17
01896.png,23
01897.png,9
01898.png,21
01899.png,38
01900.png,10
01901.png,10
01902.png,31
01903.png,2
01904.png,36
01905.png,38
01906.png,2
01907.png,31
01908.png,38
01909.png,8
01910.png,22
01911.png,25
01912.png,9
01913.png,38
01914.png,34
01915.png,38
01916.png,29
01917.png,16
01918.png,25
01919.png,35
01920.png,8
01921.png,22
01922.png,5
01923.png,13
01924.png,4
01925.png,11
01926.png,34
01927.png,31
01928.png,25
01929.png,1
01930.png,13
01931.png,8
01932.png,1
01933.png,12
01934.png,2
01935.png,17
01936.png,8
01937.png,23
01938.png,5
01939.png,5
01940.png,5
01941.png,15
01942.png,1
01943.png,10
01944.png,11
01945.png,8
01946.png,25
01947.png,18
01948.png,17
01949.png,10
01950.png,15
01951.png,25
01952.png,5
01953.png,4
01954.png,4
01955.png,1
01956.png,4
01957.png,7
01958.png,40
01959.png,11
01960.png,1
01961.png,20
01962.png,17
01963.png,26
01964.png,38
01965.png,12
01966.png,7
01967.png,4
01968.png,1
01969.png,37
01970.png,9
01971.png,9
01972.png,5
01973.png,1
01974.png,34
01975.png,12
01976.png,30
01977.png,12
01978.png,10
01979.png,3
01980.png,10
01981.png,17
01982.png,10
01983.png,7
01984.png,10
01985.png,25
01986.png,2
01987.png,22
01988.png,8
01989.png,38
01990.png,7
01991.png,2
01992.png,22
01993.png,11
01994.png,11
01995.png,13
01996.png,35
01997.png,12
01998.png,3
01999.png,3
02000.png,34
02001.png,38
02002.png,8
02003.png,11
02004.png,9
02005.png,26
02006.png,17
02007.png,2
02008.png,4
02009.png,35
02010.png,36
02011.png,12
02012.png,38
02013.png,10
02014.png,22
02015.png,38
02016.png,8
02017.png,7
02018.png,9
02019.png,17
02020.png,3
02021.png,25
02022.png,7
02023.png,4
02024.png,1
02025.png,4
02026.png,1
02027.png,38
02028.png,4
02029.png,25
02030.png,10
02031.png,7
02032.png,38
02033.png,13
02034.png,14
02035.png,35
02036.png,26
02037.png,35
02038.png,25
02039.png,12
02040.png,13
02041.png,4
02042.png,7
02043.png,1
02044.png,3
02045.png,0
02046.png,38
02047.png,7
02048.png,2
02049.png,13
02050.png,39
02051.png,1
02052.png,25
02053.png,3
02054.png,18
02055.png,1
02056.png,32
02057.png,36
02058.png,12
02059.png,9
02060.png,14
02061.png,9
02062.png,2
02063.png,2
02064.png,5
02065.png,18
02066.png,11
02067.png,12
02068.png,15
02069.png,18
02070.png,11
02071.png,12
02072.png,30
02073.png,1
02074.png,9
02075.png,18
02076.png,33
02077.png,7
02078.png,38
02079.png,17
02080.png,2
02081.png,9
02082.png,15
02083.png,13
02084.png,10
02085.png,31
02086.png,28
02087.png,18
02088.png,1
02089.png,13
02090.png,31
02091.png,28
02092.png,9
02093.png,11
02094.png,25
02095.png,37
02096.png,25
02097.png,12
02098.png,18
02099.png,1
02100.png,29
02101.png,31
02102.png,7
02103.png,2
02104.png,2
02105.png,6
02106.png,7
02107.png,4
02108.png,36
02109.png,30
02110.png,2
02111.png,17
02112.png,18
02113.png,5
02114.png,2
02115.png,13
02116.png,26
02117.png,7
02118.png,9
02119.png,3
02120.png,38
02121.png,18
02122.png,11
02123.png,13
02124.png,11
02125.png,13
02126.png,10
02127.png,5
02128.png,16
02129.png,13
02130.png,16
02131.png,9
02132.png,3
02133.png,16
02134.png,13
02135.png,35
02136.png,13
02137.png,10
02138.png,36
02139.png,1
02140.png,38
02141.png,17
02142.png,12
02143.png,11
02144.png,2
02145.png,4
02146.png,13
02147.png,18
02148.png,12
02149.png,33
02150.png,11
02151.png,36
02152.png,31
02153.png,7
02154.png,1
02155.png,5
02156.png,10
02157.png,27
02158.png,3
02159.png,40
02160.png,0
02161.png,4
02162.png,9
02163.png,2
02164.png,2
02165.png,2
02166.png,13
02167.png,16
02168.png,13
02169.png,2
02170.png,18
02171.png,2
02172.png,18
02173.png,6
02174.png,9
02175.png,2
02176.png,17
02177.png,14
02178.png,5
02179.png,12
02180.png,5
02181.png,26
02182.png,3
02183.png,17
02184.png,40
02185.png,38
02186.png,14
02187.png,16
02188.png,6
02189.png,8
02190.png,4
02191.png,5
02192.png,4
02193.png,11
02194.png,5
02195.png,13
02196.png,2
02197.png,11
02198.png,12
02199.png,4
02200.png,7
02201.png,38
02202.png,33
02203.png,10
02204.png,33
02205.png,12
02206.png,14
02207.png,38
02208.png,1
02209.png,23
02210.png,7
02211.png,27
02212.png,35
02213.png,10
02214.png,4
02215.png,1
02216.png,11
02217.png,35
02218.png,42
02219.png,28
02220.png,8
02221.png,12
02222.png,5
02223.png,18
02224.png,35
02225.png,17
02226.png,4
02227.png,8
02228.png,26
02229.png,17
02230.png,14
02231.png,8
02232.png,15
02233.png,10
02234.png,5
02235.png,8
02236.png,6
02237.png,14
02238.png,10
02239.png,35
02240.png,1
02241.png,13
02242.png,22
02243.png,16
02244.png,1
02245.png,35
02246.png,5
02247.png,13
02248.png,38
02249.png,7
02250.png,1
02251.png,4
02252.png,25
02253.png,11
02254.png,3
02255.png,12
02256.png,2
02257.png,12
02258.png,12
02259.png,10
02260.png,10
02261.png,13
02262.png,6
02263.png,23
02264.png,13
02265.png,25
02266.png,2
02267.png,12
02268.png,13
02269.png,2
02270.png,12
02271.png,13
02272.png,4
02273.png,16
02274.png,20
02275.png,12
02276.png,25
02277.png,10
02278.png,1
02279.png,7
02280.png,38
02281.png,5
02282.png,13
02283.png,9
02284.png,4
02285.png,38
02286.png,10
02287.png,17
02288.png,30
02289.png,13
02290.png,1
02291.png,14
02292.png,10
02293.png,10
02294.png,33
02295.png,2
02296.png,13
02297.png,2
02298.png,7
02299.png,36
02300.png,6
02301.png,1
02302.png,12
02303.png,17
02304.png,17
02305.png,1
02306.png,4
02307.png,1
02308.png,34
02309.png,3
02310.png,5
02311.png,35
02312.png,1
02313.png,1
02314.png,4
02315.png,13
02316.png,21
02317.png,25
02318.png,3
02319.png,7
02320.png,5
02321.png,3
02322.png,7
02323.png,2
02324.png,5
02325.png,15
02326.png,19
02327.png,2
02328.png,10
02329.png,14
02330.png,28
02331.png,38
02332.png,42
02333.png,36
02334.png,17
02335.png,1
02336.png,5
02337.png,38
02338.png,8
02339.png,16
02340.png,7
02341.png,13
02342.png,31
02343.png,1
02344.png,25
02345.png,32
02346.png,5
02347.png,29
02348.png,4
02349.png,13
02350.png,35
02351.png,33
02352.png,5
02353.png,4
02354.png,10
02355.png,18
02356.png,1
02357.png,11
02358.png,33
02359.png,10
02360.png,30
02361.png,30
02362.png,5
02363.png,31
02364.png,12
02365.png,2
02366.png,2
02367.png,1
02368.png,8
02369.png,13
02370.png,21
02371.png,2
02372.png,1
02373.png,25
02374.png,8
02375.png,33
02376.png,4
02377.png,17
02378.png,25
02379.png,12
02380.png,26
02381.png,11
02382.png,2
02383.png,7
02384.png,22
02385.png,10
02386.png,4
02387.png,25
02388.png,31
02389.png,10
02390.png,18
02391.png,1
02392.png,11
02393.png,17
02394.png,7
02395.png,2
02396.png,24
02397.png,3
02398.png,7
02399.png,5
02400.png,28
02401.png,12
02402.png,8
02403.png,23
02404.png,38
02405.png,1
02406.png,34
02407.png,23
02408.png,2
02409.png,8
02410.png,38
02411.png,9
02412.png,38
02413.png,8
02414.png,25
02415.png,13
02416.png,38
02417.png,13
02418.png,4
02419.png,31
02420.png,12
02421.png,8
02422.png,31
02423.png,22
02424.png,6
02425.png,18
02426.png,10
02427.png,33
02428.png,5
02429.png,1
02430.png,4
02431.png,12
02432.png,35
02433.png,25
02434.png,5
02435.png,11
02436.png,13
02437.png,7
02438.png,14
02439.png,8
02440.png,11
02441.png,1
02442.png,11
02443.png,17
02444.png,35
02445.png,4
02446.png,26
02447.png,6
02448.png,19
02449.png,9
02450.png,11
02451.png,35
02452.png,38
02453.png,25
02454.png,2
02455.png,9
02456.png,13
02457.png,2
02458.png,13
02459.png,18
02460.png,11
02461.png,38
02462.png,10
02463.png,2
02464.png,9
02465.png,12
02466.png,2
02467.png,9
02468.png,5
02469.png,1
02470.png,10
02471.png,25
02472.png,2
02473.png,38
02474.png,16
02475.png,38
02476.png,23
02477.png,12
02478.png,12
02479.png,31
02480.png,6
02481.png,11
02482.png,25
02483.png,17
02484.png,25
02485.png,36
02486.png,9
02487.png,40
02488.png,13
02489.png,25
02490.png,4
02491.png,9
02492.png,22
02493.png,2
02494.png,1
02495.png,13
02496.png,3
02497.png,4
02498.png,38
02499.png,12
02500.png,32
02501.png,12
02502.png,23
02503.png,39
02504.png,35
02505.png,31
02506.png,40
02507.png,2
02508.png,9
02509.png,5
02510.png,8
02511.png,20
02512.png,5
02513.png,9
02514.png,2
02515.png,11
02516.png,12
02517.png,29
02518.png,17
02519.png,8
02520.png,3
02521.png,15
02522.png,3
02523.png,13
02524.png,10
02525.png,13
02526.png,4
02527.png,1
02528.png,25
02529.png,5
02530.png,26
02531.png,25
02532.png,10
02533.png,1
02534.png,8
02535.png,40
02536.png,9
02537.png,10
02538.png,3
02539.png,25
02540.png,25
02541.png,12
02542.png,10
02543.png,13
02544.png,39
02545.png,17
02546.png,7
02547.png,17
02548.png,9
02549.png,12
02550.png,1
02551.png,9
02552.png,10
02553.png,4
02554.png,9
02555.png,18
02556.png,7
02557.png,4
02558.png,1
02559.png,23
02560.png,2
02561.png,4
02562.png,35
02563.png,11
02564.png,9
02565.png,5
02566.png,2
02567.png,7
02568.png,25
02569.png,14
02570.png,26
02571.png,23
02572.png,5
02573.png,18
02574.png,2
02575.png,29
02576.png,25
02577.png,1
02578.png,22
02579.png,12
02580.png,1
02581.png,14
02582.png,34
02583.png,33
02584.png,19
02585.png,2
02586.png,12
02587.png,9
02588.png,17
02589.png,26
02590.png,13
02591.png,14
02592.png,3
02593.png,2
02594.png,2
02595.png,5
02596.png,17
02597.png,25
02598.png,17
02599.png,30
02600.png,30
02601.png,38
02602.png,35
02603.png,4
02604.png,2
02605.png,2
02606.png,28
02607.png,33
02608.png,33
02609.png,33
02610.png,27
02611.png,24
02612.png,25
02613.png,9
02614.png,16
02615.png,12
02616.png,1
02617.png,5
02618.png,34
02619.png,10
02620.png,25
02621.png,25
02622.png,35
02623.png,5
02624.png,13
02625.png,5
02626.png,7
02627.png,4
02628.png,34
02629.png,15
02630.png,7
02631.png,13
02632.png,1
02633.png,23
02634.png,35
02635.png,5
02636.png,13
02637.png,5
02638.png,28
02639.png,13
02640.png,12
02641.png,11
02642.png,25
02643.png,34
02644.png,10
02645.png,3
02646.png,5
02647.png,31
02648.png,11
02649.png,11
02650.png,37
02651.png,12
02652.png,25
02653.png,9
02654.png,13
02655.png,30
02656.png,25
02657.png,25
02658.png,12
02659.png,12
02660.png,30
02661.png,15
02662.png,13
02663.png,1
02664.png,25
02665.png,8
02666.png,13
02667.png,3
02668.png,10
02669.png,18
02670.png,42
02671.png,9
02672.png,16
02673.png,4
02674.png,12
02675.png,15
02676.png,25
02677.png,6
02678.png,41
02679.png,1
02680.png,1
02681.png,2
02682.png,11
02683.png,13
02684.png,33
02685.png,38
02686.png,4
02687.png,5
02688.png,7
02689.png,2
02690.png,35
02691.png,10
02692.png,38
02693.png,4
02694.png,1
02695.png,13
02696.png,11
02697.png,38
02698.png,7
02699.png,5
02700.png,5
02701.png,35
02702.png,37
02703.png,38
02704.png,38
02705.png,1
02706.png,33
02707.png,29
02708.png,26
02709.png,25
02710.png,25
02711.png,10
02712.png,1
02713.png,1
02714.png,1
02715.png,16
02716.png,5
02717.png,23
02718.png,10
02719.png,9
02720.png,17
02721.png,2
02722.png,12
02723.png,9
02724.png,18
02725.png,35
02726.png,10
02727.png,2
02728.png,15
02729.png,12
02730.png,4
02731.png,25
02732.png,10
02733.png,12
02734.png,5
02735.png,13
02736.png,2
02737.png,3
02738.png,28
02739.png,1
02740.png,23
02741.png,2
02742.png,1
02743.png,9
02744.png,5
02745.png,38
02746.png,12
02747.png,1
02748.png,27
02749.png,13
02750.png,9
02751.png,24
02752.png,0
02753.png,5
02754.png,38
02755.png,5
02756.png,4
02757.png,18
02758.png,5
02759.png,36
02760.png,30
02761.png,10
02762.png,38
02763.png,16
02764.png,2
02765.png,31
02766.png,24
02767.png,38
02768.png,25
02769.png,17
02770.png,12
02771.png,29
02772.png,4
02773.png,10
02774.png,14
02775.png,11
02776.png,25
02777.png,18
02778.png,4
02779.png,4
02780.png,8
02781.png,25
02782.png,18
02783.png,7
02784.png,38
02785.png,3
02786.png,13
02787.png,31
02788.png,8
02789.png,21
02790.png,31
02791.png,38
02792.png,2
02793.png,2
02794.png,34
02795.png,10
02796.png,7
02797.png,10
02798.png,38
02799.png,8
02800.png,4
02801.png,12
02802.png,28
02803.png,5
02804.png,39
02805.png,41
02806.png,10
02807.png,13
02808.png,38
02809.png,38
02810.png,19
02811.png,1
02812.png,7
02813.png,6
02814.png,39
02815.png,3
02816.png,1
02817.png,19
02818.png,32
02819.png,38
02820.png,12
02821.png,8
02822.png,35
02823.png,12
02824.png,38
02825.png,17
02826.png,2
02827.png,1
02828.png,14
02829.png,35
02830.png,12
02831.png,35
02832.png,34
02833.png,17
02834.png,42
02835.png,1
02836.png,5
02837.png,31
02838.png,6
02839.png,28
02840.png,12
02841.png,38
02842.png,11
02843.png,5
02844.png,8
02845.png,8
02846.png,23
02847.png,27
02848.png,2
02849.png,1
02850.png,25
02851.png,10
02852.png,31
02853.png,3
02854.png,18
02855.png,18
02856.png,13
02857.png,18
02858.png,13
02859.png,34
02860.png,5
02861.png,4
02862.png,1
02863.png,23
02864.png,30
02865.png,4
02866.png,12
02867.png,1
02868.png,38
02869.png,1
02870.png,12
02871.png,25
02872.png,14
02873.png,38
02874.png,1
02875.png,17
02876.png,9
02877.png,16
02878.png,13
02879.png,7
02880.png,39
02881.png,2
02882.png,8
02883.png,2
02884.png,10
02885.png,25
02886.png,10
02887.png,4
02888.png,4
02889.png,10
02890.png,9
02891.png,39
02892.png,7
02893.png,22
02894.png,40
02895.png,4
02896.png,12
02897.png,10
02898.png,15
02899.png,12
02900.png,13
02901.png,34
02902.png,4
02903.png,2
02904.png,5
02905.png,25
02906.png,37
02907.png,17
02908.png,15
02909.png,14
02910.png,15
02911.png,12
02912.png,26
02913.png,18
02914.png,9
02915.png,17
02916.png,1
02917.png,7
02918.png,23
02919.png,1
02920.png,35
02921.png,11
02922.png,7
02923.png,10
02924.png,5
02925.png,13
02926.png,10
02927.png,9
02928.png,1
02929.png,10
02930.png,0
02931.png,1
02932.png,13
02933.png,10
02934.png,13
02935.png,2
02936.png,18
02937.png,13
02938.png,4
02939.png,2
02940.png,8
02941.png,16
02942.png,17
02943.png,18
02944.png,39
02945.png,15
02946.png,5
02947.png,9
02948.png,15
02949.png,17
02950.png,2
02951.png,8
02952.png,33
02953.png,33
02954.png,23
02955.png,1
02956.png,11
02957.png,28
02958.png,9
02959.png,4
02960.png,14
02961.png,3
02962.png,22
02963.png,17
02964.png,9
02965.png,3
02966.png,26
02967.png,2
02968.png,16
02969.png,17
02970.png,18
02971.png,12
02972.png,29
02973.png,11
02974.png,18
02975.png,1
02976.png,2
02977.png,38
02978.png,36
02979.png,25
02980.png,41
02981.png,5
02982.png,12
02983.png,7
02984.png,17
02985.png,4
02986.png,25
02987.png,6
02988.png,36
02989.png,26
02990.png,9
02991.png,7
02992.png,14
02993.png,30
02994.png,17
02995.png,20
02996.png,18
02997.png,12
02998.png,41
02999.png,5
03000.png,11
03001.png,36
03002.png,1
03003.png,15
03004.png,11
03005.png,12
03006.png,34
03007.png,33
03008.png,21
03009.png,0
03010.png,9
03011.png,9
03012.png,27
03013.png,3
03014.png,18
03015.png,31
03016.png,2
03017.png,26
03018.png,25
03019.png,38
03020.png,12
03021.png,6
03022.png,28
03023.png,35
03024.png,5
03025.png,30
03026.png,4
03027.png,8
03028.png,12
03029.png,17
03030.png,18
03031.png,1
03032.png,38
03033.png,38
03034.png,9
03035.png,25
03036.png,5
03037.png,1
03038.png,1
03039.png,42
03040.png,13
03041.png,13
03042.png,2
03043.png,30
03044.png,10
03045.png,35
03046.png,28
03047.png,5
03048.png,11
03049.png,30
03050.png,11
03051.png,1
03052.png,25
03053.png,38
03054.png,38
03055.png,31
03056.png,19
03057.png,13
03058.png,21
03059.png,20
03060.png,8
03061.png,38
03062.png,22
03063.png,28
03064.png,12
03065.png,17
03066.png,12
03067.png,35
03068.png,10
03069.png,13
03070.png,12
03071.png,1
03072.png,2
03073.png,10
03074.png,5
03075.png,13
03076.png,34
03077.png,2
03078.png,2
03079.png,17
03080.png,9
03081.png,13
03082.png,34
03083.png,2
03084.png,13
03085.png,10
03086.png,8
03087.png,4
03088.png,38
03089.png,10
03090.png,4
03091.png,1
03092.png,33
03093.png,2
03094.png,14
03095.png,35
03096.png,10
03097.png,13
03098.png,9
03099.png,5
03100.png,35
03101.png,18
03102.png,25
03103.png,40
03104.png,3
03105.png,13
03106.png,31
03107.png,22
03108.png,38
03109.png,39
03110.png,2
03111.png,25
03112.png,23
03113.png,11
03114.png,23
03115.png,12
03116.png,17
03117.png,36
03118.png,1
03119.png,38
03120.png,2
03121.png,8
03122.png,18
03123.png,4
03124.png,10
03125.png,7
03126.png,38
03127.png,14
03128.png,10
03129.png,38
03130.png,9
03131.png,14
03132.png,1
03133.png,25
03134.png,14
03135.png,1
03136.png,1
03137.png,25
03138.png,7
03139.png,10
03140.png,5
03141.png,40
03142.png,28
03143.png,20
03144.png,4
03145.png,9
03146.png,3
03147.png,1
03148.png,35
03149.png,2
03150.png,22
03151.png,2
03152.png,2
03153.png,1
03154.png,14
03155.png,4
03156.png,3
03157.png,11
03158.png,10
03159.png,5
03160.png,29
03161.png,10
03162.png,33
03163.png,38
03164.png,12
03165.png,17
03166.png,16
03167.png,12
03168.png,3
03169.png,4
03170.png,10
03171.png,8
03172.png,18
03173.png,38
03174.png,35
03175.png,1
03176.png,17
03177.png,26
03178.png,34
03179.png,7
03180.png,8
03181.png,10
03182.png,7
03183.png,17
03184.png,3
03185.png,12
03186.png,13
03187.png,31
03188.png,36
03189.png,7
03190.png,8
03191.png,12
03192.png,3
03193.png,5
03194.png,24
03195.png,11
03196.png,28
03197.png,2
03198.png,1
03199.png,5
03200.png,5
03201.png,9
03202.png,1
03203.png,13
03204.png,13
03205.png,13
03206.png,7
03207.png,31
03208.png,1
03209.png,2
03210.png,7
03211.png,1
03212.png,2
03213.png,12
03214.png,2
03215.png,4
03216.png,11
03217.png,24
03218.png,38
03219.png,10
03220.png,24
03221.png,26
03222.png,6
03223.png,4
03224.png,11
03225.png,23
03226.png,4
03227.png,35
03228.png,7
03229.png,15
03230.png,31
03231.png,23
03232.png,11
03233.png,25
03234.png,18
03235.png,27
03236.png,41
03237.png,1
03238.png,23
03239.png,8
03240.png,4
03241.png,15
03242.png,7
03243.png,25
03244.png,12
03245.png,9
03246.png,20
03247.png,1
03248.png,1
03249.png,11
03250.png,27
03251.png,13
03252.png,13
03253.png,15
03254.png,35
03255.png,25
03256.png,11
03257.png,8
03258.png,36
03259.png,2
03260.png,10
03261.png,12
03262.png,2
03263.png,3
03264.png,34
03265.png,16
03266.png,8
03267.png,10
03268.png,12
03269.png,9
03270.png,11
03271.png,11
03272.png,35
03273.png,30
03274.png,40
03275.png,4
03276.png,2
03277.png,1
03278.png,18
03279.png,17
03280.png,35
03281.png,0
03282.png,2
03283.png,12
03284.png,12
03285.png,12
03286.png,14
03287.png,8
03288.png,31
03289.png,1
03290.png,26
03291.png,7
03292.png,10
03293.png,5
03294.png,21
03295.png,13
03296.png,3
03297.png,13
03298.png,18
03299.png,2
03300.png,25
03301.png,10
03302.png,1
03303.png,6
03304.png,1
03305.png,7
03306.png,34
03307.png,14
03308.png,7
03309.png,2
03310.png,25
03311.png,15
03312.png,8
03313.png,33
03314.png,10
03315.png,10
03316.png,3
03317.png,17
03318.png,13
03319.png,11
03320.png,25
03321.png,1
03322.png,15
03323.png,1
03324.png,35
03325.png,14
03326.png,9
03327.png,13
03328.png,9
03329.png,25
03330.png,4
03331.png,1
03332.png,7
03333.png,31
03334.png,3
03335.png,1
03336.png,2
03337.png,20
03338.png,18
03339.png,38
03340.png,0
03341.png,39
03342.png,3
03343.png,15
03344.png,12
03345.png,2
03346.png,3
03347.png,35
03348.png,5
03349.png,11
03350.png,3
03351.png,1
03352.png,9
03353.png,37
03354.png,12
03355.png,7
03356.png,2
03357.png,38
03358.png,22
03359.png,16
03360.png,41
03361.png,31
03362.png,25
03363.png,29
03364.png,10
03365.png,16
03366.png,2
03367.png,29
03368.png,13
03369.png,22
03370.png,12
03371.png,12
03372.png,9
03373.png,23
03374.png,15
03375.png,13
03376.png,3
03377.png,12
03378.png,40
03379.png,25
03380.png,38
03381.png,10
03382.png,1
03383.png,11
03384.png,4
03385.png,36
03386.png,42
03387.png,30
03388.png,22
03389.png,5
03390.png,4
03391.png,31
03392.png,4
03393.png,9
03394.png,28
03395.png,13
03396.png,13
03397.png,16
03398.png,7
03399.png,5
03400.png,3
03401.png,9
03402.png,15
03403.png,14
03404.png,9
03405.png,19
03406.png,5
03407.png,5
03408.png,1
03409.png,13
03410.png,28
03411.png,8
03412.png,14
03413.png,6
03414.png,10
03415.png,1
03416.png,23
03417.png,13
03418.png,36
03419.png,2
03420.png,0
03421.png,28
03422.png,40
03423.png,2
03424.png,12
03425.png,15
03426.png,5
03427.png,4
03428.png,13
03429.png,35
03430.png,12
03431.png,4
03432.png,5
03433.png,11
03434.png,5
03435.png,2
03436.png,9
03437.png,18
03438.png,7
03439.png,1
03440.png,18
03441.png,2
03442.png,3
03443.png,12
03444.png,8
03445.png,1
03446.png,4
03447.png,4
03448.png,15
03449.png,14
03450.png,8
03451.png,2
03452.png,1
03453.png,8
03454.png,40
03455.png,5
03456.png,35
03457.png,22
03458.png,5
03459.png,35
03460.png,12
03461.png,1
03462.png,35
03463.png,12
03464.png,10
03465.png,38
03466.png,11
03467.png,38
03468.png,1
03469.png,36
03470.png,8
03471.png,11
03472.png,16
03473.png,42
03474.png,0
03475.png,1
03476.png,16
03477.png,12
03478.png,11
03479.png,15
03480.png,25
03481.png,20
03482.png,17
03483.png,1
03484.png,4
03485.png,18
03486.png,15
03487.png,25
03488.png,35
03489.png,12
03490.png,11
03491.png,2
03492.png,18
03493.png,24
03494.png,25
03495.png,18
03496.png,7
03497.png,9
03498.png,5
03499.png,8
03500.png,2
03501.png,32
03502.png,8
03503.png,10
03504.png,12
03505.png,13
03506.png,16
03507.png,12
03508.png,14
03509.png,38
03510.png,4
03511.png,38
03512.png,18
03513.png,38
03514.png,12
03515.png,7
03516.png,9
03517.png,38
03518.png,2
03519.png,2
03520.png,2
03521.png,24
03522.png,1
03523.png,6
03524.png,1
03525.png,5
03526.png,10
03527.png,9
03528.png,38
03529.png,18
03530.png,4
03531.png,4
03532.png,17
03533.png,12
03534.png,1
03535.png,35
03536.png,13
03537.png,9
03538.png,10
03539.png,17
03540.png,10
03541.png,5
03542.png,11
03543.png,8
03544.png,2
03545.png,13
03546.png,14
03547.png,11
03548.png,38
03549.png,10
03550.png,14
03551.png,18
03552.png,19
03553.png,32
03554.png,8
03555.png,5
03556.png,2
03557.png,12
03558.png,22
03559.png,2
03560.png,17
03561.png,6
03562.png,5
03563.png,35
03564.png,27
03565.png,9
03566.png,5
03567.png,11
03568.png,13
03569.png,13
03570.png,13
03571.png,11
03572.png,38
03573.png,10
03574.png,12
03575.png,8
03576.png,8
03577.png,8
03578.png,4
03579.png,38
03580.png,24
03581.png,35
03582.png,38
03583.png,17
03584.png,38
03585.png,10
03586.png,18
03587.png,11
03588.png,25
03589.png,3
03590.png,17
03591.png,7
03592.png,35
03593.png,41
03594.png,14
03595.png,3
03596.png,38
03597.png,12
03598.png,20
03599.png,38
03600.png,6
03601.png,14
03602.png,2
03603.png,4
03604.png,2
03605.png,37
03606.png,12
03607.png,8
03608.png,9
03609.png,38
03610.png,12
03611.png,4
03612.png,38
03613.png,9
03614.png,35
03615.png,4
03616.png,37
03617.png,21
03618.png,10
03619.png,2
03620.png,16
03621.png,23
03622.png,3
03623.png,2
03624.png,11
03625.png,25
03626.png,11
03627.png,1
03628.png,5
03629.png,1
03630.png,35
03631.png,10
03632.png,2
03633.png,5
03634.png,1
03635.png,12
03636.png,7
03637.png,7
03638.png,1
03639.png,38
03640.png,17
03641.png,10
03642.png,10
03643.png,18
03644.png,17
03645.png,1
03646.png,1
03647.png,14
03648.png,12
03649.png,7
03650.png,4
03651.png,14
03652.png,17
03653.png,38
03654.png,3
03655.png,3
03656.png,25
03657.png,25
03658.png,10
03659.png,13
03660.png,8
03661.png,2
03662.png,18
03663.png,31
03664.png,14
03665.png,26
03666.png,31
03667.png,14
03668.png,14
03669.png,9
03670.png,35
03671.png,3
03672.png,33
03673.png,1
03674.png,14
03675.png,25
03676.png,2
03677.png,0
03678.png,10
03679.png,17
03680.png,2
03681.png,25
03682.png,13
03683.png,4
03684.png,39
03685.png,5
03686.png,31
03687.png,10
03688.png,4
03689.png,4
03690.png,24
03691.png,1
03692.png,12
03693.png,8
03694.png,2
03695.png,41
03696.png,4
03697.png,12
03698.png,12
03699.png,10
03700.png,35
03701.png,21
03702.png,22
03703.png,2
03704.png,25
03705.png,6
03706.png,35
03707.png,3
03708.png,14
03709.png,2
03710.png,17
03711.png,2
03712.png,17
03713.png,11
03714.png,19
03715.png,33
03716.png,2
03717.png,4
03718.png,33
03719.png,28
03720.png,41
03721.png,6
03722.png,28
03723.png,38
03724.png,38
03725.png,11
03726.png,7
03727.png,26
03728.png,18
03729.png,10
03730.png,25
03731.png,13
03732.png,3
03733.png,11
03734.png,38
03735.png,35
03736.png,17
03737.png,22
03738.png,31
03739.png,31
03740.png,11
03741.png,25
03742.png,25
03743.png,31
03744.png,12
03745.png,30
03746.png,28
03747.png,12
03748.png,12
03749.png,31
03750.png,35
03751.png,34
03752.png,28
03753.png,29
03754.png,10
03755.png,9
03756.png,13
03757.png,31
03758.png,10
03759.png,1
03760.png,10
03761.png,6
03762.png,11
03763.png,13
03764.png,38
03765.png,4
03766.png,13
03767.png,13
03768.png,7
03769.png,1
03770.png,18
03771.png,7
03772.png,1
03773.png,2
03774.png,31
03775.png,11
03776.png,0
03777.png,11
03778.png,11
03779.png,0
03780.png,25
03781.png,18
03782.png,30
03783.png,23
03784.png,1
03785.png,1
03786.png,25
03787.png,13
03788.png,10
03789.png,37
03790.png,15
03791.png,5
03792.png,11
03793.png,12
03794.png,9
03795.png,11
03796.png,5
03797.png,2
03798.png,13
03799.png,30
03800.png,25
03801.png,9
03802.png,5
03803.png,13
03804.png,20
03805.png,3
03806.png,11
03807.png,10
03808.png,10
03809.png,14
03810.png,1
03811.png,25
03812.png,3
03813.png,10
03814.png,13
03815.png,35
03816.png,18
03817.png,18
03818.png,10
03819.png,4
03820.png,26
03821.png,28
03822.png,15
03823.png,17
03824.png,17
03825.png,14
03826.png,35
03827.png,12
03828.png,7
03829.png,38
03830.png,1
03831.png,1
03832.png,41
03833.png,7
03834.png,5
03835.png,20
03836.png,1
03837.png,6
03838.png,2
03839.png,2
03840.png,23
03841.png,11
03842.png,12
03843.png,1
03844.png,13
03845.png,35
03846.png,15
03847.png,25
03848.png,10
03849.png,38
03850.png,5
03851.png,28
03852.png,9
03853.png,34
03854.png,1
03855.png,38
03856.png,9
03857.png,5
03858.png,4
03859.png,16
03860.png,25
03861.png,23
03862.png,10
03863.png,0
03864.png,39
03865.png,12
03866.png,10
03867.png,41
03868.png,25
03869.png,33
03870.png,15
03871.png,33
03872.png,25
03873.png,27
03874.png,7
03875.png,13
03876.png,11
03877.png,1
03878.png,1
03879.png,7
03880.png,28
03881.png,17
03882.png,12
03883.png,7
03884.png,12
03885.png,31
03886.png,5
03887.png,38
03888.png,13
03889.png,24
03890.png,13
03891.png,14
03892.png,10
03893.png,1
03894.png,25
03895.png,5
03896.png,22
03897.png,1
03898.png,15
03899.png,8
03900.png,1
03901.png,25
03902.png,13
03903.png,12
03904.png,28
03905.png,41
03906.png,38
03907.png,17
03908.png,7
03909.png,33
03910.png,38
03911.png,3
03912.png,28
03913.png,35
03914.png,4
03915.png,4
03916.png,2
03917.png,31
03918.png,16
03919.png,12
03920.png,12
03921.png,12
03922.png,0
03923.png,2
03924.png,9
03925.png,4
03926.png,20
03927.png,31
03928.png,7
03929.png,4
03930.png,8
03931.png,9
03932.png,35
03933.png,13
03934.png,9
03935.png,38
03936.png,12
03937.png,7
03938.png,32
03939.png,9
03940.png,11
03941.png,7
03942.png,5
03943.png,13
03944.png,7
03945.png,12
03946.png,11
03947.png,1
03948.png,25
03949.png,12
03950.png,4
03951.png,17
03952.png,6
03953.png,38
03954.png,38
03955.png,12
03956.png,31
03957.png,6
03958.png,22
03959.png,4
03960.png,31
03961.png,15
03962.png,1
03963.png,8
03964.png,40
03965.png,26
03966.png,9
03967.png,3
03968.png,40
03969.png,13
03970.png,8
03971.png,34
03972.png,17
03973.png,36
03974.png,12
03975.png,40
03976.png,38
03977.png,4
03978.png,31
03979.png,35
03980.png,31
03981.png,18
03982.png,13
03983.png,25
03984.png,1
03985.png,1
03986.png,17
03987.png,31
03988.png,16
03989.png,10
03990.png,12
03991.png,42
03992.png,9
03993.png,39
03994.png,35
03995.png,13
03996.png,10
03997.png,13
03998.png,4
03999.png,4
04000.png,25
04001.png,34
04002.png,12
04003.png,2
04004.png,8
04005.png,29
04006.png,31
04007.png,4
04008.png,1
04009.png,8
04010.png,4
04011.png,30
04012.png,0
04013.png,15
04014.png,13
04015.png,25
04016.png,2
04017.png,4
04018.png,2
04019.png,12
04020.png,28
04021.png,11
04022.png,35
04023.png,4
04024.png,10
04025.png,38
04026.png,31
04027.png,12
04028.png,7
04029.png,16
04030.png,6
04031.png,1
04032.png,21
04033.png,5
04034.png,13
04035.png,2
04036.png,38
04037.png,2
04038.png,24
04039.png,5
04040.png,34
04041.png,9
04042.png,17
04043.png,26
04044.png,25
04045.png,24
04046.png,12
04047.png,17
04048.png,27
04049.png,35
04050.png,29
04051.png,8
04052.png,31
04053.png,5
04054.png,15
04055.png,22
04056.png,10
04057.png,28
04058.png,25
04059.png,12
04060.png,8
04061.png,9
04062.png,11
04063.png,1
04064.png,17
04065.png,29
04066.png,38
04067.png,2
04068.png,36
04069.png,30
04070.png,30
04071.png,1
04072.png,8
04073.png,13
04074.png,38
04075.png,1
04076.png,5
04077.png,29
04078.png,11
04079.png,18
04080.png,11
04081.png,10
04082.png,4
04083.png,15
04084.png,12
04085.png,7
04086.png,21
04087.png,38
04088.png,28
04089.png,13
04090.png,7
04091.png,12
04092.png,10
04093.png,1
04094.png,35
04095.png,1
04096.png,8
04097.png,38
04098.png,25
04099.png,13
04100.png,15
04101.png,12
04102.png,8
04103.png,17
04104.png,38
04105.png,41
04106.png,31
04107.png,10
04108.png,25
04109.png,1
04110.png,14
04111.png,17
04112.png,23
04113.png,10
04114.png,26
04115.png,31
04116.png,5
04117.png,36
04118.png,14
04119.png,4
04120.png,4
04121.png,7
04122.png,20
04123.png,34
04124.png,1
04125.png,21
04126.png,14
04127.png,4
04128.png,13
04129.png,6
04130.png,39
04131.png,11
04132.png,33
04133.png,30
04134.png,2
04135.png,3
04136.png,33
04137.png,1
04138.png,40
04139.png,1
04140.png,13
04141.png,23
04142.png,18
04143.png,10
04144.png,35
04145.png,1
04146.png,15
04147.png,21
04148.png,14
04149.png,3
04150.png,35
04151.png,12
04152.png,9
04153.png,33
04154.png,17
04155.png,12
04156.png,25
04157.png,18
04158.png,4
04159.png,31
04160.png,11
04161.png,5
04162.png,29
04163.png,11
04164.png,5
04165.png,14
04166.png,15
04167.png,5
04168.png,38
04169.png,14
04170.png,4
04171.png,10
04172.png,12
04173.png,2
04174.png,13
04175.png,17
04176.png,10
04177.png,4
04178.png,5
04179.png,4
04180.png,0
04181.png,8
04182.png,31
04183.png,4
04184.png,41
04185.png,21
04186.png,20
04187.png,25
04188.png,14
04189.png,1
04190.png,11
04191.png,21
04192.png,11
04193.png,18
04194.png,10
04195.png,5
04196.png,12
04197.png,13
04198.png,31
04199.png,12
04200.png,2
04201.png,12
04202.png,13
04203.png,16
04204.png,3
04205.png,2
04206.png,10
04207.png,5
04208.png,31
04209.png,12
04210.png,14
04211.png,17
04212.png,17
04213.png,13
04214.png,17
04215.png,16
04216.png,31
04217.png,11
04218.png,26
04219.png,13
04220.png,13
04221.png,7
04222.png,13
04223.png,2
04224.png,18
04225.png,8
04226.png,7
04227.png,1
04228.png,9
04229.png,38
04230.png,9
04231.png,13
04232.png,13
04233.png,1
04234.png,1
04235.png,8
04236.png,2
04237.png,8
04238.png,13
04239.png,38
04240.png,7
04241.png,18
04242.png,2
04243.png,14
04244.png,38
04245.png,5
04246.png,38
04247.png,12
04248.png,25
04249.png,5
04250.png,25
04251.png,11
04252.png,18
04253.png,5
04254.png,14
04255.png,12
04256.png,13
04257.png,5
04258.png,13
04259.png,9
04260.png,11
04261.png,25
04262.png,7
04263.png,12
04264.png,35
04265.png,15
04266.png,1
04267.png,3
04268.png,31
04269.png,17
04270.png,13
04271.png,6
04272.png,8
04273.png,25
04274.png,4
04275.png,38
04276.png,18
04277.png,10
04278.png,36
04279.png,17
04280.png,13
04281.png,8
04282.png,12
04283.png,4
04284.png,1
04285.png,2
04286.png,5
04287.png,17
04288.png,9
04289.png,25
04290.png,29
04291.png,35
04292.png,29
04293.png,35
04294.png,15
04295.png,2
04296.png,35
04297.png,11
04298.png,28
04299.png,26
04300.png,23
04301.png,3
04302.png,35
04303.png,25
04304.png,38
04305.png,1
04306.png,13
04307.png,9
04308.png,11
04309.png,7
04310.png,9
04311.png,38
04312.png,20
04313.png,39
04314.png,26
04315.png,13
04316.png,42
04317.png,11
04318.png,12
04319.png,38
04320.png,7
04321.png,3
04322.png,10
04323.png,8
04324.png,35
04325.png,4
04326.png,5
04327.png,5
04328.png,9
04329.png,35
04330.png,31
04331.png,24
04332.png,0
04333.png,0
04334.png,8
04335.png,41
04336.png,1
04337.png,1
04338.png,4
04339.png,7
04340.png,25
04341.png,12
04342.png,33
04343.png,14
04344.png,2
04345.png,15
04346.png,9
04347.png,12
04348.png,1
04349.png,11
04350.png,33
04351.png,4
04352.png,1
04353.png,18
04354.png,13
04355.png,12
04356.png,13
04357.png,2
04358.png,13
04359.png,10
04360.png,36
04361.png,10
04362.png,38
04363.png,3
04364.png,11
04365.png,38
04366.png,15
04367.png,30
04368.png,18
04369.png,35
04370.png,5
04371.png,9
04372.png,18
04373.png,8
04374.png,12
04375.png,15
04376.png,5
04377.png,1
04378.png,35
04379.png,4
04380.png,25
04381.png,5
04382.png,2
04383.png,11
04384.png,12
04385.png,8
04386.png,1
04387.png,1
04388.png,4
04389.png,4
04390.png,9
04391.png,17
04392.png,4
04393.png,10
04394.png,17
04395.png,38
04396.png,2
04397.png,2
04398.png,39
04399.png,1
04400.png,21
04401.png,15
04402.png,10
04403.png,4
04404.png,3
04405.png,13
04406.png,5
04407.png,9
04408.png,3
04409.png,18
04410.png,6
04411.png,7
04412.png,12
04413.png,42
04414.png,19
04415.png,11
04416.png,17
04417.png,1
04418.png,33
04419.png,8
04420.png,31
04421.png,31
04422.png,5
04423.png,1
04424.png,12
04425.png,28
04426.png,5
04427.png,12
04428.png,8
04429.png,20
04430.png,10
04431.png,10
04432.png,8
04433.png,8
04434.png,0
04435.png,5
04436.png,7
04437.png,20
04438.png,33
04439.png,10
04440.png,5
04441.png,12
04442.png,38
04443.png,21
04444.png,2
04445.png,7
04446.png,5
04447.png,2
04448.png,17
04449.png,3
04450.png,17
04451.png,12
04452.png,31
04453.png,25
04454.png,18
04455.png,2
04456.png,27
04457.png,3
04458.png,37
04459.png,9
04460.png,38
04461.png,5
04462.png,38
04463.png,8
04464.png,13
04465.png,10
04466.png,14
04467.png,12
04468.png,17
04469.png,31
04470.png,26
04471.png,33
04472.png,38
04473.png,17
04474.png,12
04475.png,2
04476.png,2
04477.png,13
04478.png,1
04479.png,21
04480.png,2
04481.png,10
04482.png,9
04483.png,33
04484.png,5
04485.png,13
04486.png,1
04487.png,4
04488.png,8
04489.png,2
04490.png,36
04491.png,12
04492.png,38
04493.png,4
04494.png,34
04495.png,12
04496.png,42
04497.png,5
04498.png,2
04499.png,1
04500.png,22
04501.png,25
04502.png,28
04503.png,3
04504.png,0
04505.png,2
04506.png,2
04507.png,17
04508.png,12
04509.png,30
04510.png,31
04511.png,30
04512.png,0
04513.png,1
04514.png,35
04515.png,40
04516.png,2
04517.png,10
04518.png,10
04519.png,7
04520.png,9
04521.png,4
04522.png,34
04523.png,5
04524.png,7
04525.png,30
04526.png,12
04527.png,13
04528.png,35
04529.png,28
04530.png,12
04531.png,35
04532.png,10
04533.png,12
04534.png,8
04535.png,18
04536.png,5
04537.png,1
04538.png,5
04539.png,1
04540.png,2
04541.png,2
04542.png,12
04543.png,3
04544.png,7
04545.png,16
04546.png,2
04547.png,7
04548.png,14
04549.png,18
04550.png,38
04551.png,25
04552.png,2
04553.png,18
04554.png,9
04555.png,36
04556.png,9
04557.png,25
04558.png,5
04559.png,5
04560.png,5
04561.png,3
04562.png,27
04563.png,13
04564.png,1
04565.png,25
04566.png,25
04567.png,8
04568.png,10
04569.png,25
04570.png,0
04571.png,31
04572.png,9
04573.png,2
04574.png,2
04575.png,8
04576.png,4
04577.png,13
04578.png,7
04579.png,30
04580.png,5
04581.png,15
04582.png,12
04583.png,17
04584.png,1
04585.png,27
04586.png,7
04587.png,24
04588.png,3
04589.png,3
04590.png,10
04591.png,26
04592.png,38
04593.png,10
04594.png,12
04595.png,2
04596.png,10
04597.png,3
04598.png,5
04599.png,1
04600.png,12
04601.png,4
04602.png,29
04603.png,34
04604.png,1
04605.png,0
04606.png,4
04607.png,35
04608.png,4
04609.png,5
04610.png,13
04611.png,33
04612.png,37
04613.png,37
04614.png,38
04615.png,33
04616.png,38
04617.png,21
04618.png,31
04619.png,11
04620.png,19
04621.png,38
04622.png,4
04623.png,12
04624.png,8
04625.png,24
04626.png,12
04627.png,2
04628.png,13
04629.png,7
04630.png,7
04631.png,1
04632.png,9
04633.png,38
04634.png,26
04635.png,20
04636.png,33
04637.png,35
04638.png,25
04640.png,8
04641.png,2
04643.png,19
04644.png,5
04645.png,39
04646.png,2
04647.png,4
04648.png,35
04649.png,12
04650.png,4
04651.png,10
04652.png,25
04653.png,8
04654.png,4
04655.png,4
04656.png,38
04657.png,1
04658.png,37
04659.png,5
04660.png,10
04661.png,1
04662.png,6
04663.png,6
04664.png,38
04665.png,12
04666.png,33
04667.png,40
04668.png,1
04669.png,10
04670.png,4
04671.png,25
04672.png,18
04673.png,4
04674.png,9
04675.png,39
04676.png,10
04677.png,7
04678.png,6
04679.png,7
04680.png,1
04681.png,10
04682.png,12
04683.png,13
04684.png,2
04685.png,2
04686.png,22
04687.png,6
04688.png,10
04689.png,11
04690.png,12
04691.png,21
04692.png,11
04693.png,38
04694.png,5
04695.png,4
04696.png,31
04697.png,27
04698.png,26
04699.png,26
04700.png,33
04701.png,4
04702.png,25
04703.png,7
04704.png,1
04705.png,2
04706.png,39
04707.png,38
04708.png,38
04709.png,40
04710.png,38
04711.png,3
04712.png,5
04713.png,13
04714.png,11
04715.png,16
04716.png,7
04717.png,36
04718.png,22
04719.png,14
04720.png,7
04721.png,3
04722.png,4
04723.png,4
04724.png,25
04725.png,26
04726.png,0
04727.png,18
04728.png,5
04729.png,9
04730.png,3
04731.png,21
04732.png,19
04733.png,12
04734.png,1
04735.png,1
04736.png,7
04737.png,14
04738.png,7
04739.png,7
04740.png,13
04741.png,4
04742.png,13
04743.png,18
04744.png,4
04745.png,38
04746.png,12
04747.png,12
04748.png,13
04749.png,2
04750.png,17
04751.png,17
04752.png,1
04753.png,26
04754.png,19
04755.png,7
04756.png,18
04757.png,14
04758.png,4
04759.png,1
04760.png,7
04761.png,8
04762.png,20
04763.png,10
04764.png,16
04766.png,5
04767.png,17
04768.png,25
04769.png,12
04770.png,38
04771.png,3
04773.png,13
04774.png,31
04775.png,36
04776.png,13
04777.png,15
04778.png,38
04779.png,25
04780.png,18
04781.png,4
04782.png,11
04783.png,25
04784.png,2
04785.png,38
04786.png,23
04787.png,8
04788.png,10
04789.png,7
04790.png,15
04791.png,31
04792.png,4
04793.png,39
04794.png,25
04795.png,0
04796.png,25
04797.png,17
04798.png,38
04799.png,16
04800.png,10
04801.png,1
04802.png,7
04803.png,4
04804.png,17
04805.png,10
04806.png,9
04807.png,25
04808.png,4
04809.png,17
04810.png,13
04811.png,18
04812.png,5
04813.png,5
04814.png,5
04815.png,10
04816.png,25
04817.png,7
04818.png,10
04819.png,11
04820.png,11
04821.png,42
04822.png,13
04823.png,2
04824.png,4
04825.png,4
04826.png,2
04827.png,22
04828.png,35
04829.png,17
04830.png,4
04831.png,7
04832.png,8
04834.png,7
04835.png,10
04836.png,5
04837.png,10
04838.png,10
04839.png,4
04840.png,5
04841.png,7
04842.png,11
04843.png,3
04844.png,12
04845.png,38
04846.png,13
04847.png,9
04848.png,11
04849.png,29
04850.png,7
04851.png,3
04852.png,2
04853.png,12
04854.png,22
04855.png,10
04856.png,13
04857.png,38
04858.png,7
04859.png,14
04860.png,33
04861.png,3
04862.png,4
04863.png,15
04864.png,1
04865.png,9
04866.png,9
04867.png,11
04868.png,32
04869.png,39
04870.png,38
04871.png,12
04872.png,4
04873.png,3
04874.png,1
04875.png,14
04876.png,15
04877.png,38
04878.png,33
04879.png,27
04880.png,18
04881.png,10
04882.png,13
04883.png,18
04884.png,2
04885.png,31
04886.png,18
04887.png,11
04888.png,1
04889.png,19
04890.png,1
04891.png,38
04892.png,18
04893.png,24
04894.png,3
04895.png,11
04896.png,1
04897.png,4
04898.png,40
04899.png,7
04900.png,25
04901.png,31
04902.png,29
04903.png,7
04904.png,35
04905.png,10
04906.png,5
04907.png,12
04909.png,8
04910.png,13
04911.png,17
04912.png,10
04913.png,14
04914.png,23
04915.png,8
04916.png,17
04917.png,9
04918.png,25
04919.png,1
04920.png,1
04921.png,38
04922.png,12
04923.png,31
04924.png,10
04925.png,31
04926.png,5
04927.png,10
04928.png,2
04929.png,34
04930.png,35
04931.png,11
04932.png,42
04933.png,39
04934.png,8
04935.png,5
04936.png,38
04937.png,7
04938.png,10
04939.png,2
04940.png,9
04941.png,13
04942.png,10
04943.png,14
04944.png,25
04945.png,19
04946.png,5
04947.png,8
04948.png,31
04949.png,13
04950.png,9
04951.png,40
04954.png,18
04955.png,9
04956.png,2
04957.png,17
04958.png,25
04959.png,2
04960.png,7
04961.png,25
04962.png,5
04963.png,12
04964.png,14
04965.png,11
04966.png,39
04967.png,7
04968.png,10
04969.png,13
04970.png,9
04971.png,15
04972.png,7
04973.png,10
04974.png,13
04975.png,35
04976.png,4
04977.png,32
04978.png,23
04979.png,38
04980.png,40
04981.png,35
04982.png,2
04983.png,12
04984.png,2
04986.png,1
04987.png,25
04988.png,1
04989.png,35
04990.png,2
04991.png,39
04992.png,2
04993.png,3
04994.png,4
04995.png,26
04996.png,12
04997.png,4
04998.png,3
04999.png,35
05001.png,14
05002.png,18
05003.png,1
05004.png,5
05005.png,13
05006.png,1
05007.png,2
05008.png,35
05009.png,9
05010.png,29
05011.png,1
05012.png,38
05013.png,18
05014.png,3
05015.png,3
05016.png,4
05017.png,17
05018.png,12
05021.png,33
05022.png,42
05023.png,25
05024.png,13
05025.png,9
05026.png,18
05027.png,6
05028.png,2
05029.png,3
05030.png,13
05031.png,11
05032.png,38
05033.png,18
05034.png,3
05035.png,12
05036.png,32
05037.png,13
05038.png,2
05039.png,35
05040.png,13
05041.png,5
05042.png,10
05043.png,27
05044.png,35
05045.png,17
05046.png,1
05047.png,29
05048.png,35
05049.png,2
05050.png,25
05051.png,14
05052.png,8
05053.png,2
05054.png,14
05055.png,38
05056.png,8
05057.png,27
05058.png,9
05059.png,10
05060.png,3
05061.png,13
05062.png,38
05063.png,36
05064.png,11
05065.png,13
05066.png,24
05067.png,10
05068.png,19
05069.png,25
05070.png,10
05071.png,11
05073.png,13
05075.png,15
05076.png,1
05078.png,12
05079.png,4
05080.png,14
05081.png,10
05082.png,10
05083.png,12
05084.png,5
05085.png,2
05086.png,13
05087.png,1
05088.png,13
05089.png,9
05090.png,9
05091.png,2
05092.png,10
05093.png,23
05094.png,10
05095.png,22
05096.png,13
05097.png,2
05098.png,1
05099.png,7
05100.png,5
05101.png,18
05102.png,12
05103.png,5
05104.png,2
05105.png,25
05106.png,1
05107.png,38
05108.png,35
05109.png,25
05110.png,38
05111.png,1
05112.png,14
05113.png,5
05114.png,35
05115.png,14
05116.png,15
05117.png,15
05118.png,4
05119.png,9
05120.png,10
05121.png,1
05122.png,1
05123.png,38
05124.png,12
05125.png,39
05126.png,12
05127.png,40
05129.png,15
05130.png,18
05131.png,17
05132.png,39
05133.png,5
05134.png,25
05135.png,3
05136.png,3
05137.png,25
05138.png,38
05139.png,2
05140.png,13
05141.png,12
05142.png,14
05143.png,13
05144.png,38
05145.png,4
05146.png,10
05147.png,38
05148.png,2
05149.png,31
05150.png,4
05151.png,25
05152.png,18
05153.png,2
05154.png,3
05155.png,13
05157.png,5
05158.png,38
05159.png,4
05160.png,34
05161.png,5
05162.png,11
05163.png,11
05164.png,18
05166.png,17
05167.png,1
05168.png,10
05169.png,12
05170.png,3
05171.png,38
05172.png,23
05173.png,13
05174.png,4
05177.png,8
05178.png,4
05179.png,13
05180.png,18
05181.png,38
05182.png,12
05183.png,35
05184.png,7
05185.png,10
05186.png,7
05187.png,1
05188.png,4
05189.png,20
05190.png,14
05191.png,13
05192.png,2
05193.png,17
05194.png,13
05195.png,36
05196.png,1
05197.png,38
05198.png,3
05199.png,13
05200.png,35
05201.png,2
05202.png,18
05203.png,13
05204.png,12
05205.png,2
05206.png,1
05207.png,11
05208.png,5
05209.png,13
05210.png,10
05211.png,38
05212.png,25
05213.png,14
05214.png,5
05215.png,1
05216.png,9
05217.png,17
05218.png,40
05219.png,12
05220.png,4
05221.png,31
05222.png,40
05224.png,2
05225.png,6
05226.png,1
05227.png,11
05229.png,35
05230.png,9
05231.png,3
05232.png,14
05233.png,27
05234.png,38
05235.png,5
05236.png,4
05237.png,2
05238.png,38
05239.png,18
05240.png,4
05241.png,38
05242.png,38
05243.png,3
05244.png,12
05245.png,1
05246.png,20
05247.png,5
05248.png,40
05249.png,2
05250.png,38
05252.png,1
05253.png,12
05254.png,5
05255.png,3
05256.png,4
05257.png,15
05258.png,13
05259.png,38
05260.png,1
05261.png,38
05262.png,3
05263.png,2
05264.png,10
05265.png,1
05266.png,38
05267.png,13
05268.png,18
05269.png,1
05270.png,5
05271.png,23
05272.png,1
05273.png,4
05274.png,31
05275.png,12
05276.png,12
05277.png,25
05278.png,5
05279.png,4
05281.png,25
05282.png,7
05283.png,38
05284.png,17
05285.png,12
05286.png,10
05287.png,13
05288.png,15
05289.png,23
05290.png,18
05291.png,25
05292.png,34
05293.png,20
05294.png,11
05295.png,20
05296.png,23
05297.png,12
05298.png,13
05299.png,36
05300.png,18
05301.png,11
05302.png,33
05303.png,7
05304.png,17
05305.png,10
05306.png,38
05307.png,2
05308.png,2
05309.png,6
05310.png,13
05311.png,14
05312.png,1
05314.png,35
05315.png,38
05316.png,11
05317.png,35
05318.png,18
05319.png,18
05320.png,15
05321.png,2
05322.png,3
05323.png,13
05324.png,8
05325.png,31
05326.png,4
05327.png,18
05328.png,13
05329.png,25
05330.png,2
05331.png,25
05332.png,25
05333.png,1
05334.png,8
05335.png,31
05336.png,40
05337.png,22
05338.png,31
05339.png,9
05340.png,25
05341.png,25
05342.png,24
05343.png,1
05344.png,4
05345.png,12
05346.png,33
05347.png,5
05348.png,4
05350.png,1
05351.png,9
05352.png,30
05353.png,4
05354.png,33
05356.png,4
05357.png,17
05358.png,4
05359.png,40
05360.png,4
05361.png,5
05362.png,3
05364.png,6
05365.png,34
05366.png,13
05367.png,14
05368.png,1
05369.png,40
05370.png,5
05371.png,3
05372.png,1
05373.png,1
05374.png,9
05375.png,5
05376.png,12
05377.png,15
05378.png,13
05379.png,24
05380.png,15
05381.png,20
05382.png,2
05384.png,9
05385.png,7
05386.png,35
05387.png,10
05388.png,14
05389.png,17
05390.png,15
05391.png,2
05392.png,2
05393.png,18
05395.png,7
05396.png,8
05397.png,35
05398.png,12
05399.png,9
05401.png,13
05402.png,13
05404.png,20
05405.png,21
05406.png,34
05407.png,14
05408.png,12
05409.png,38
05410.png,4
05411.png,18
05412.png,13
05413.png,18
05414.png,4
05415.png,12
05416.png,11
05417.png,12
05418.png,15
05419.png,12
05420.png,37
05421.png,7
05422.png,31
05423.png,15
05424.png,14
05425.png,9
05426.png,36
05427.png,38
05428.png,5
05429.png,13
05430.png,31
05431.png,12
05432.png,8
05433.png,11
05434.png,4
05435.png,11
05436.png,38
05437.png,10
05438.png,38
05439.png,1
05440.png,12
05441.png,6
05442.png,4
05443.png,11
05445.png,20
05446.png,9
05447.png,10
05448.png,15
05449.png,10
05450.png,35
05451.png,15
05452.png,38
05453.png,8
05454.png,5
05456.png,11
05457.png,13
05458.png,12
05460.png,8
05461.png,3
05462.png,4
05463.png,13
05465.png,34
05466.png,36
05467.png,10
05468.png,2
05469.png,8
05470.png,22
05471.png,11
05472.png,25
05473.png,2
05474.png,38
05475.png,4
05476.png,11
05477.png,13
05478.png,21
05479.png,15
05480.png,10
05481.png,5
05482.png,15
05483.png,7
05484.png,38
05485.png,5
05486.png,10
05487.png,12
05488.png,10
05489.png,35
05490.png,40
05491.png,3
05492.png,8
05493.png,38
05494.png,2
05495.png,38
05497.png,31
05499.png,33
05500.png,17
05501.png,10
05502.png,2
05504.png,11
05505.png,38
05506.png,38
05507.png,25
05508.png,13
05510.png,38
05511.png,7
05512.png,13
05513.png,4
05514.png,38
05515.png,19
05516.png,35
05517.png,17
05518.png,27
05521.png,6
05522.png,38
05523.png,31
05524.png,31
05525.png,2
05526.png,11
05527.png,32
05528.png,37
05529.png,12
05530.png,9
05531.png,7
05532.png,17
05533.png,38
05534.png,7
05535.png,14
05536.png,2
05537.png,1
05538.png,11
05539.png,1
05540.png,29
05541.png,11
05542.png,5
05543.png,14
05544.png,9
05545.png,38
05546.png,10
05547.png,25
05549.png,17
05550.png,10
05551.png,1
05552.png,13
05553.png,9
05554.png,11
05555.png,39
05556.png,18
05557.png,25
05558.png,33
05559.png,13
05560.png,7
05561.png,12
05563.png,10
05564.png,8
05565.png,8
05566.png,38
05567.png,12
05568.png,32
05569.png,8
05570.png,13
05571.png,38
05572.png,7
05573.png,7
05574.png,18
05575.png,15
05576.png,4
05577.png,18
05578.png,33
05579.png,2
05580.png,1
05581.png,2
05582.png,11
05583.png,1
05584.png,17
05585.png,1
05586.png,1
05587.png,12
05588.png,10
05589.png,10
05590.png,13
05591.png,4
05592.png,2
05593.png,36
05594.png,8
05595.png,12
05596.png,7
05597.png,11
05598.png,5
05599.png,15
05601.png,40
05602.png,1
05603.png,7
05604.png,4
05605.png,17
05606.png,9
05607.png,17
05608.png,40
05609.png,7
05610.png,31
05611.png,10
05612.png,18
05613.png,13
05614.png,25
05615.png,17
05616.png,9
05617.png,38
05618.png,7
05619.png,3
05620.png,29
05621.png,12
05622.png,8
05623.png,10
05624.png,25
05625.png,10
05626.png,5
05627.png,3
05628.png,37
05630.png,7
05631.png,3
05632.png,14
05633.png,35
05634.png,13
05635.png,17
05636.png,15
05637.png,21
05638.png,13
05639.png,38
05640.png,3
05641.png,3
05642.png,11
05643.png,18
05644.png,20
05645.png,5
05646.png,8
05647.png,18
05648.png,5
05649.png,7
05650.png,12
05651.png,5
05652.png,38
05653.png,14
05654.png,2
05655.png,4
05656.png,17
05657.png,2
05658.png,37
05659.png,40
05660.png,31
05661.png,7
05662.png,18
05663.png,13
05665.png,13
05666.png,7
05667.png,27
05668.png,5
05669.png,7
05670.png,31
05671.png,2
05672.png,4
05673.png,8
05674.png,11
05675.png,8
05676.png,25
05677.png,9
05678.png,14
05679.png,12
05680.png,10
05682.png,17
05683.png,38
05684.png,25
05686.png,5
05687.png,1
05688.png,35
05689.png,2
05690.png,2
05691.png,11
05692.png,12
05693.png,27
05694.png,17
05695.png,12
05696.png,33
05697.png,38
05698.png,2
05699.png,4
05700.png,8
05702.png,12
05703.png,29
05704.png,1
05705.png,41
05706.png,17
05707.png,38
05708.png,35
05709.png,9
05710.png,2
05711.png,2
05712.png,20
05713.png,12
05714.png,5
05715.png,2
05716.png,25
05717.png,2
05718.png,33
05719.png,7
05720.png,35
05721.png,4
05722.png,35
05723.png,12
05725.png,7
05726.png,10
05727.png,42
05728.png,13
05729.png,5
05730.png,31
05731.png,3
05732.png,38
05733.png,1
05735.png,11
05737.png,4
05738.png,10
05739.png,4
05740.png,5
05741.png,8
05742.png,24
05743.png,31
05744.png,3
05745.png,4
05746.png,12
05747.png,21
05748.png,29
05750.png,4
05751.png,1
05753.png,5
05754.png,10
05755.png,4
05756.png,9
05757.png,7
05758.png,25
05759.png,4
05760.png,21
05761.png,5
05762.png,12
05763.png,4
05764.png,3
05765.png,2
05766.png,39
05767.png,38
05768.png,33
05769.png,33
05770.png,1
05771.png,37
05772.png,36
05773.png,5
05774.png,24
05775.png,13
05776.png,7
05777.png,10
05778.png,19
05781.png,18
05782.png,12
05783.png,14
05784.png,38
05785.png,5
05786.png,42
05787.png,13
05788.png,5
05789.png,3
05790.png,10
05791.png,37
05792.png,5
05793.png,31
05795.png,9
05796.png,3
05797.png,24
05798.png,13
05800.png,10
05801.png,33
05803.png,4
05804.png,12
05805.png,37
05807.png,25
05808.png,11
05809.png,38
05810.png,38
05811.png,5
05812.png,13
05813.png,1
05814.png,10
05815.png,10
05816.png,31
05817.png,31
05818.png,4
05819.png,37
05820.png,3
05821.png,12
05822.png,1
05823.png,7
05825.png,12
05826.png,14
05827.png,35
05828.png,11
05829.png,11
05830.png,1
05831.png,8
05832.png,38
05833.png,7
05835.png,10
05836.png,12
05837.png,2
05838.png,11
05840.png,9
05841.png,11
05842.png,3
05843.png,1
05844.png,18
05845.png,3
05846.png,18
05847.png,2
05848.png,9
05849.png,4
05850.png,31
05852.png,35
05853.png,2
05855.png,10
05856.png,8
05857.png,38
05858.png,5
05859.png,5
05860.png,10
05861.png,9
05862.png,12
05863.png,38
05864.png,3
05865.png,3
05867.png,13
05868.png,9
05869.png,12
05871.png,18
05872.png,12
05873.png,22
05874.png,4
05875.png,35
05876.png,4
05877.png,5
05878.png,18
05879.png,38
05880.png,14
05881.png,38
05882.png,38
05884.png,11
05885.png,13
05886.png,35
05887.png,13
05888.png,5
05889.png,38
05890.png,5
05891.png,7
05892.png,39
05893.png,18
05894.png,11
05895.png,27
05896.png,1
05897.png,13
05898.png,10
05899.png,14
05901.png,4
05902.png,1
05903.png,11
05904.png,4
05905.png,10
05906.png,4
05907.png,38
05908.png,4
05909.png,2
05910.png,2
05911.png,10
05912.png,5
05913.png,33
05914.png,1
05915.png,18
05916.png,7
05917.png,15
05918.png,15
05919.png,9
05920.png,4
05921.png,35
05922.png,31
05923.png,13
05925.png,12
05926.png,5
05927.png,29
05928.png,2
05929.png,3
05930.png,35
05931.png,17
05932.png,7
05933.png,2
05934.png,12
05935.png,35
05936.png,8
05937.png,10
05938.png,38
05939.png,35
05940.png,1
05941.png,35
05942.png,7
05943.png,2
05944.png,25
05945.png,0
05946.png,2
05947.png,1
05948.png,4
05949.png,36
05950.png,29
05951.png,8
05952.png,7
05953.png,35
05954.png,10
05955.png,1
05956.png,13
05957.png,4
05958.png,10
05959.png,5
05960.png,12
05961.png,7
05963.png,3
05964.png,1
05965.png,1
05966.png,41
05967.png,19
05968.png,8
05969.png,13
05970.png,10
05971.png,1
05972.png,38
05973.png,13
05974.png,11
05975.png,2
05976.png,2
05977.png,7
05978.png,10
05979.png,14
05980.png,10
05981.png,39
05982.png,9
05983.png,25
05984.png,3
05986.png,17
05987.png,13
05988.png,2
05989.png,3
05990.png,17
05991.png,2
05992.png,40
05993.png,1
05994.png,10
05995.png,5
05996.png,32
05997.png,8
05998.png,12
05999.png,42
06000.png,1
06001.png,35
06002.png,0
06003.png,1
06005.png,1
06006.png,2
06007.png,29
06008.png,13
06009.png,3
06010.png,36
06011.png,15
06012.png,4
06014.png,5
06015.png,5
06016.png,8
06017.png,8
06018.png,5
06019.png,4
06020.png,2
06021.png,10
06022.png,25
06023.png,4
06024.png,25
06025.png,32
06026.png,13
06029.png,25
06030.png,15
06031.png,25
06032.png,18
06034.png,9
06035.png,7
06036.png,1
06037.png,13
06038.png,27
06039.png,1
06040.png,4
06042.png,25
06043.png,35
06044.png,10
06045.png,4
06046.png,7
06047.png,10
06048.png,12
06049.png,12
06050.png,18
06052.png,12
06053.png,25
06054.png,11
06055.png,35
06056.png,12
06057.png,35
06058.png,4
06059.png,10
06060.png,2
06061.png,7
06062.png,40
06063.png,11
06064.png,38
06065.png,13
06066.png,12
06067.png,13
06068.png,36
06069.png,5
06070.png,35
06071.png,15
06072.png,11
06073.png,13
06074.png,13
06075.png,36
06076.png,5
06077.png,33
06078.png,8
06080.png,13
06081.png,1
06082.png,3
06083.png,38
06084.png,17
06086.png,5
06087.png,25
06088.png,5
06089.png,10
06091.png,10
06092.png,7
06093.png,2
06094.png,12
06095.png,5
06096.png,3
06097.png,2
06099.png,20
06100.png,9
06101.png,4
06102.png,22
06103.png,9
06104.png,4
06105.png,38
06106.png,5
06107.png,9
06108.png,27
06109.png,8
06110.png,8
06111.png,41
06112.png,12
06113.png,11
06114.png,3
06115.png,5
06116.png,0
06117.png,25
06118.png,5
06119.png,36
06120.png,2
06121.png,13
06123.png,17
06124.png,3
06125.png,13
06126.png,2
06129.png,38
06130.png,5
06131.png,1
06132.png,15
06133.png,17
06134.png,15
06135.png,2
06136.png,42
06137.png,2
06138.png,17
06140.png,25
06142.png,38
06143.png,11
06144.png,12
06147.png,25
06148.png,12
06149.png,18
06150.png,3
06151.png,13
06152.png,1
06153.png,13
06154.png,17
06155.png,25
06156.png,18
06158.png,10
06159.png,18
06160.png,10
06162.png,8
06163.png,2
06164.png,13
06165.png,36
06166.png,36
06167.png,18
06168.png,8
06169.png,24
06170.png,10
06171.png,14
06172.png,10
06173.png,7
06174.png,38
06175.png,2
06176.png,35
06177.png,5
06178.png,4
06179.png,13
06181.png,12
06182.png,4
06183.png,38
06185.png,8
06186.png,17
06187.png,5
06188.png,17
06189.png,7
06190.png,21
06191.png,3
06192.png,21
06193.png,10
06194.png,9
06195.png,3
06196.png,12
06197.png,36
06198.png,17
06201.png,12
06202.png,13
06203.png,14
06204.png,1
06205.png,2
06207.png,9
06209.png,9
06210.png,19
06211.png,13
06213.png,4
06214.png,4
06215.png,10
06216.png,35
06217.png,22
06218.png,4
06221.png,5
06222.png,4
06223.png,29
06224.png,38
06225.png,13
06226.png,25
06227.png,12
06228.png,13
06229.png,12
06230.png,7
06231.png,8
06232.png,13
06233.png,38
06234.png,5
06235.png,14
06236.png,10
06237.png,33
06238.png,25
06239.png,18
06240.png,33
06241.png,18
06242.png,2
06243.png,38
06245.png,9
06246.png,2
06247.png,1
06248.png,3
06249.png,10
06250.png,1
06251.png,17
06252.png,38
06253.png,4
06254.png,1
06256.png,13
06257.png,5
06259.png,4
06260.png,5
06261.png,41
06262.png,4
06263.png,3
06264.png,21
06265.png,38
06266.png,18
06267.png,40
06268.png,35
06270.png,35
06271.png,12
06272.png,8
06273.png,8
06275.png,38
06276.png,35
06277.png,35
06278.png,25
06279.png,29
06280.png,38
06281.png,15
06282.png,7
06283.png,4
06284.png,10
06285.png,21
06286.png,1
06287.png,12
06288.png,32
06289.png,33
06290.png,1
06291.png,8
06293.png,38
06294.png,11
06295.png,38
06297.png,5
06298.png,25
06299.png,1
06300.png,3
06301.png,2
06302.png,35
06304.png,38
06305.png,33
06306.png,1
06307.png,15
06308.png,2
06309.png,11
06311.png,31
06312.png,2
06313.png,4
06314.png,35
06315.png,7
06316.png,1
06317.png,17
06318.png,38
06319.png,38
06320.png,2
06321.png,42
06322.png,12
06323.png,3
06325.png,31
06326.png,3
06327.png,31
06328.png,8
06329.png,7
06330.png,12
06331.png,10
06333.png,0
06335.png,10
06337.png,21
06339.png,8
06340.png,9
06341.png,25
06342.png,14
06343.png,5
06344.png,10
06345.png,9
06346.png,8
06347.png,7
06348.png,31
06349.png,40
06350.png,10
06351.png,13
06353.png,25
06354.png,5
06355.png,17
06357.png,1
06358.png,14
06359.png,4
06360.png,36
06361.png,1
06362.png,15
06363.png,5
06364.png,38
06365.png,38
06366.png,40
06367.png,4
06368.png,14
06369.png,25
06370.png,35
06371.png,17
06372.png,5
06373.png,11
06374.png,13
06375.png,36
06376.png,38
06377.png,13
06378.png,38
06380.png,38
06381.png,4
06382.png,10
06383.png,8
06384.png,4
06385.png,25
06386.png,12
06387.png,2
06388.png,13
06389.png,10
06390.png,1
06391.png,25
06392.png,33
06393.png,18
06394.png,3
06395.png,19
06396.png,10
06397.png,5
06398.png,1
06399.png,35
06400.png,25
06401.png,4
06402.png,20
06403.png,3
06404.png,7
06405.png,10
06406.png,17
06407.png,8
06408.png,4
06409.png,2
06410.png,10
06411.png,38
06412.png,15
06413.png,38
06414.png,31
06415.png,38
06416.png,10
06417.png,8
06419.png,11
06420.png,11
06421.png,0
06422.png,31
06423.png,5
06424.png,4
06425.png,35
06426.png,17
06427.png,1
06428.png,7
06429.png,1
06430.png,1
06431.png,1
06433.png,2
06434.png,31
06435.png,5
06436.png,33
06437.png,31
06438.png,8
06439.png,9
06440.png,1
06441.png,37
06442.png,31
06443.png,9
06444.png,10
06445.png,11
06446.png,1
06447.png,17
06448.png,7
06449.png,4
06450.png,7
06451.png,5
06452.png,13
06453.png,1
06454.png,1
06455.png,1
06457.png,25
06459.png,14
06460.png,12
06461.png,4
06462.png,31
06463.png,9
06464.png,31
06465.png,8
06466.png,2
06467.png,5
06468.png,13
06469.png,4
06470.png,35
06473.png,15
06474.png,35
06475.png,4
06477.png,31
06478.png,35
06479.png,17
06480.png,22
06481.png,13
06482.png,1
06483.png,11
06484.png,1
06485.png,38
06486.png,9
06488.png,1
06489.png,15
06490.png,22
06492.png,33
06493.png,2
06494.png,2
06495.png,11
06497.png,38
06498.png,5
06499.png,4
06500.png,35
06502.png,4
06503.png,33
06504.png,11
06505.png,9
06506.png,20
06507.png,17
06508.png,11
06509.png,27
06510.png,11
06511.png,18
06512.png,29
06513.png,38
06514.png,12
06515.png,38
06516.png,40
06517.png,9
06518.png,0
06519.png,1
06520.png,13
06522.png,14
06523.png,12
06524.png,31
06525.png,3
06526.png,12
06527.png,38
06528.png,24
06530.png,22
06531.png,4
06532.png,18
06533.png,10
06534.png,11
06535.png,2
06536.png,2
06537.png,38
06538.png,13
06539.png,35
06540.png,2
06542.png,17
06543.png,38
06544.png,41
06545.png,8
06546.png,33
06547.png,22
06548.png,12
06549.png,38
06550.png,18
06551.png,2
06552.png,31
06553.png,5
06554.png,35
06555.png,7
06556.png,5
06557.png,8
06558.png,10
06559.png,4
06560.png,33
06561.png,17
06562.png,35
06563.png,5
06564.png,14
06565.png,9
06566.png,4
06567.png,5
06568.png,25
06571.png,13
06572.png,9
06573.png,13
06574.png,2
06575.png,2
06576.png,38
06577.png,1
06578.png,9
06579.png,11
06580.png,8
06581.png,13
06582.png,10
06583.png,7
06584.png,15
06585.png,10
06586.png,2
06587.png,11
06588.png,5
06589.png,17
06590.png,11
06591.png,10
06592.png,3
06593.png,9
06594.png,10
06595.png,7
06596.png,5
06597.png,4
06598.png,5
06599.png,8
06600.png,5
06601.png,8
06604.png,33
06605.png,2
06606.png,35
06607.png,5
06608.png,10
06609.png,12
06610.png,12
06611.png,22
06612.png,27
06613.png,5
06614.png,5
06615.png,9
06616.png,42
06617.png,33
06618.png,10
06619.png,8
06620.png,9
06621.png,12
06622.png,38
06623.png,22
06624.png,2
06625.png,38
06626.png,38
06627.png,1
06628.png,12
06629.png,7
06630.png,18
06631.png,1
06632.png,24
06633.png,19
06634.png,13
06636.png,18
06637.png,13
06638.png,5
06639.png,0
06640.png,10
06641.png,20
06642.png,11
06643.png,11
06645.png,21
06646.png,18
06647.png,35
06648.png,38
06649.png,4
06650.png,10
06652.png,38
06653.png,18
06654.png,2
06655.png,9
06656.png,25
06657.png,33
06659.png,25
06660.png,12
06661.png,12
06662.png,2
06663.png,9
06664.png,4
06666.png,11
06667.png,4
06668.png,42
06670.png,4
06671.png,12
06672.png,3
06673.png,9
06674.png,38
06675.png,37
06676.png,12
06677.png,25
06678.png,33
06679.png,25
06680.png,10
06681.png,9
06682.png,13
06683.png,38
06684.png,11
06685.png,1
06686.png,9
06687.png,20
06688.png,38
06689.png,37
06690.png,18
06691.png,10
06692.png,42
06693.png,41
06694.png,17
06695.png,33
06696.png,37
06697.png,25
06699.png,38
06700.png,2
06701.png,15
06702.png,20
06703.png,3
06704.png,33
06705.png,10
06706.png,9
06707.png,1
06708.png,42
06709.png,25
06710.png,12
06711.png,8
06712.png,38
06713.png,4
06714.png,17
06716.png,13
06717.png,18
06718.png,18
06719.png,14
06720.png,10
06721.png,1
06722.png,5
06724.png,12
06725.png,12
06727.png,2
06728.png,13
06729.png,37
06730.png,10
06733.png,2
06734.png,2
06735.png,12
06736.png,10
06737.png,1
06738.png,25
06739.png,25
06740.png,18
06741.png,2
06742.png,9
06743.png,13
06745.png,18
06746.png,12
06748.png,13
06749.png,25
06750.png,4
06752.png,10
06753.png,1
06754.png,12
06755.png,10
06756.png,25
06757.png,3
06758.png,29
06759.png,1
06760.png,2
06762.png,9
06763.png,7
06764.png,10
06765.png,10
06766.png,18
06767.png,8
06768.png,24
06769.png,10
06770.png,25
06771.png,13
06772.png,4
06773.png,13
06774.png,25
06775.png,12
06776.png,3
06777.png,4
06778.png,39
06779.png,14
06780.png,10
06781.png,38
06782.png,3
06783.png,33
06784.png,12
06785.png,14
06786.png,31
06787.png,24
06789.png,8
06790.png,25
06791.png,24
06792.png,31
06793.png,2
06794.png,2
06795.png,4
06796.png,14
06797.png,1
06798.png,2
06799.png,31
06800.png,37
06801.png,17
06802.png,25
06803.png,1
06804.png,9
06805.png,22
06806.png,38
06807.png,12
06808.png,38
06809.png,9
06810.png,13
06811.png,1
06812.png,5
06814.png,38
06815.png,1
06817.png,5
06818.png,17
06820.png,9
06821.png,9
06823.png,2
06824.png,4
06825.png,1
06826.png,25
06828.png,5
06829.png,3
06830.png,12
06831.png,1
06832.png,5
06833.png,2
06834.png,12
06835.png,38
06837.png,1
06838.png,18
06839.png,38
06840.png,2
06841.png,2
06842.png,12
06843.png,17
06844.png,33
06845.png,1
06847.png,1
06848.png,17
06849.png,5
06850.png,9
06852.png,38
06853.png,3
06854.png,0
06855.png,1
06856.png,12
06857.png,2
06858.png,18
06859.png,25
06860.png,13
06862.png,39
06864.png,5
06866.png,3
06867.png,12
06868.png,31
06869.png,5
06873.png,5
06874.png,3
06875.png,38
06876.png,12
06877.png,2
06878.png,18
06879.png,14
06880.png,2
06882.png,9
06883.png,5
06884.png,31
06885.png,12
06886.png,1
06887.png,38
06888.png,7
06889.png,9
06890.png,11
06891.png,12
06892.png,25
06893.png,25
06894.png,40
06896.png,4
06897.png,18
06898.png,18
06899.png,32
06901.png,22
06902.png,1
06903.png,1
06904.png,12
06905.png,2
06906.png,4
06907.png,5
06908.png,11
06909.png,12
06910.png,7
06911.png,10
06912.png,5
06914.png,3
06915.png,10
06916.png,33
06918.png,13
06919.png,1
06920.png,24
06923.png,7
06924.png,2
06925.png,5
06926.png,2
06927.png,5
06928.png,2
06929.png,13
06930.png,7
06931.png,33
06933.png,5
06934.png,13
06935.png,4
06936.png,1
06937.png,10
06938.png,18
06939.png,42
06940.png,38
06941.png,25
06942.png,5
06943.png,11
06944.png,7
06945.png,2
06946.png,0
06947.png,12
06948.png,42
06949.png,1
06950.png,9
06953.png,13
06954.png,31
06955.png,8
06956.png,38
06957.png,3
06958.png,39
06959.png,9
06961.png,11
06962.png,38
06963.png,8
06964.png,18
06965.png,8
06967.png,25
06968.png,18
06970.png,10
06971.png,38
06973.png,1
06975.png,12
06976.png,38
06978.png,12
06979.png,14
06980.png,25
06982.png,18
06983.png,5
06984.png,5
06985.png,14
06986.png,29
06988.png,2
06989.png,1
06990.png,2
06991.png,25
06993.png,5
06994.png,13
06996.png,18
06997.png,11
06998.png,8
06999.png,15
07000.png,9
07001.png,8
07002.png,12
07003.png,7
07005.png,42
07006.png,2
07010.png,19
07011.png,10
07012.png,12
07013.png,4
07015.png,38
07017.png,4
07018.png,9
07019.png,8
07021.png,4
07022.png,9
07023.png,10
07024.png,10
07025.png,10
07027.png,24
07029.png,7
07030.png,25
07031.png,13
07032.png,4
07033.png,5
07034.png,31
07036.png,12
07037.png,8
07038.png,7
07039.png,7
07040.png,3
07041.png,31
07042.png,12
07043.png,13
07044.png,11
07045.png,7
07046.png,13
07047.png,3
07048.png,31
07049.png,24
07050.png,10
07051.png,38
07052.png,38
07053.png,42
07055.png,10
07056.png,7
07057.png,5
07058.png,33
07059.png,8
07061.png,7
07062.png,14
07063.png,33
07064.png,11
07067.png,2
07068.png,31
07069.png,3
07070.png,33
07071.png,3
07073.png,27
07074.png,13
07075.png,38
07076.png,13
07077.png,42
07078.png,10
07079.png,5
07082.png,9
07083.png,4
07084.png,8
07085.png,42
07086.png,5
07087.png,5
07088.png,25
07089.png,19
07091.png,31
07092.png,11
07093.png,4
07094.png,7
07095.png,10
07096.png,24
07097.png,8
07098.png,25
07099.png,11
07100.png,11
07101.png,3
07102.png,10
07103.png,4
07104.png,38
07107.png,12
07108.png,11
07109.png,5
07110.png,3
07111.png,10
07112.png,9
07117.png,12
07118.png,31
07119.png,3
07120.png,10
07121.png,5
07122.png,41
07123.png,8
07125.png,25
07129.png,37
07131.png,9
07132.png,5
07133.png,25
07134.png,12
07135.png,7
07136.png,38
07137.png,2
07138.png,13
07140.png,12
07141.png,4
07143.png,33
07144.png,7
07145.png,3
07146.png,40
07147.png,31
07148.png,33
07150.png,12
07151.png,7
07152.png,12
07153.png,2
07154.png,3
07155.png,5
07156.png,12
07157.png,8
07159.png,8
07160.png,7
07161.png,2
07162.png,7
07163.png,3
07165.png,11
07166.png,4
07167.png,42
07168.png,15
07169.png,2
07172.png,12
07173.png,4
07176.png,10
07179.png,2
07180.png,14
07181.png,22
07182.png,38
07184.png,4
07185.png,29
07186.png,4
07188.png,5
07189.png,11
07190.png,11
07191.png,12
07193.png,12
07194.png,25
07195.png,4
07197.png,38
07198.png,13
07199.png,10
07200.png,33
07201.png,9
07202.png,2
07205.png,8
07207.png,38
07208.png,2
07209.png,10
07210.png,2
07212.png,8
07213.png,7
07214.png,7
07215.png,14
07216.png,3
07217.png,32
07218.png,11
07220.png,9
07221.png,15
07224.png,4
07225.png,27
07226.png,38
07227.png,11
07228.png,13
07230.png,11
07231.png,22
07232.png,10
07233.png,5
07236.png,38
07237.png,12
07239.png,13
07240.png,12
07241.png,9
07243.png,41
07244.png,13
07245.png,11
07248.png,33
07249.png,4
07250.png,3
07251.png,15
07253.png,4
07254.png,38
07258.png,42
07259.png,5
07260.png,5
07261.png,31
07263.png,5
07265.png,12
07267.png,40
07269.png,8
07272.png,10
07273.png,12
07274.png,14
07275.png,42
07276.png,10
07278.png,5
07279.png,12
07280.png,4
07284.png,25
07285.png,12
07287.png,8
07288.png,5
07290.png,25
07291.png,5
07293.png,32
07294.png,14
07297.png,9
07299.png,7
07301.png,3
07302.png,11
07304.png,41
07305.png,42
07308.png,10
07310.png,14
07311.png,38
07312.png,7
07317.png,8
07318.png,3
07319.png,3
07320.png,32
07321.png,38
07323.png,5
07325.png,13
07326.png,8
07327.png,8
07328.png,4
07330.png,8
07333.png,4
07335.png,38
07336.png,9
07337.png,9
07338.png,3
07339.png,10
07340.png,29
07341.png,33
07342.png,7
07344.png,9
07347.png,31
07348.png,39
07349.png,9
07350.png,15
07352.png,5
07353.png,38
07356.png,38
07357.png,11
07361.png,38
07363.png,8
07365.png,5
07366.png,14
07369.png,13
07370.png,38
07371.png,4
07372.png,31
07375.png,31
07377.png,5
07378.png,33
07379.png,5
07380.png,3
07381.png,38
07382.png,13
07384.png,13
07385.png,14
07386.png,13
07389.png,31
07390.png,11
07392.png,15
07393.png,10
07395.png,19
07398.png,7
07399.png,32
07401.png,10
07402.png,25
07403.png,9
07405.png,13
07406.png,21
07407.png,10
07411.png,37
07412.png,25
07413.png,5
07419.png,7
07421.png,8
07423.png,3
07426.png,8
07428.png,31
07433.png,13
07435.png,11
07436.png,8
07438.png,8
07440.png,3
07441.png,8
07444.png,25
07445.png,25
07447.png,8
07450.png,9
07451.png,7
07452.png,25
07453.png,7
07454.png,42
07456.png,4
07457.png,14
07458.png,14
07459.png,5
07460.png,41
07462.png,15
07463.png,7
07464.png,8
07465.png,14
07466.png,9
07467.png,20
07468.png,3
07470.png,3
07471.png,38
07472.png,13
07473.png,3
07475.png,10
07476.png,33
07477.png,7
07480.png,31
07481.png,33
07482.png,8
07484.png,9
07485.png,21
07486.png,13
07488.png,8
07489.png,33
07490.png,14
07492.png,10
07494.png,5
07496.png,13
07498.png,37
07499.png,4
07501.png,3
07502.png,8
07503.png,38
07504.png,42
07505.png,29
07510.png,5
07512.png,38
07513.png,8
07514.png,38
07515.png,13
07522.png,11
07523.png,10
07524.png,25
07526.png,5
07527.png,29
07528.png,31
07529.png,14
07531.png,38
07532.png,3
07534.png,14
07535.png,11
07536.png,25
07537.png,38
07538.png,8
07540.png,39
07543.png,4
07544.png,4
07547.png,4
07549.png,25
07551.png,5
07553.png,27
07556.png,38
07557.png,11
07558.png,4
07560.png,9
07561.png,4
07563.png,25
07564.png,4
07567.png,13
07571.png,21
07573.png,10
07574.png,5
07575.png,42
07576.png,13
07577.png,4
07580.png,3
07581.png,13
07582.png,19
07584.png,3
07585.png,4
07587.png,5
07588.png,31
07589.png,13
07590.png,25
07594.png,39
07595.png,38
07597.png,31
07598.png,38
07599.png,38
07600.png,3
07601.png,13
07604.png,10
07605.png,11
07606.png,38
07607.png,7
07609.png,33
07610.png,10
07613.png,3
07614.png,3
07615.png,13
07618.png,31
07619.png,38
07622.png,9
07624.png,8
07625.png,31
07626.png,3
07627.png,31
07628.png,33
07633.png,30
07634.png,4
07636.png,38
07641.png,9
07642.png,10
07643.png,4
07645.png,25
07646.png,31
07647.png,25
07649.png,13
07651.png,3
07652.png,31
07653.png,33
07656.png,15
07657.png,4
07659.png,8
07660.png,38
07661.png,33
07662.png,31
07663.png,38
07667.png,31
07668.png,10
07670.png,5
07671.png,5
07672.png,4
07673.png,38
07675.png,7
07676.png,21
07677.png,31
07679.png,8
07680.png,25
07681.png,4
07683.png,7
07690.png,7
07692.png,25
07697.png,29
07698.png,8
07699.png,9
07701.png,5
07704.png,10
07707.png,4
07709.png,4
07710.png,25
07711.png,7
07712.png,0
07714.png,25
07715.png,20
07717.png,11
07718.png,9
07719.png,5
07720.png,27
07722.png,4
07723.png,5
07726.png,4
07728.png,9
07729.png,3
07730.png,5
07733.png,11
07735.png,10
07737.png,20
07741.png,20
07742.png,25
07744.png,5
07746.png,8
07748.png,11
07749.png,7
07750.png,3
07751.png,10
07752.png,10
07755.png,7
07756.png,8
07761.png,9
07762.png,4
07763.png,39
07764.png,10
07770.png,9
07771.png,8
07773.png,11
07774.png,3
07777.png,8
07778.png,7
07782.png,8
07785.png,33
07786.png,31
07787.png,9
07791.png,9
07795.png,4
07796.png,8
07798.png,37
07799.png,8
07803.png,11
07808.png,8
07809.png,31
07810.png,7
07812.png,5
07813.png,7
07814.png,31
07815.png,9
07816.png,10
07818.png,8
07820.png,10
07821.png,5
07822.png,5
07823.png,25
07824.png,24
07825.png,14
07829.png,4
07831.png,4
07832.png,7
07833.png,39
07835.png,5
07837.png,3
07839.png,31
07840.png,25
07841.png,3
07842.png,5
07843.png,10
07845.png,42
07846.png,7
07847.png,25
07849.png,8
07851.png,5
07858.png,33
07860.png,4
07861.png,5
07862.png,5
07863.png,11
07864.png,25
07865.png,10
07866.png,7
07867.png,4
07870.png,8
07871.png,4
07874.png,14
07877.png,37
07879.png,5
07885.png,20
07888.png,14
07892.png,25
07896.png,5
07897.png,25
07898.png,5
07901.png,4
07902.png,4
07905.png,3
07906.png,5
07910.png,21
07914.png,4
07919.png,31
07920.png,11
07922.png,14
07923.png,32
07925.png,37
07926.png,5
07929.png,15
07931.png,25
07932.png,5
07934.png,25
07937.png,5
07938.png,33
07942.png,15
07944.png,7
07949.png,42
07950.png,11
07955.png,37
07957.png,8
07958.png,7
07959.png,5
07961.png,14
07962.png,3
07965.png,15
07966.png,25
07967.png,8
07968.png,3
07970.png,9
07972.png,3
07975.png,4
07976.png,9
07981.png,25
07985.png,24
07986.png,5
07987.png,19
07990.png,7
07991.png,11
07992.png,11
07993.png,11
07994.png,3
07998.png,4
08000.png,32
08001.png,5
08002.png,4
08004.png,7
08006.png,20
08009.png,21
08012.png,25
08013.png,21
08014.png,4
08016.png,7
08022.png,7
08023.png,9
08028.png,3
08032.png,7
08033.png,9
08034.png,9
08035.png,9
08036.png,21
08038.png,31
08042.png,27
08043.png,31
08044.png,25
08046.png,11
08047.png,24
08048.png,8
08050.png,9
08051.png,3
08056.png,39
08066.png,9
08076.png,24
08077.png,3
08081.png,9
08082.png,8
08085.png,7
08086.png,9
08087.png,9
08090.png,33
08093.png,5
08094.png,5
08095.png,3
08102.png,11
08104.png,32
08108.png,11
08110.png,4
08117.png,4
08118.png,21
08120.png,3
08128.png,7
08130.png,25
08132.png,8
08133.png,27
08134.png,4
08135.png,41
08136.png,7
08137.png,3
08138.png,15
08139.png,9
08141.png,7
08142.png,32
08143.png,14
08145.png,9
08152.png,7
08155.png,8
08156.png,3
08157.png,11
08158.png,7
08160.png,5
08161.png,4
08162.png,33
08165.png,4
08166.png,25
08167.png,25
08168.png,37
08171.png,15
08173.png,11
08174.png,5
08184.png,19
08190.png,5
08191.png,5
08192.png,9
08196.png,3
08198.png,3
08200.png,4
08205.png,42
08207.png,7
08209.png,3
08210.png,19
08214.png,9
08217.png,33
08218.png,15
08224.png,4
08226.png,31
08228.png,31
08233.png,9
08235.png,31
08239.png,8
08243.png,7
08246.png,7
08249.png,8
08251.png,9
08252.png,9
08254.png,41
08258.png,33
08265.png,11
08267.png,7
08269.png,14
08271.png,8
08273.png,7
08274.png,9
08275.png,11
08278.png,8
08281.png,3
08283.png,31
08290.png,14
08296.png,11
08297.png,11
08299.png,21
08301.png,25
08310.png,3
08317.png,11
08318.png,9
08321.png,3
08326.png,25
08328.png,15
08332.png,31
08337.png,39
08339.png,11
08340.png,31
08343.png,25
08345.png,7
08350.png,9
08352.png,21
08355.png,31
08356.png,9
08357.png,33
08358.png,31
08361.png,20
08362.png,31
08364.png,25
08370.png,11
08372.png,33
08374.png,9
08375.png,20
08377.png,25
08379.png,9
08381.png,8
08382.png,39
08384.png,9
08387.png,8
08388.png,25
08390.png,3
08393.png,3
08395.png,25
08398.png,19
08400.png,25
08403.png,39
08407.png,3
08409.png,8
08415.png,9
08422.png,27
08423.png,39
08424.png,37
08426.png,3
08427.png,15
08428.png,24
08435.png,31
08437.png,11
08438.png,15
08439.png,15
08441.png,7
08445.png,7
08446.png,11
08447.png,21
08448.png,14
08449.png,24
08452.png,20
08454.png,9
08456.png,41
08460.png,21
08462.png,20
08465.png,25
08466.png,9
08468.png,3
08472.png,8
08473.png,7
08474.png,9
08475.png,14
08476.png,14
08477.png,14
08478.png,7
08482.png,11
08484.png,33
08485.png,11
08488.png,11
08493.png,7
08502.png,15
08504.png,9
08505.png,37
08515.png,7
08516.png,11
08518.png,7
08522.png,9
08524.png,7
08525.png,39
08526.png,7
08527.png,25
08529.png,25
08530.png,15
08540.png,8
08544.png,39
08548.png,14
08552.png,3
08564.png,8
08567.png,8
08573.png,14
08574.png,27
08581.png,31
08583.png,7
08584.png,11
08585.png,27
08586.png,14
08588.png,31
08593.png,11
08597.png,8
08599.png,24
08602.png,3
08606.png,8
08607.png,14
08613.png,31
08618.png,8
08620.png,31
08626.png,15
08627.png,7
08628.png,14
08630.png,15
08639.png,9
08642.png,9
08645.png,9
08646.png,8
08655.png,8
08657.png,31
08659.png,8
08660.png,19
08664.png,11
08672.png,14
08674.png,9
08682.png,31
08683.png,3
08684.png,41
08688.png,25
08690.png,8
08692.png,25
08694.png,8
08696.png,15
08698.png,9
08699.png,11
08700.png,42
08703.png,33
08711.png,41
08716.png,9
08721.png,25
08727.png,41
08729.png,33
08735.png,32
08737.png,15
08740.png,27
08745.png,8
08746.png,24
08747.png,33
08750.png,25
08751.png,31
08752.png,9
08753.png,15
08755.png,9
08757.png,15
08762.png,9
08768.png,15
08769.png,32
08773.png,27
08776.png,9
08785.png,7
08788.png,7
08792.png,25
08793.png,7
08799.png,25
08800.png,8
08805.png,15
08806.png,15
08807.png,11
08809.png,9
08810.png,11
08811.png,8
08812.png,15
08822.png,8
08823.png,3
08828.png,3
08832.png,41
08836.png,25
08843.png,11
08845.png,14
08850.png,8
08852.png,33
08859.png,24
08860.png,9
08864.png,11
08866.png,25
08870.png,15
08871.png,3
08872.png,3
08873.png,25
08874.png,25
08877.png,14
08884.png,14
08888.png,25
08889.png,31
08890.png,32
08894.png,41
08895.png,24
08896.png,15
08898.png,9
08899.png,31
08900.png,31
08906.png,11
08907.png,7
08909.png,31
08914.png,3
08915.png,7
08916.png,9
08923.png,8
08924.png,7
08928.png,3
08930.png,31
08931.png,33
08933.png,21
08936.png,15
08941.png,33
08943.png,25
08948.png,7
08949.png,25
08950.png,9
08952.png,33
08957.png,31
08961.png,3
08964.png,8
08965.png,14
08966.png,19
08971.png,25
08973.png,11
08977.png,3
08978.png,8
08983.png,33
08984.png,21
08986.png,8
08991.png,19
08992.png,9
08994.png,14
08998.png,25
09002.png,11
09003.png,14
09005.png,14
09011.png,3
09012.png,11
09016.png,9
09017.png,11
09022.png,3
09023.png,3
09024.png,32
09025.png,9
09026.png,11
09027.png,7
09030.png,8
09041.png,33
09042.png,3
09043.png,9
09046.png,31
09050.png,3
09055.png,37
09058.png,9
09059.png,15
09060.png,15
09064.png,11
09068.png,11
09071.png,21
09072.png,7
09074.png,33
09076.png,3
09083.png,25
09084.png,3
09094.png,33
09095.png,24
09096.png,3
09099.png,3
09104.png,8
09106.png,11
09107.png,15
09108.png,25
09110.png,7
09111.png,30
09112.png,3
09114.png,25
09115.png,8
09116.png,8
09117.png,0
09126.png,25
09128.png,3
09136.png,24
09139.png,3
09141.png,32
09143.png,8
09145.png,14
09147.png,24
09148.png,25
09157.png,11
09158.png,27
09159.png,32
09160.png,32
09164.png,37
09167.png,31
09174.png,25
09176.png,8
09182.png,24
09184.png,9
09185.png,11
09190.png,11
09192.png,25
09200.png,7
09201.png,32
09206.png,3
09207.png,25
09210.png,7
09211.png,9
09216.png,24
09217.png,37
09221.png,9
09222.png,21
09225.png,25
09228.png,9
09230.png,15
09236.png,7
09243.png,7
09249.png,31
09251.png,8
09258.png,3
09261.png,25
09262.png,8
09264.png,14
09265.png,7
09267.png,21
09268.png,8
09269.png,9
09270.png,21
09278.png,7
09279.png,11
09281.png,15
09290.png,8
09291.png,11
09296.png,25
09300.png,25
09301.png,8
09305.png,11
09307.png,31
09308.png,11
09310.png,37
09312.png,8
09316.png,14
09319.png,8
09321.png,3
09324.png,3
09325.png,8
09330.png,25
09331.png,7
09333.png,9
09338.png,7
09344.png,14
09347.png,3
09352.png,3
09353.png,11
09354.png,15
09359.png,25
09360.png,14
09364.png,33
09366.png,8
09372.png,33
09375.png,14
09378.png,9
09379.png,33
09384.png,14
09388.png,11
09390.png,8
09393.png,8
09396.png,7
09397.png,33
09404.png,31
09409.png,25
09412.png,11
09418.png,27
09423.png,7
09424.png,8
09433.png,31
09436.png,9
09443.png,24
09444.png,3
09452.png,25
09454.png,7
09459.png,3
09462.png,41
09463.png,11
09467.png,33
09475.png,41
09477.png,8
09478.png,25
09482.png,15
09485.png,25
09486.png,8
09490.png,25
09491.png,9
09492.png,19
09495.png,8
09496.png,15
09497.png,25
09498.png,15
09500.png,7
09502.png,11
09506.png,11
09507.png,3
09509.png,27
09527.png,3
09528.png,27
09529.png,9
09532.png,14
09539.png,3
09543.png,32
09547.png,27
09548.png,19
09549.png,11
09551.png,9
09553.png,27
09557.png,15
09559.png,8
09565.png,9
09567.png,14
09575.png,14
09578.png,9
09582.png,3
09583.png,15
09584.png,9
09585.png,14
09589.png,33
09590.png,7
09592.png,3
09599.png,11
09604.png,25
09608.png,31
09619.png,11
09623.png,7
09629.png,14
09633.png,9
09638.png,3
09642.png,14
09643.png,14
09649.png,3
09652.png,8
09654.png,15
09656.png,3
09662.png,9
09663.png,11
09664.png,14
09665.png,25
09669.png,25
09678.png,14
09679.png,3
09685.png,7
09694.png,9
09696.png,7
09697.png,7
09699.png,11
09701.png,8
09702.png,33
09705.png,7
09708.png,3
09711.png,3
09719.png,3
09720.png,33
09721.png,7
09723.png,11
09727.png,11
09729.png,9
09738.png,8
09739.png,3
09740.png,8
09742.png,14
09745.png,3
09746.png,15
09752.png,11
09753.png,25
09756.png,7
09758.png,3
09761.png,7
09762.png,25
09764.png,8
09766.png,31
09767.png,9
09774.png,7
09776.png,25
09777.png,9
09780.png,11
09789.png,9
09790.png,37
09793.png,19
09797.png,30
09799.png,33
09802.png,14
09804.png,25
09812.png,11
09815.png,15
09818.png,25
09821.png,25
09825.png,11
09826.png,9
09827.png,9
09829.png,8
09834.png,19
09843.png,11
09845.png,8
09848.png,37
09849.png,32
09850.png,25
09851.png,8
09853.png,3
09855.png,32
09856.png,25
09861.png,7
09862.png,9
09863.png,8
09864.png,33
09866.png,9
09870.png,3
09874.png,11
09875.png,9
09883.png,3
09889.png,33
09891.png,7
09892.png,33
09895.png,9
09898.png,7
09903.png,9
09913.png,15
09914.png,25
09915.png,8
09918.png,32
09920.png,7
09922.png,7
09931.png,8
09933.png,3
09936.png,19
09938.png,9
09942.png,9
09947.png,3
09949.png,9
09950.png,8
09956.png,8
09958.png,3
09959.png,8
09967.png,3
09971.png,9
09974.png,30
09978.png,9
09979.png,3
09985.png,15
09989.png,8
09998.png,25
10000.png,27
10004.png,25
10008.png,33
10010.png,11
10019.png,11
10031.png,9
10033.png,8
10034.png,25
10036.png,11
10037.png,33
10040.png,9
10041.png,9
10044.png,9
10045.png,8
10046.png,11
10049.png,0
10058.png,3
10064.png,7
10066.png,3
10067.png,25
10070.png,25
10072.png,9
10074.png,11
10076.png,11
10083.png,3
10086.png,7
10087.png,3
10089.png,11
10090.png,25
10091.png,25
10092.png,9
10093.png,3
10095.png,3
10100.png,27
10105.png,7
10107.png,3
10109.png,25
10113.png,11
10114.png,11
10120.png,8
10124.png,30
10131.png,33
10135.png,5
10136.png,7
10143.png,9
10144.png,25
10146.png,15
10148.png,3
10152.png,15
10161.png,8
10165.png,33
10171.png,11
10178.png,15
10179.png,3
10184.png,11
10185.png,3
10187.png,19
10189.png,9
10190.png,11
10192.png,3
10195.png,3
10196.png,33
10200.png,33
10202.png,15
10207.png,7
10219.png,11
10221.png,8
10222.png,15
10227.png,11
10228.png,9
10235.png,8
10239.png,11
10241.png,9
10244.png,7
10245.png,25
10247.png,7
10250.png,41
10257.png,8
10260.png,15
10261.png,7
10262.png,9
10267.png,7
10274.png,33
10279.png,9
10280.png,8
10281.png,37
10285.png,25
10286.png,9
10292.png,41
10293.png,33
10299.png,8
10300.png,7
10305.png,8
10312.png,15
10313.png,9
10314.png,33
10317.png,7
10321.png,9
10322.png,7
10323.png,7
10326.png,33
10327.png,15
10329.png,8
10337.png,11
10339.png,8
10341.png,33
10342.png,9
10343.png,33
10344.png,33
10345.png,9
10346.png,8
10350.png,15
10351.png,11
10356.png,7
10357.png,3
10367.png,27
10368.png,9
10372.png,9
10373.png,25
10376.png,15
10381.png,0
10382.png,25
10383.png,33
10384.png,9
10385.png,11
10386.png,11
10389.png,33
10400.png,7
10404.png,7
10406.png,0
10407.png,25
10414.png,37
10416.png,32
10417.png,32
10419.png,41
10423.png,25
10427.png,8
10428.png,9
10431.png,25
10434.png,9
10437.png,25
10441.png,8
10442.png,25
10445.png,25
10448.png,11
10449.png,3
10452.png,9
10456.png,9
10458.png,7
10464.png,8
10468.png,8
10481.png,25
10483.png,25
10486.png,7
10490.png,8
10497.png,3
10498.png,3
10504.png,9
10505.png,3
10508.png,3
10514.png,9
10516.png,7
10517.png,15
10518.png,32
10523.png,3
10524.png,25
10525.png,8
10531.png,9
10533.png,11
10535.png,25
10536.png,0
10538.png,15
10541.png,11
10550.png,9
10553.png,25
10555.png,3
10557.png,11
10566.png,11
10567.png,8
10568.png,8
10570.png,11
10579.png,25
10587.png,11
10592.png,25
10595.png,7
10596.png,25
10604.png,25
10605.png,9
10607.png,3
10608.png,8
10610.png,33
10616.png,11
10618.png,9
10620.png,3
10625.png,9
10626.png,9
10627.png,11
10628.png,8
10629.png,3
10634.png,9
10639.png,8
10647.png,3
10655.png,25
10658.png,25
10667.png,7
10669.png,25
10675.png,25
10680.png,3
10681.png,11
10682.png,25
10685.png,11
10686.png,25
10693.png,8
10698.png,41
10699.png,25
10701.png,9
10703.png,8
10716.png,25
10726.png,3
10731.png,33
10736.png,25
10739.png,15
10740.png,8
10744.png,3
10745.png,32
10747.png,7
10755.png,15
10759.png,25
10763.png,11
10773.png,9
10783.png,7
10785.png,33
10788.png,8
10791.png,7
10792.png,9
10793.png,9
10795.png,11
10798.png,3
10799.png,33
10801.png,8
10804.png,9
10806.png,33
10807.png,3
10818.png,11
10819.png,9
10820.png,7
10824.png,25
10826.png,7
10831.png,3
10836.png,15
10838.png,3
10840.png,11
10842.png,3
10852.png,11
10854.png,8
10856.png,25
10857.png,3
10861.png,11
10863.png,11
10864.png,3
10865.png,11
10866.png,25
10867.png,9
10873.png,9
10876.png,9
10878.png,27
10881.png,3
10889.png,9
10891.png,7
10892.png,41
10893.png,25
10896.png,15
10897.png,3
10902.png,3
10904.png,8
10910.png,41
10913.png,11
10914.png,15
10915.png,3
10925.png,3
10929.png,7
10933.png,11
10937.png,8
10943.png,9
10944.png,8
10945.png,25
10948.png,11
10949.png,11
10958.png,3
10965.png,3
10966.png,8
10980.png,37
10984.png,7
10988.png,3
10990.png,15
10991.png,3
10994.png,3
11000.png,7
11001.png,8
11002.png,19
11003.png,9
11007.png,7
11014.png,9
11015.png,8
11016.png,3
11017.png,8
11019.png,11
11020.png,33
11022.png,11
11023.png,8
11027.png,3
11029.png,25
11030.png,7
11031.png,7
11034.png,25
11036.png,25
11037.png,9
11039.png,11
11042.png,25
11045.png,19
11046.png,3
11050.png,11
11051.png,7
11058.png,7
11059.png,9
11062.png,8
11066.png,3
11071.png,9
11075.png,7
11078.png,7
11082.png,8
11085.png,15
11086.png,37
11088.png,8
11101.png,11
11111.png,3
11112.png,3
11115.png,37
11122.png,3
11129.png,15
11135.png,9
11138.png,7
11144.png,11
11145.png,8
11146.png,32
11150.png,33
11155.png,3
11162.png,11
11163.png,7
11168.png,33
11169.png,8
11180.png,9
11181.png,9
11182.png,11
11184.png,3
11186.png,8
11188.png,7
11199.png,9
11201.png,41
11202.png,3
11203.png,11
11204.png,3
11205.png,15
11207.png,32
11210.png,8
11213.png,3
11218.png,11
11222.png,7
11227.png,7
11230.png,32
11232.png,33
11238.png,8
11243.png,11
11249.png,8
11250.png,7
11255.png,3
11258.png,8
11260.png,9
11261.png,41
11268.png,11
11269.png,7
11270.png,8
11276.png,9
11285.png,7
11290.png,7
11302.png,7
11303.png,11
11308.png,32
11309.png,7
11310.png,8
11312.png,11
11321.png,11
11329.png,7
11332.png,11
11343.png,7
11346.png,3
11354.png,15
11361.png,8
11364.png,15
11366.png,27
11383.png,7
11396.png,11
11397.png,8
11399.png,3
11414.png,41
11415.png,27
11417.png,3
11418.png,11
11423.png,7
11442.png,3
11444.png,8
11447.png,15
11449.png,11
11450.png,19
11453.png,19
11460.png,8
11465.png,8
11471.png,8
11481.png,32
11485.png,33
11486.png,11
11487.png,3
11489.png,3
11497.png,41
11498.png,15
11508.png,8
11516.png,19
11518.png,37
11524.png,8
11527.png,33
11532.png,11
11534.png,7
11544.png,33
11547.png,37
11549.png,11
11556.png,8
11559.png,8
11570.png,15
11571.png,33
11572.png,8
11600.png,8
11606.png,7
11608.png,7
11610.png,7
11618.png,7
11619.png,8
11629.png,7
11630.png,8
11631.png,7
11637.png,3
11639.png,33
11641.png,15
11648.png,15
11649.png,11
11650.png,3
11654.png,11
11662.png,37
11663.png,7
11670.png,11
11675.png,3
11676.png,3
11682.png,7
11684.png,7
11691.png,3
11692.png,3
11705.png,33
11708.png,3
11710.png,33
11713.png,8
11718.png,0
11724.png,3
11727.png,33
11731.png,11
11735.png,15
11740.png,8
11742.png,8
11752.png,8
11753.png,3
11761.png,3
11766.png,3
11771.png,0
11778.png,3
11779.png,3
11789.png,11
11790.png,0
11791.png,8
11792.png,8
11798.png,3
11801.png,11
11804.png,0
11806.png,8
11808.png,19
11810.png,33
11812.png,0
11814.png,8
11827.png,33
11846.png,15
11847.png,33
11848.png,33
11851.png,27
11858.png,33
11863.png,11
11873.png,0
11882.png,8
11887.png,3
11889.png,41
11902.png,15
11917.png,3
11924.png,3
11928.png,11
11931.png,33
11938.png,3
11951.png,3
11952.png,3
11967.png,11
11988.png,3
11990.png,11
11993.png,11
12001.png,3
12011.png,3
12021.png,15
12056.png,3
12057.png,41
12060.png,37
12062.png,33
12076.png,37
12089.png,3
12093.png,33
12105.png,19
12109.png,11
12121.png,15
12127.png,32
12162.png,15
12186.png,11
12210.png,11
12223.png,19
12235.png,11
12243.png,15
12248.png,15
12291.png,11
12293.png,19
12330.png,15
12341.png,37
12342.png,11
12345.png,19
12349.png,37
12352.png,33
12362.png,11
12374.png,30
12380.png,33
12382.png,11
12385.png,11
12386.png,15
12407.png,41
12422.png,11
12423.png,41
12432.png,33
12441.png,15
12448.png,15
12454.png,32
12456.png,33
12478.png,19
12496.png,33
12498.png,32
12511.png,33
12517.png,15
12524.png,33
12527.png,15
12528.png,33
12569.png,30
12572.png,15
12577.png,11
12584.png,11
12611.png,11
12614.png,0
12626.png,33
